"TABLE_NAME","COLUMN_NAME","ORDINAL_POSITION","COLUMN_DEFAULT","IS_NULLABLE","DATA_TYPE","COLUMN_TYPE","COLUMN_KEY"
_schema_data_version,installed_rank,1,,NO,int,int,PRI
_schema_data_version,version,2,,YES,varchar,varchar(50),""
_schema_data_version,description,3,,NO,varchar,varchar(200),""
_schema_data_version,type,4,,NO,varchar,varchar(20),""
_schema_data_version,script,5,,NO,varchar,varchar(1000),""
_schema_data_version,checksum,6,,YES,int,int,""
_schema_data_version,installed_by,7,,NO,varchar,varchar(100),""
_schema_data_version,installed_on,8,CURRENT_TIMESTAMP,NO,timestamp,timestamp,""
_schema_data_version,execution_time,9,,NO,int,int,""
_schema_data_version,success,10,,NO,tinyint,tinyint(1),MUL
_tmpmemgroupextractinclude,memGroupID,1,"0",NO,bigint,bigint,PRI
_tmpmemgroupextractinclude,changeDateTime,2,"0000-00-00 00:00:00.000",NO,timestamp,timestamp(3),MUL
_tmpmemgroupextractinclude,changeUserID,3,,YES,varchar,varchar(20),""
activemgcaffiloptview,memGroupID,1,,YES,bigint,bigint,""
activemgcaffiloptview,memGroupContractID,2,,YES,bigint,bigint,""
activemgcaffiloptview,memGroupContractOptID,3,,YES,bigint,bigint,""
activemgcaffiloptview,memGroupContractAffilOptID,4,,NO,bigint,bigint,""
activemgcaffiloptview,lastRetroTagDate,5,,YES,date,date,""
aslactivememgrpcontractoptview,memGroupContractOptID,1,"0",NO,bigint,bigint,""
billgroup,billGroupID,1,,NO,bigint,bigint,PRI
billgroup,memGroupID,2,,YES,bigint,bigint,MUL
billgroup,description,3,,YES,varchar,varchar(2000),""
billgroup,deleteInd,4,,YES,smallint,smallint,""
billgroup,billGroupReferenceID,5,,YES,bigint,bigint,MUL
billgroup,changeDateTime,6,"0000-00-00 00:00:00.000",NO,timestamp,timestamp(3),MUL
billgroup,changeUserID,7,,YES,varchar,varchar(20),""
billgroup,createDateTime,8,"0000-00-00 00:00:00.000",NO,timestamp,timestamp(3),""
billgroup,createUserID,9,,YES,varchar,varchar(20),""
billgroup,updateVersion,10,,YES,int,int,""
billgroupauditdetail,auditDetailID,1,,NO,bigint,bigint,PRI
billgroupauditdetail,auditText,2,,YES,varchar,varchar(4000),""
billgroupauditdetail,billGroupID,3,,YES,bigint,bigint,""
billgroupauditdetail,tableName,4,,YES,varchar,varchar(32),""
billgroupauditdetail,createDateTime,5,"0000-00-00 00:00:00.000",NO,timestamp,timestamp(3),""
billgroupauditdetail,createUserID,6,,YES,varchar,varchar(20),""
billgroupauditdetail,changeDateTime,7,"0000-00-00 00:00:00.000",NO,timestamp,timestamp(3),MUL
billgroupauditdetail,changeUserID,8,,YES,varchar,varchar(20),""
billgroupauditdetail,updateVersion,9,,YES,int,int,""
billgroupauditdetail,memGroupID,10,,YES,bigint,bigint,""
billgroupdtl,billGroupDtlID,1,,NO,bigint,bigint,PRI
billgroupdtl,billGroupID,2,,YES,bigint,bigint,MUL
billgroupdtl,memGroupID,3,,YES,bigint,bigint,MUL
billgroupdtl,effectiveDate,4,,YES,date,date,""
billgroupdtl,expirationDate,5,,YES,date,date,""
billgroupdtl,selfBilledInd,6,,YES,smallint,smallint,""
billgroupdtl,deleteInd,7,,YES,smallint,smallint,""
billgroupdtl,usePopForBillGroupDefInd,8,,YES,smallint,smallint,""
billgroupdtl,useBillItemForInvDefInd,9,,YES,smallint,smallint,""
billgroupdtl,changeDateTime,10,"0000-00-00 00:00:00.000",NO,timestamp,timestamp(3),MUL
billgroupdtl,changeUserID,11,,YES,varchar,varchar(20),""
billgroupdtl,createDateTime,12,"0000-00-00 00:00:00.000",NO,timestamp,timestamp(3),""
billgroupdtl,createUserID,13,,YES,varchar,varchar(20),""
billgroupdtl,updateVersion,14,,YES,int,int,""
billgroupdtlcontractopttype,billGroupDtlContractOptTypeID,1,,NO,bigint,bigint,PRI
billgroupdtlcontractopttype,billGroupDtlID,2,,YES,bigint,bigint,MUL
billgroupdtlcontractopttype,contractOptType,3,,YES,varchar,varchar(2),""
billgroupdtlcontractopttype,productType,4,,YES,varchar,varchar(2),""
billgroupdtlcontractopttype,changeDateTime,5,"0000-00-00 00:00:00.000",NO,timestamp,timestamp(3),MUL
billgroupdtlcontractopttype,changeUserID,6,,YES,varchar,varchar(20),""
billgroupdtlcontractopttype,createDateTime,7,"0000-00-00 00:00:00.000",NO,timestamp,timestamp(3),""
billgroupdtlcontractopttype,createUserID,8,,YES,varchar,varchar(20),""
billgroupdtlcontractopttype,updateVersion,9,,YES,int,int,""
billgroupdtlcontractopttype,billGroupID,10,,YES,bigint,bigint,MUL
billgroupdtlcontractopttype,memGroupID,11,,YES,bigint,bigint,""
billgroupdtlcontractopttype,deleteInd,12,"0",YES,smallint,smallint,""
billgroupdtlextgetcspapiview,billGroupID,1,,NO,bigint,bigint,""
billgroupdtlextgetcspapiview,memGroupID,2,,YES,bigint,bigint,""
billgroupdtlextgetcspapiview,description,3,,YES,varchar,varchar(2000),""
billgroupdtlextgetcspapiview,billGroupReferenceID,4,,YES,bigint,bigint,""
billgroupdtlextgetcspapiview,effectiveDate,5,,YES,date,date,""
billgroupdtlextgetcspapiview,expirationDate,6,,YES,date,date,""
billgroupdtlinv,billGroupDtlInvID,1,,NO,bigint,bigint,PRI
billgroupdtlinv,billGroupID,2,,YES,bigint,bigint,MUL
billgroupdtlinv,billGroupDtlID,3,,YES,bigint,bigint,MUL
billgroupdtlinv,description,4,,YES,varchar,varchar(2000),""
billgroupdtlinv,invoicePeriodStartDay,5,,YES,varchar,varchar(2),""
billgroupdtlinv,invoiceFrequencyType,6,,YES,varchar,varchar(2),""
billgroupdtlinv,invoiceFrequencyStartMonth,7,,YES,char,char(2),""
billgroupdtlinv,deleteInd,8,,YES,smallint,smallint,""
billgroupdtlinv,eligibilityInvInd,9,,YES,smallint,smallint,""
billgroupdtlinv,nonEligibilityInvInd,10,,YES,smallint,smallint,""
billgroupdtlinv,changeDateTime,11,"0000-00-00 00:00:00.000",NO,timestamp,timestamp(3),MUL
billgroupdtlinv,changeUserID,12,,YES,varchar,varchar(20),""
billgroupdtlinv,createDateTime,13,"0000-00-00 00:00:00.000",NO,timestamp,timestamp(3),""
billgroupdtlinv,createUserID,14,,YES,varchar,varchar(20),""
billgroupdtlinv,updateVersion,15,,YES,int,int,""
billgroupdtlinv,memGroupID,16,,YES,bigint,bigint,""
billgroupdtlinvbillitem,billGroupDtlInvBillItemID,1,,NO,bigint,bigint,PRI
billgroupdtlinvbillitem,billGroupID,2,,YES,bigint,bigint,MUL
billgroupdtlinvbillitem,billGroupDtlID,3,,YES,bigint,bigint,MUL
billgroupdtlinvbillitem,billGroupDtlInvID,4,,YES,bigint,bigint,MUL
billgroupdtlinvbillitem,billItemType,5,,YES,varchar,varchar(30),""
billgroupdtlinvbillitem,deleteInd,6,,YES,smallint,smallint,""
billgroupdtlinvbillitem,effectiveDate,7,,YES,date,date,""
billgroupdtlinvbillitem,expirationDate,8,,YES,date,date,""
billgroupdtlinvbillitem,changeDateTime,9,"0000-00-00 00:00:00.000",NO,timestamp,timestamp(3),MUL
billgroupdtlinvbillitem,changeUserID,10,,YES,varchar,varchar(20),""
billgroupdtlinvbillitem,createDateTime,11,"0000-00-00 00:00:00.000",NO,timestamp,timestamp(3),""
billgroupdtlinvbillitem,createUserID,12,,YES,varchar,varchar(20),""
billgroupdtlinvbillitem,updateVersion,13,,YES,int,int,""
billgroupdtlinvbillitem,memGroupID,14,,YES,bigint,bigint,""
billgroupdtlinvsetting,billGroupDtlInvSettingID,1,,NO,bigint,bigint,PRI
billgroupdtlinvsetting,billGroupID,2,,YES,bigint,bigint,MUL
billgroupdtlinvsetting,billGroupDtlID,3,,YES,bigint,bigint,MUL
billgroupdtlinvsetting,billGroupDtlInvID,4,,YES,bigint,bigint,MUL
billgroupdtlinvsetting,payArrgmtOverrideDuration,5,,YES,smallint,smallint,""
billgroupdtlinvsetting,payArrgmtOverrideDurationType,6,,YES,varchar,varchar(1),""
billgroupdtlinvsetting,invoiceGenerationDay,7,,YES,smallint,smallint,""
billgroupdtlinvsetting,eligibilityInvoiceType,8,,YES,varchar,varchar(2),""
billgroupdtlinvsetting,nonEligibilityInvoiceType,9,,YES,varchar,varchar(2),""
billgroupdtlinvsetting,effectiveDate,10,,YES,date,date,""
billgroupdtlinvsetting,expirationDate,11,,YES,date,date,""
billgroupdtlinvsetting,languagePreferenceCode,12,,YES,varchar,varchar(4),""
billgroupdtlinvsetting,eligibilityInvoiceSummaryType,13,,YES,varchar,varchar(2),""
billgroupdtlinvsetting,eligibilityInvoiceSortType,14,,YES,varchar,varchar(2),""
billgroupdtlinvsetting,invoiceRoutingMethod,15,,YES,varchar,varchar(2),""
billgroupdtlinvsetting,invoiceRunNonBusinessDayAction,16,,YES,varchar,varchar(2),""
billgroupdtlinvsetting,memGroupContactID,17,,YES,bigint,bigint,""
billgroupdtlinvsetting,memGroupContactAddressID,18,,YES,bigint,bigint,""
billgroupdtlinvsetting,memGroupContactElectronicComID,19,,YES,bigint,bigint,""
billgroupdtlinvsetting,memGroupContactPhoneID,20,,YES,bigint,bigint,""
billgroupdtlinvsetting,deleteInd,21,,YES,smallint,smallint,""
billgroupdtlinvsetting,prefMonthlyPaymentMethodType,22,,YES,varchar,varchar(2),""
billgroupdtlinvsetting,changeDateTime,23,"0000-00-00 00:00:00.000",NO,timestamp,timestamp(3),MUL
billgroupdtlinvsetting,changeUserID,24,,YES,varchar,varchar(20),""
billgroupdtlinvsetting,createDateTime,25,"0000-00-00 00:00:00.000",NO,timestamp,timestamp(3),""
billgroupdtlinvsetting,createUserID,26,,YES,varchar,varchar(20),""
billgroupdtlinvsetting,updateVersion,27,,YES,int,int,""
billgroupdtlinvsetting,memGroupID,28,,YES,bigint,bigint,""
billgroupdtlinvsetting,selfHeadCountInvoiceInd,29,"0",YES,smallint,smallint,""
billgroupdtlinvsetting,invoiceMemberIdAttributeType,30,,YES,varchar,varchar(2),""
billgroupdtlinvsetting,invoiceMemberIdAttributeRefCd,31,,YES,varchar,varchar(60),""
billgroupdtlinvsettingsort,billGroupDtlInvSettingSortID,1,,NO,bigint,bigint,PRI
billgroupdtlinvsettingsort,billGroupID,2,,YES,bigint,bigint,MUL
billgroupdtlinvsettingsort,billGroupDtlID,3,,YES,bigint,bigint,MUL
billgroupdtlinvsettingsort,billGroupDtlInvID,4,,YES,bigint,bigint,MUL
billgroupdtlinvsettingsort,billGroupDtlInvSettingID,5,,YES,bigint,bigint,MUL
billgroupdtlinvsettingsort,processOrderNumber,6,,YES,int,int,""
billgroupdtlinvsettingsort,billGroupSortType,7,,YES,varchar,varchar(2),""
billgroupdtlinvsettingsort,billGroupSortOrder,8,,YES,varchar,varchar(2),""
billgroupdtlinvsettingsort,memberAttributeName,9,,YES,varchar,varchar(50),""
billgroupdtlinvsettingsort,memberCustomAttributeName,10,,YES,varchar,varchar(60),""
billgroupdtlinvsettingsort,memGroupCustomAttributeID,11,,YES,bigint,bigint,""
billgroupdtlinvsettingsort,deleteInd,12,,YES,smallint,smallint,""
billgroupdtlinvsettingsort,changeDateTime,13,"0000-00-00 00:00:00.000",NO,timestamp,timestamp(3),MUL
billgroupdtlinvsettingsort,changeUserID,14,,YES,varchar,varchar(20),""
billgroupdtlinvsettingsort,createDateTime,15,"0000-00-00 00:00:00.000",NO,timestamp,timestamp(3),""
billgroupdtlinvsettingsort,createUserID,16,,YES,varchar,varchar(20),""
billgroupdtlinvsettingsort,updateVersion,17,,YES,int,int,""
billgroupdtlinvsettingsort,memGroupID,18,,YES,bigint,bigint,""
billgroupdtlinvsettingsummary,billGroupDtlInvSettingSummaryID,1,,NO,bigint,bigint,PRI
billgroupdtlinvsettingsummary,billGroupID,2,,YES,bigint,bigint,MUL
billgroupdtlinvsettingsummary,billGroupDtlID,3,,YES,bigint,bigint,MUL
billgroupdtlinvsettingsummary,billGroupDtlInvID,4,,YES,bigint,bigint,MUL
billgroupdtlinvsettingsummary,billGroupDtlInvSettingID,5,,YES,bigint,bigint,MUL
billgroupdtlinvsettingsummary,processOrderNumber,6,,YES,int,int,""
billgroupdtlinvsettingsummary,billGroupSummaryType,7,,YES,varchar,varchar(2),""
billgroupdtlinvsettingsummary,deleteInd,8,,YES,smallint,smallint,""
billgroupdtlinvsettingsummary,memberAttributeName,9,,YES,varchar,varchar(50),""
billgroupdtlinvsettingsummary,memberCustomAttributeName,10,,YES,varchar,varchar(60),""
billgroupdtlinvsettingsummary,memGroupCustomAttributeID,11,,YES,bigint,bigint,""
billgroupdtlinvsettingsummary,changeDateTime,12,"0000-00-00 00:00:00.000",NO,timestamp,timestamp(3),MUL
billgroupdtlinvsettingsummary,changeUserID,13,,YES,varchar,varchar(20),""
billgroupdtlinvsettingsummary,createDateTime,14,"0000-00-00 00:00:00.000",NO,timestamp,timestamp(3),""
billgroupdtlinvsettingsummary,createUserID,15,,YES,varchar,varchar(20),""
billgroupdtlinvsettingsummary,updateVersion,16,,YES,int,int,""
billgroupdtlinvsettingsummary,memGroupID,17,,YES,bigint,bigint,""
billgroupdtlpopulation,billGroupDtlPopulationID,1,,NO,bigint,bigint,PRI
billgroupdtlpopulation,billGroupID,2,,YES,bigint,bigint,MUL
billgroupdtlpopulation,billGroupDtlID,3,,YES,bigint,bigint,MUL
billgroupdtlpopulation,memGroupPopulationID,4,,YES,bigint,bigint,""
billgroupdtlpopulation,effectiveDate,5,,YES,date,date,""
billgroupdtlpopulation,expirationDate,6,,YES,date,date,""
billgroupdtlpopulation,deleteInd,7,,YES,smallint,smallint,""
billgroupdtlpopulation,changeDateTime,8,"0000-00-00 00:00:00.000",NO,timestamp,timestamp(3),MUL
billgroupdtlpopulation,changeUserID,9,,YES,varchar,varchar(20),""
billgroupdtlpopulation,createDateTime,10,"0000-00-00 00:00:00.000",NO,timestamp,timestamp(3),""
billgroupdtlpopulation,createUserID,11,,YES,varchar,varchar(20),""
billgroupdtlpopulation,updateVersion,12,,YES,int,int,""
billgroupdtlpopulation,memGroupID,13,,YES,bigint,bigint,""
billgroupextidentifier,billGroupExtIdentifierID,1,,NO,bigint,bigint,PRI
billgroupextidentifier,billGroupID,2,,YES,bigint,bigint,MUL
billgroupextidentifier,memGroupID,3,,YES,bigint,bigint,""
billgroupextidentifier,originalSourceSystemType,4,,YES,varchar,varchar(4),""
billgroupextidentifier,originalSourceSystemID,5,,YES,varchar,varchar(80),""
billgroupextidentifier,effectiveDate,6,,YES,date,date,""
billgroupextidentifier,expirationDate,7,,YES,date,date,""
billgroupextidentifier,deleteInd,8,,YES,smallint,smallint,""
billgroupextidentifier,changeDateTime,9,"0000-00-00 00:00:00.000",NO,timestamp,timestamp(3),MUL
billgroupextidentifier,changeUserID,10,,YES,varchar,varchar(20),""
billgroupextidentifier,createDateTime,11,"0000-00-00 00:00:00.000",NO,timestamp,timestamp(3),""
billgroupextidentifier,createUserID,12,,YES,varchar,varchar(20),""
billgroupextidentifier,updateVersion,13,,YES,int,int,""
billgroupextidentifiervw,description,1,,YES,varchar,varchar(2000),""
billgroupextidentifiervw,memGroupID,2,,YES,bigint,bigint,""
billgroupextidentifiervw,billGroupID,3,,NO,bigint,bigint,""
billgroupextidentifiervw,memGroupName,4,,YES,varchar,varchar(120),""
billgroupextidentifiervw,effectiveDate,5,,YES,date,date,""
billgroupextidentifiervw,expirationDate,6,,YES,date,date,""
billgroupextidentifiervw,billGroupReferenceID,7,,YES,bigint,bigint,""
billgroupextidentifiervw,billGroupExtIdentifierID,8,,YES,bigint,bigint,""
billgroupextidentifiervw,originalSourceSystemID,9,,YES,varchar,varchar(80),""
billgroupextidentifiervw,originalSourceSystemType,10,,YES,varchar,varchar(4),""
billgroupextidentifiervw,billGroupDeleteInd,11,,YES,smallint,smallint,""
billgroupextidentifiervw,billGroupExtDeleteInd,12,"0",NO,bigint,bigint,""
billgroupextidentifiervw,contractOptType,13,,YES,varchar,varchar(2),""
billgroupextidentifiervw,bgDtlEffectiveDate,14,,YES,date,date,""
billgroupextidentifiervw,bgDtlExpirationDate,15,,YES,date,date,""
billgroupextidentifiervw,bgDtlDeleteInd,16,,YES,smallint,smallint,""
chkpoint,id,1,,NO,varchar,varchar(100),PRI
chkpoint,sourceposition,2,,YES,blob,blob,""
chkpoint,pendingddl,3,,YES,bit,bit(1),""
chkpoint,ddl,4,,YES,longtext,longtext,""
eventlogmembergroup,eventLogID,1,,NO,bigint,bigint,PRI
eventlogmembergroup,eventName,2,,YES,varchar,varchar(300),""
eventlogmembergroup,payload,3,,YES,varchar,varchar(4000),""
eventlogmembergroup,eventStatus,4,,YES,varchar,varchar(100),MUL
eventlogmembergroup,abandonedInd,5,,YES,smallint,smallint,MUL
eventlogmembergroup,transID,6,,YES,varchar,varchar(80),MUL
eventlogmembergroup,previousEventLogID,7,,YES,bigint,bigint,""
eventlogmembergroup,nextEventLogID,8,,YES,bigint,bigint,""
eventlogmembergroup,attemptsToProcessCount,9,,YES,int,int,""
eventlogmembergroup,changeDateTime,10,"0000-00-00 00:00:00.000",NO,timestamp,timestamp(3),MUL
eventlogmembergroup,changeUserID,11,,YES,varchar,varchar(20),""
eventlogmembergroup,createDateTime,12,"0000-00-00 00:00:00.000",NO,timestamp,timestamp(3),MUL
eventlogmembergroup,createUserID,13,,YES,varchar,varchar(20),""
eventlogmembergroup,updateVersion,14,,YES,int,int,""
ewdviewv4,memGroupID,1,,YES,bigint,bigint,""
ewdviewv4,dentalEwd,2,"",NO,varchar,varchar(1),""
ewdviewv4,visionEwd,3,"",NO,varchar,varchar(1),""
joinmembergroupextmemgroupid,memGroupID,1,"0",NO,bigint,bigint,""
joinmembergroupextmemgroupid,memGroupName,2,,YES,varchar,varchar(120),""
joinmembergroupextmemgroupid,memGroupExternalIDID,3,"0",YES,bigint,bigint,""
joinmemgroupcontractextidview,memGroupContractID,1,"0",NO,bigint,bigint,""
joinmemgroupcontractextidview,memGroupID,2,,YES,bigint,bigint,""
joinmemgroupcontractextidview,memGrpContractExtID,3,,YES,varchar,varchar(80),""
joinmemgroupcontractextidview,effectiveDate,4,,YES,date,date,""
joinmemgroupcontractextidview,expirationDate,5,,YES,date,date,""
joinmemgroupcontractview,memGroupContractID,1,"0",YES,bigint,bigint,""
joinmemgroupcontractview,memGroupID,2,"0",NO,bigint,bigint,""
joinmemgroupcontractview,effectiveDate,3,,YES,date,date,""
joinmemgroupcontractview,expirationDate,4,,YES,date,date,""
joinmemgroupcontractview,logicalDeleteReason,5,,YES,varchar,varchar(3),""
joinmemgroupexttin,memGroupID,1,"0",NO,bigint,bigint,""
joinmemgroupexttin,memGroupName,2,,YES,varchar,varchar(120),""
joinmemgroupexttin,originalSourceSystemID,3,,YES,varchar,varchar(80),""
joinmemgroupexttin,memGroupTIN,4,,YES,varchar,varchar(9),""
joinmemgroupexttin,memGroupTINType,5,,YES,varchar,varchar(2),""
ledgerasltransactionstatus,ledgerAslTransactionID,1,,NO,bigint,bigint,PRI
ledgerasltransactionstatus,memGroupContractOptID,2,,YES,bigint,bigint,MUL
ledgerasltransactionstatus,transactionID,3,,YES,varchar,varchar(255),""
ledgerasltransactionstatus,aslTransactionStatus,4,,YES,varchar,varchar(15),""
ledgerasltransactionstatus,aslPayload,5,,YES,varchar,varchar(400),""
ledgerasltransactionstatus,ledgerStatus,6,,YES,varchar,varchar(19),""
ledgerasltransactionstatus,payloadURL,7,,YES,varchar,varchar(200),""
ledgerasltransactionstatus,changeDateTime,8,"0000-00-00 00:00:00.000",NO,timestamp,timestamp(3),MUL
ledgerasltransactionstatus,changeUserID,9,,YES,varchar,varchar(20),""
ledgerasltransactionstatus,createDateTime,10,"0000-00-00 00:00:00.000",NO,timestamp,timestamp(3),""
ledgerasltransactionstatus,createUserID,11,,YES,varchar,varchar(20),""
ledgerasltransactionstatus,updateVersion,12,,YES,int,int,""
levelfundedactivecontractoptvw,memGroupID,1,,YES,bigint,bigint,""
levelfundedactivecontractoptvw,memGroupContractID,2,,YES,bigint,bigint,""
levelfundedactivecontractoptvw,memGroupContractOptID,3,"0",NO,bigint,bigint,""
levelfundedactivecontractoptvw,contractOptID,4,,YES,bigint,bigint,""
levelfundedactivecontractoptvw,effectiveDate,5,,YES,date,date,""
levelfundedactivecontractoptvw,expirationDate,6,,YES,date,date,""
levelfundedactivecontractoptvw,priorExpirationDate,7,,YES,date,date,""
membenfaccumhubextractviewcirr,medPolNbr,1,,YES,bigint,bigint,""
membenfaccumhubextractviewcirr,earlyServiceDate,2,,YES,varchar,varchar(10),""
membenfaccumhubextractviewcirr,lastServiceDate,3,,YES,varchar,varchar(10),""
membenfaccumhubextractviewcirr,planOptionID,4,,YES,varchar,varchar(8),""
membenfaccumhubextractviewcirr,accumPerType,5,"",NO,varchar,varchar(1),""
membenfaccumhubextractviewcirr,memGroupContractID,6,,YES,bigint,bigint,""
membenfaccumhubextractviewopul,medPolNbr,1,,YES,varchar,varchar(80),""
membenfaccumhubextractviewopul,earlyServiceDate,2,,YES,varchar,varchar(10),""
membenfaccumhubextractviewopul,lastServiceDate,3,,YES,varchar,varchar(10),""
membenfaccumhubextractviewopul,planOptionID,4,,YES,varchar,varchar(8),""
membenfaccumhubextractviewopul,originalSourceSystemID,5,,YES,varchar,varchar(80),""
membenfaccumhubextractviewopul,accumPerType,6,"",NO,varchar,varchar(1),""
membenfaccumhubextractviewopul,memGroupContractID,7,,YES,bigint,bigint,""
membenfaccumhubextractviewopul,memGroupID,8,,YES,bigint,bigint,""
memberbenefitplanoptaffilview,memGroupID,1,,YES,bigint,bigint,""
memberbenefitplanoptaffilview,memGroupContractID,2,"0",NO,bigint,bigint,""
memberbenefitplanoptaffilview,memGroupContractOptID,3,,YES,bigint,bigint,""
memberbenefitplanoptaffilview,optionDescription,4,,YES,varchar,varchar(80),""
memberbenefitplanoptaffilview,memGroupContractPlanOptionID,5,"0",NO,bigint,bigint,""
memberbenefitplanoptaffilview,planOptionDescription,6,,YES,varchar,varchar(80),""
memberbenefitplanoptaffilview,memGroupPopulationID,7,,YES,bigint,bigint,""
memberbenefitplanoptaffilview,benefitBundleID,8,,YES,bigint,bigint,""
memberbenefitplanoptaffilview,benefitBundleOptionID,9,,YES,bigint,bigint,""
memberbenefitplanoptaffilview,originalSourceSystemID,10,,YES,varchar,varchar(80),""
memberbenefitplanoptaffilview,benefitBundleStandardCompID,11,,YES,bigint,bigint,""
memberbenefitplanoptaffilview,effectiveDate,12,,YES,date,date,""
memberbenefitplanoptaffilview,expirationDate,13,,YES,date,date,""
memberbenefitplanoptaffilview,participationType,14,,YES,varchar,varchar(1),""
memberbenefitplanoptaffilview,planComponentType,15,"",NO,varchar,varchar(11),""
memberbenefitplanoptaffilview,planOptionID,16,,YES,varchar,varchar(8),""
memberbenefitplanoptaffilview,contractOptType,17,,YES,varchar,varchar(2),""
memberbenefitplanoptaffilview,finProtectPlanCodeID,18,,YES,varchar,varchar(30),""
memberbenefitplanoptaffilview,relationshipLimitSchedID,19,,YES,varchar,varchar(40),""
memberbenefitplanoptaffilview,relGenderType,20,,YES,varchar,varchar(2),""
memberbenefitplanoptaffilview,ageReductionSchedID,21,,YES,varchar,varchar(40),""
memberbenefitplanoptaffilview,ageReductionEffectiveDateType,22,,YES,varchar,varchar(3),""
memberbenefitplanoptaffilview,guaranteeIssueAmount,23,,YES,decimal,"decimal(14,2)",""
memberbenefitplanoptaffilview,finProtectPlanName,24,,YES,varchar,varchar(80),""
memberbenefitplanoptaffilview,finProtectPlanType,25,,YES,varchar,varchar(2),""
memberbenefitplanoptaffilview,subContractOptInd,26,,YES,smallint,smallint,""
memberbenefitplanoptafflviewsh,memGroupID,1,,YES,bigint,bigint,""
memberbenefitplanoptafflviewsh,memGroupContractID,2,"0",NO,bigint,bigint,""
memberbenefitplanoptafflviewsh,memGroupContractOptID,3,,YES,bigint,bigint,""
memberbenefitplanoptafflviewsh,optionDescription,4,,YES,varchar,varchar(80),""
memberbenefitplanoptafflviewsh,effectiveDate,5,,YES,date,date,""
memberbenefitplanoptafflviewsh,expirationDate,6,,YES,date,date,""
memberbenefitplanoptafflviewsh,participationType,7,,YES,varchar,varchar(1),""
memberbenefitplanoptafflviewsh,contractOptType,8,,YES,varchar,varchar(2),""
memberbenefitplanoptafflviewsh,subContractOptInd,9,,YES,smallint,smallint,""
membergroup_bb_fields,field_name,1,,NO,varchar,varchar(40),PRI
membergroup_bb_fields,data_type,2,,YES,varchar,varchar(50),""
membergroup_bb_fields,field_length,3,,YES,varchar,varchar(50),""
membergroup_bb_fields,field_precision,4,,YES,varchar,varchar(50),""
membergroup_bb_fields,descriptionText,5,,YES,varchar,varchar(2000),""
membergroup_bb_fields,doubleclick_uri,6,,YES,varchar,varchar(500),""
membergroup_bb_fields,doubleclick,7,,YES,varchar,varchar(500),""
membergroup_bb_fields,uppercaseonly,8,,YES,smallint,smallint,""
membergroup_bb_fields,field_xref,9,,YES,varchar,varchar(50),""
membergroup_bb_fields,createDateTime,10,"0000-00-00 00:00:00.000",NO,timestamp,timestamp(3),""
membergroup_bb_fields,createUserID,11,,YES,varchar,varchar(20),""
membergroup_bb_fields,changeDateTime,12,"0000-00-00 00:00:00.000",NO,timestamp,timestamp(3),MUL
membergroup_bb_fields,changeUserID,13,,YES,varchar,varchar(20),""
membergroup_bb_fields,updateVersion,14,,YES,int,int,""
membergroup_bb_message,propertyKey,1,,NO,varchar,varchar(100),PRI
membergroup_bb_message,propertyValue,2,,YES,varchar,varchar(1000),""
membergroup_bb_table_cache,table_name,1,,NO,varchar,varchar(30),PRI
membergroup_bb_table_cache,jmsdest,2,,NO,varchar,varchar(200),PRI
membergroup_bb_table_cache,cachesize,3,,YES,varchar,varchar(20),""
membergroup_bb_table_cache,cachetype,4,,YES,varchar,varchar(6),""
membergroup_bb_table_cache,cacheparams,5,,YES,varchar,varchar(100),""
membergroup_bb_table_cache,cachekey,6,,YES,varchar,varchar(100),""
membergroup_bb_table_fields,table_name,1,,NO,varchar,varchar(30),PRI
membergroup_bb_table_fields,field_name,2,,NO,varchar,varchar(40),PRI
membergroup_bb_table_fields,sort_num,3,,YES,varchar,varchar(50),""
membergroup_bb_table_fields,primary_key,4,,YES,smallint,smallint,""
membergroup_bb_table_fields,incremented_key,5,,YES,smallint,smallint,""
membergroup_bb_table_fields,hilo_block_size,6,,YES,int,int,""
membergroup_bb_table_fields,seq_name,7,,YES,varchar,varchar(50),""
membergroup_bb_table_fields,required,8,,YES,smallint,smallint,""
membergroup_bb_table_fields,phi,9,,YES,smallint,smallint,""
membergroup_bb_table_fields,fkey_table,10,,YES,varchar,varchar(50),""
membergroup_bb_table_fields,fkey_field,11,,YES,varchar,varchar(50),""
membergroup_bb_table_fields,encrypt,12,,YES,smallint,smallint,""
membergroup_bb_table_fields,createDateTime,13,"0000-00-00 00:00:00.000",NO,timestamp,timestamp(3),""
membergroup_bb_table_fields,createUserID,14,,YES,varchar,varchar(20),""
membergroup_bb_table_fields,changeDateTime,15,"0000-00-00 00:00:00.000",NO,timestamp,timestamp(3),MUL
membergroup_bb_table_fields,changeUserID,16,,YES,varchar,varchar(20),""
membergroup_bb_table_fields,updateVersion,17,,YES,int,int,""
membergroup_bb_table_fields,natural_key,18,,YES,smallint,smallint,""
membergroup_bb_table_fields,virtual_column_expression,19,,YES,varchar,varchar(100),""
membergroup_bb_table_fields,dbOnly,20,,YES,smallint,smallint,""
membergroup_bb_table_fields,column_default,21,,YES,varchar,varchar(100),""
membergroup_bb_table_fields,extra,22,,YES,varchar,varchar(100),""
membergroup_bb_tables,table_name,1,,NO,varchar,varchar(30),PRI
membergroup_bb_tables,descriptionText,2,,YES,varchar,varchar(2000),""
membergroup_bb_tables,voclass,3,,YES,varchar,varchar(200),""
membergroup_bb_tables,daoclass,4,,YES,varchar,varchar(100),""
membergroup_bb_tables,daoclassimpl,5,,YES,varchar,varchar(1000),""
membergroup_bb_tables,auditnotestable,6,,YES,varchar,varchar(50),""
membergroup_bb_tables,view_indicator,7,,YES,smallint,smallint,""
membergroup_bb_tables,virtual_indicator,8,,YES,smallint,smallint,""
membergroup_bb_tables,under_construction,9,,YES,smallint,smallint,""
membergroup_bb_tables,secured,10,,YES,smallint,smallint,""
membergroup_bb_tables,logHistory,11,,YES,smallint,smallint,""
membergroup_bb_tables,num_pk_index_partitions,12,,YES,int,int,""
membergroup_bb_tables,dbOnly,13,,YES,smallint,smallint,""
membergroup_bb_tables,createDateTime,14,"0000-00-00 00:00:00.000",NO,timestamp,timestamp(3),""
membergroup_bb_tables,createUserID,15,,YES,varchar,varchar(20),""
membergroup_bb_tables,changeDateTime,16,"0000-00-00 00:00:00.000",NO,timestamp,timestamp(3),MUL
membergroup_bb_tables,changeUserID,17,,YES,varchar,varchar(20),""
membergroup_bb_tables,updateVersion,18,,YES,int,int,""
membergroup_bb_tables,fKeyAlias,19,,YES,varchar,varchar(14),""
membergroup_bb_tables,archiveTableName,20,,YES,varchar,varchar(50),""
membergroup_bb_tables,domain,21,,YES,varchar,varchar(40),""
membergroup_bb_tables,disable_changeDateTime_index,22,,YES,smallint,smallint,""
membergroup_bb_tables,row_format,23,,YES,varchar,varchar(40),""
membergroup_bb_tf_x_f,table_name,1,,NO,varchar,varchar(30),""
membergroup_bb_tf_x_f,field_name,2,,NO,varchar,varchar(40),""
membergroup_bb_tf_x_f,sort_num,3,,YES,varchar,varchar(50),""
membergroup_bb_tf_x_f,data_type,4,,YES,varchar,varchar(50),""
membergroup_bb_tf_x_f,field_length,5,,YES,varchar,varchar(50),""
membergroup_bb_tf_x_f,field_precision,6,,YES,varchar,varchar(50),""
membergroup_bb_tf_x_f,field_descriptiontext,7,,YES,varchar,varchar(2000),""
membergroup_bb_tf_x_f,uppercaseonly,8,,YES,smallint,smallint,""
membergroup_bb_tf_x_f,primary_key,9,,YES,smallint,smallint,""
membergroup_bb_tf_x_f,field_xref,10,,YES,varchar,varchar(50),""
membergroup_bb_tf_x_f,table_descriptiontext,11,,YES,varchar,varchar(2000),""
membergroup_bb_tf_x_f,table_or_view,12,"",NO,varchar,varchar(5),""
membergroup_schema_version,installed_rank,1,,NO,int,int,PRI
membergroup_schema_version,version,2,,YES,varchar,varchar(50),""
membergroup_schema_version,description,3,,NO,varchar,varchar(200),""
membergroup_schema_version,type,4,,NO,varchar,varchar(20),""
membergroup_schema_version,script,5,,NO,varchar,varchar(1000),""
membergroup_schema_version,checksum,6,,YES,int,int,""
membergroup_schema_version,installed_by,7,,NO,varchar,varchar(100),""
membergroup_schema_version,installed_on,8,CURRENT_TIMESTAMP,NO,timestamp,timestamp,""
membergroup_schema_version,execution_time,9,,NO,int,int,""
membergroup_schema_version,success,10,,NO,tinyint,tinyint(1),MUL
memgcntrctoptpopinsruleaffilvw,affilMemGroupName,1,,YES,varchar,varchar(120),""
memgcntrctoptpopinsruleaffilvw,affilMemGroupID,2,"0",YES,bigint,bigint,""
memgcntrctoptpopinsruleaffilvw,deleteInd,3,,YES,smallint,smallint,""
memgcntrctoptpopinsruleaffilvw,effectiveDate,4,,YES,date,date,""
memgcntrctoptpopinsruleaffilvw,expirationDate,5,,YES,date,date,""
memgcntrctoptpopinsruleaffilvw,guardrailScheduleID,6,,YES,bigint,bigint,""
memgcntrctoptpopinsruleaffilvw,memGroupContractID,7,,YES,bigint,bigint,""
memgcntrctoptpopinsruleaffilvw,memGroupContractOptID,8,,YES,bigint,bigint,""
memgcntrctoptpopinsruleaffilvw,memGroupContractOptPopID,9,,YES,bigint,bigint,""
memgcntrctoptpopinsruleaffilvw,memGroupContractOptPopInsRulID,10,"0",NO,bigint,bigint,""
memgcntrctoptpopinsruleaffilvw,memGroupID,11,,YES,bigint,bigint,""
memgcntrctoptpopinsruleaffilvw,newHireGuardInsRuleWaitPrdID,12,,YES,bigint,bigint,""
memgcntrctoptpopinsruleaffilvw,terminationExpirationDateType,13,,YES,varchar,varchar(3),""
memgroup,memGroupID,1,"0",NO,bigint,bigint,PRI
memgroup,memGroupName,2,,YES,varchar,varchar(120),""
memgroup,parentID,3,,YES,bigint,bigint,""
memgroup,alphaParentID,4,,YES,bigint,bigint,""
memgroup,childInd,5,,YES,smallint,smallint,""
memgroup,industryClassCode,6,,YES,char,char(6),""
memgroup,industryClassCodeType,7,,YES,char,char(2),""
memgroup,collectEmpDataInd,8,,YES,smallint,smallint,""
memgroup,claimRolloverInd,9,,YES,smallint,smallint,""
memgroup,organizationType,10,,YES,char,char(1),""
memgroup,changeDateTime,11,"0000-00-00 00:00:00.000",NO,timestamp,timestamp(3),MUL
memgroup,changeUserID,12,,YES,varchar,varchar(20),""
memgroup,createDateTime,13,"0000-00-00 00:00:00.000",NO,timestamp,timestamp(3),""
memgroup,createUserID,14,,YES,varchar,varchar(20),""
memgroup,updateVersion,15,,YES,int,int,""
memgroup,enablePin,16,,YES,smallint,smallint,""
memgroup,memGroupType,17,,YES,varchar,varchar(3),""
memgroup,exchangeType,18,,YES,varchar,varchar(1),""
memgroup,memGroupInsuringRulePopInd,19,,YES,smallint,smallint,""
memgroup,vendorID,20,,YES,bigint,bigint,""
memgroup,customerSupportSensitiveInd,21,,YES,smallint,smallint,""
memgroup,idCardVendorCardForm,22,,YES,varchar,varchar(30),""
memgroup,contraceptiveServicesMemGroupInd,23,"0",YES,smallint,smallint,""
memgroup,failedMicroGroupWageAndTaxReviewInd,24,"0",YES,smallint,smallint,""
memgroup,noMemGroupContractInd,25,"0",YES,smallint,smallint,""
memgroup,memGroupStatus,26,,YES,char,char(1),""
memgroup,serviceJobID,27,,YES,varchar,varchar(256),""
memgroup834extract,memGroupID,1,,YES,bigint,bigint,""
memgroup834extract,subscriberID,2,,YES,bigint,bigint,""
memgroupaccumhubextractview,originalSourceSystemID,1,,YES,varchar,varchar(80),""
memgroupaccumhubextractview,memGroupID,2,,YES,bigint,bigint,""
memgroupaccumhubextractview,srcEarlyServiceDate,3,,YES,varchar,varchar(10),""
memgroupaccumhubextractview,srcLastServiceDate,4,,YES,date,date,""
memgroupaccumhubextractview,trgtEarlyServiceDate,5,,YES,date,date,""
memgroupaccumhubextractview,trgtLastServiceDate,6,,YES,varchar,varchar(10),""
memgroupactionevent,memGroupActionEventID,1,,NO,bigint,bigint,PRI
memgroupactionevent,memGroupID,2,,YES,bigint,bigint,MUL
memgroupactionevent,memGroupEventID,3,,YES,bigint,bigint,MUL
memgroupactionevent,actionEventType,4,,YES,varchar,varchar(10),MUL
memgroupactionevent,actionEventStatus,5,,YES,varchar,varchar(3),""
memgroupactionevent,scheduledRunDate,6,,YES,date,date,""
memgroupactionevent,actualRunDate,7,,YES,date,date,""
memgroupactionevent,eventPayload,8,,YES,text,text,""
memgroupactionevent,approvedByUserID,9,,YES,varchar,varchar(20),""
memgroupactionevent,approvedDateTime,10,,YES,timestamp,timestamp(3),""
memgroupactionevent,actionEventCommunicationType,11,,YES,varchar,varchar(3),""
memgroupactionevent,changeDateTime,12,"0000-00-00 00:00:00.000",NO,timestamp,timestamp(3),MUL
memgroupactionevent,changeUserID,13,,YES,varchar,varchar(20),""
memgroupactionevent,createDateTime,14,"0000-00-00 00:00:00.000",NO,timestamp,timestamp(3),""
memgroupactionevent,createUserID,15,,YES,varchar,varchar(20),""
memgroupactionevent,updateVersion,16,,YES,int,int,""
memgroupactionevent,memGroupContractPlanOptionID,17,,YES,bigint,bigint,""
memgroupactionevent,planOptionID,18,,YES,varchar,varchar(8),""
memgroupactionevent,postProcessRequiredType,19,,YES,varchar,varchar(3),""
memgroupactioneventcontoptview,actionEventStatus,1,,YES,varchar,varchar(3),""
memgroupactioneventcontoptview,actionEventType,2,,YES,varchar,varchar(10),""
memgroupactioneventcontoptview,memGroupActionEventID,3,,NO,bigint,bigint,""
memgroupactioneventcontoptview,contractOptID,4,,YES,bigint,bigint,""
memgroupactioneventcontoptview,contractOptType,5,,YES,varchar,varchar(2),""
memgroupactioneventcontoptview,memGroupContractOptID,6,"0",NO,bigint,bigint,""
memgroupactioneventcontoptview,memGroupID,7,,YES,bigint,bigint,""
memgroupactioneventcontoptview,memGroupEventID,8,,NO,bigint,bigint,""
memgroupactioneventcontoptview,memGroupEventType,9,,YES,varchar,varchar(10),""
memgroupactioneventmetadata,memGroupActionEventMetadataID,1,,NO,bigint,bigint,PRI
memgroupactioneventmetadata,memGroupActionEventID,2,,YES,bigint,bigint,MUL
memgroupactioneventmetadata,memGroupID,3,,YES,bigint,bigint,""
memgroupactioneventmetadata,memGroupEventID,4,,YES,bigint,bigint,""
memgroupactioneventmetadata,externalCorrelationID,5,,YES,varchar,varchar(80),MUL
memgroupactioneventmetadata,eventPayload,6,,YES,text,text,""
memgroupactioneventmetadata,changeDateTime,7,"0000-00-00 00:00:00.000",NO,timestamp,timestamp(3),MUL
memgroupactioneventmetadata,changeUserID,8,,YES,varchar,varchar(20),""
memgroupactioneventmetadata,createDateTime,9,"0000-00-00 00:00:00.000",NO,timestamp,timestamp(3),""
memgroupactioneventmetadata,createUserID,10,,YES,varchar,varchar(20),""
memgroupactioneventmetadata,updateVersion,11,,YES,int,int,""
memgroupactioneventpostprocess,memGroupActionEventPostProcessID,1,,NO,bigint,bigint,PRI
memgroupactioneventpostprocess,memGroupActionEventID,2,,YES,bigint,bigint,MUL
memgroupactioneventpostprocess,memGroupID,3,,YES,bigint,bigint,""
memgroupactioneventpostprocess,postProcessType,4,,YES,varchar,varchar(10),""
memgroupactioneventpostprocess,postProcessAttributeType,5,,YES,varchar,varchar(10),""
memgroupactioneventpostprocess,postProcessAttributeValue,6,,YES,varchar,varchar(50),""
memgroupactioneventpostprocess,changeDateTime,7,"0000-00-00 00:00:00.000",NO,timestamp,timestamp(3),MUL
memgroupactioneventpostprocess,changeUserID,8,,YES,varchar,varchar(20),""
memgroupactioneventpostprocess,createDateTime,9,"0000-00-00 00:00:00.000",NO,timestamp,timestamp(3),""
memgroupactioneventpostprocess,createUserID,10,,YES,varchar,varchar(20),""
memgroupactioneventpostprocess,updateVersion,11,,YES,int,int,""
memgroupactioneventpostprocess,memGroupEventID,12,,YES,bigint,bigint,""
memgroupactioneventsuppression,memGroupActionEventSuppressionID,1,,NO,bigint,bigint,PRI
memgroupactioneventsuppression,memGroupID,2,,YES,bigint,bigint,MUL
memgroupactioneventsuppression,contractOptID,3,,YES,bigint,bigint,""
memgroupactioneventsuppression,planOptionID,4,,YES,varchar,varchar(8),""
memgroupactioneventsuppression,changeDateTime,5,"0000-00-00 00:00:00.000",NO,timestamp,timestamp(3),MUL
memgroupactioneventsuppression,changeUserID,6,,YES,varchar,varchar(20),""
memgroupactioneventsuppression,createDateTime,7,"0000-00-00 00:00:00.000",NO,timestamp,timestamp(3),""
memgroupactioneventsuppression,createUserID,8,,YES,varchar,varchar(20),""
memgroupactioneventsuppression,updateVersion,9,,YES,int,int,""
memgroupaddress,memGroupAddressID,1,"0",NO,bigint,bigint,PRI
memgroupaddress,memGroupID,2,,YES,bigint,bigint,MUL
memgroupaddress,addressType,3,,YES,char,char(4),""
memgroupaddress,address1,4,,YES,varchar,varchar(55),""
memgroupaddress,address2,5,,YES,varchar,varchar(55),""
memgroupaddress,address3,6,,YES,varchar,varchar(55),""
memgroupaddress,address4,7,,YES,varchar,varchar(55),""
memgroupaddress,address5,8,,YES,varchar,varchar(55),""
memgroupaddress,city,9,,YES,varchar,varchar(50),""
memgroupaddress,state,10,,YES,char,char(2),""
memgroupaddress,postalCode,11,,YES,varchar,varchar(20),""
memgroupaddress,country,12,,YES,char,char(3),""
memgroupaddress,effectiveDate,13,,YES,date,date,""
memgroupaddress,expirationDate,14,,YES,date,date,""
memgroupaddress,changeDateTime,15,"0000-00-00 00:00:00.000",NO,timestamp,timestamp(3),MUL
memgroupaddress,changeUserID,16,,YES,varchar,varchar(20),""
memgroupaddress,createDateTime,17,"0000-00-00 00:00:00.000",NO,timestamp,timestamp(3),""
memgroupaddress,createUserID,18,,YES,varchar,varchar(20),""
memgroupaddress,updateVersion,19,,YES,int,int,""
memgroupaddress,attention,20,,YES,varchar,varchar(35),""
memgroupaddress,countyFIPS,21,,YES,char,char(5),""
memgroupaddresshours,memGroupAddressHoursID,1,"0",NO,bigint,bigint,PRI
memgroupaddresshours,memGroupAddressID,2,,YES,bigint,bigint,MUL
memgroupaddresshours,memGroupID,3,,YES,bigint,bigint,""
memgroupaddresshours,addressHoursType,4,,YES,varchar,varchar(3),""
memgroupaddresshours,dayOfWeek,5,,YES,char,char(1),""
memgroupaddresshours,openTime,6,,YES,char,char(5),""
memgroupaddresshours,closeTime,7,,YES,char,char(5),""
memgroupaddresshours,timeZoneCode,8,,YES,varchar,varchar(5),""
memgroupaddresshours,changeDateTime,9,"0000-00-00 00:00:00.000",NO,timestamp,timestamp(3),MUL
memgroupaddresshours,changeUserID,10,,YES,varchar,varchar(20),""
memgroupaddresshours,createDateTime,11,"0000-00-00 00:00:00.000",NO,timestamp,timestamp(3),""
memgroupaddresshours,createUserID,12,,YES,varchar,varchar(20),""
memgroupaddresshours,updateVersion,13,,YES,int,int,""
memgroupaddressphone,memGroupAddressPhoneID,1,"0",NO,bigint,bigint,PRI
memgroupaddressphone,memGroupAddressID,2,,YES,bigint,bigint,MUL
memgroupaddressphone,memGroupID,3,,YES,bigint,bigint,""
memgroupaddressphone,phoneType,4,,YES,varchar,varchar(2),""
memgroupaddressphone,phoneNum,5,,YES,varchar,varchar(30),""
memgroupaddressphone,phoneExt,6,,YES,char,char(8),""
memgroupaddressphone,primaryInd,7,,YES,smallint,smallint,""
memgroupaddressphone,nonUSPhoneInd,8,,YES,smallint,smallint,""
memgroupaddressphone,effectiveDate,9,,YES,date,date,""
memgroupaddressphone,expirationDate,10,,YES,date,date,""
memgroupaddressphone,changeDateTime,11,"0000-00-00 00:00:00.000",NO,timestamp,timestamp(3),MUL
memgroupaddressphone,changeUserID,12,,YES,varchar,varchar(20),""
memgroupaddressphone,createDateTime,13,"0000-00-00 00:00:00.000",NO,timestamp,timestamp(3),""
memgroupaddressphone,createUserID,14,,YES,varchar,varchar(20),""
memgroupaddressphone,updateVersion,15,,YES,int,int,""
memgroupaffil,memGroupAffilID,1,,NO,bigint,bigint,PRI
memgroupaffil,memGroupID,2,,YES,bigint,bigint,MUL
memgroupaffil,parentMemGroupID,3,,YES,bigint,bigint,""
memgroupaffil,effectiveDate,4,,YES,date,date,""
memgroupaffil,expirationDate,5,,YES,date,date,""
memgroupaffil,memGroupAffilExpirationReason,6,,YES,varchar,varchar(3),""
memgroupaffil,memGroupAffilType,7,,YES,varchar,varchar(10),""
memgroupaffil,alphaParentMemGroupID,8,,YES,bigint,bigint,""
memgroupaffil,inheritParentMemGroupConfigInd,9,"0",YES,smallint,smallint,""
memgroupaffil,deleteInd,10,"0",YES,smallint,smallint,""
memgroupaffil,changeDateTime,11,"0000-00-00 00:00:00.000",NO,timestamp,timestamp(3),MUL
memgroupaffil,changeUserID,12,,YES,varchar,varchar(20),""
memgroupaffil,createDateTime,13,"0000-00-00 00:00:00.000",NO,timestamp,timestamp(3),""
memgroupaffil,createUserID,14,,YES,varchar,varchar(20),""
memgroupaffil,updateVersion,15,,YES,int,int,""
memgroupaffil,inheritParentMemGroupConfigID,16,"0",YES,bigint,bigint,""
memgroupaffilconfig,memGroupAffilConfigID,1,,NO,bigint,bigint,PRI
memgroupaffilconfig,memGroupAffilID,2,,YES,bigint,bigint,MUL
memgroupaffilconfig,memGroupID,3,,YES,bigint,bigint,MUL
memgroupaffilconfig,effectiveDate,4,,YES,date,date,""
memgroupaffilconfig,expirationDate,5,,YES,date,date,""
memgroupaffilconfig,inheritMemGroupSettingsInd,6,,YES,smallint,smallint,""
memgroupaffilconfig,inheritMemGroupTinInd,7,,YES,smallint,smallint,""
memgroupaffilconfig,inheritMemGroupAddressInd,8,,YES,smallint,smallint,""
memgroupaffilconfig,inheritMemGroupContactInd,9,,YES,smallint,smallint,""
memgroupaffilconfig,inheritMemGroupInsuringRuleInd,10,,YES,smallint,smallint,""
memgroupaffilconfig,inheritMemGroupReportingCodeInd,11,,YES,smallint,smallint,""
memgroupaffilconfig,inheritMemGroupSupportTeamInd,12,,YES,smallint,smallint,""
memgroupaffilconfig,inheritMemGroupCustomAttributesInd,13,,YES,smallint,smallint,""
memgroupaffilconfig,inheritMemGroupRatingPopulationsInd,14,,YES,smallint,smallint,""
memgroupaffilconfig,inheritMemGroupCoveragePopulationsInd,15,,YES,smallint,smallint,""
memgroupaffilconfig,inheritBillGroupInd,16,,YES,smallint,smallint,""
memgroupaffilconfig,deleteInd,17,,YES,smallint,smallint,""
memgroupaffilconfig,changeDateTime,18,"0000-00-00 00:00:00.000",NO,timestamp,timestamp(3),MUL
memgroupaffilconfig,changeUserID,19,,YES,varchar,varchar(20),""
memgroupaffilconfig,createDateTime,20,"0000-00-00 00:00:00.000",NO,timestamp,timestamp(3),""
memgroupaffilconfig,createUserID,21,,YES,varchar,varchar(20),""
memgroupaffilconfig,updateVersion,22,,YES,int,int,""
memgroupaffilconfig,inheritMemGroupFinancePopulationsInd,23,,YES,smallint,smallint,""
memgroupaffilconfig,inheritMemGroupBankingInd,24,,YES,smallint,smallint,""
memgroupaffilconfig,inheritMemGroupThresholdsInd,25,,YES,smallint,smallint,""
memgroupaffilcontractaffilview,memGroupID,1,,YES,bigint,bigint,""
memgroupaffilcontractaffilview,parentMemGroupID,2,,YES,bigint,bigint,""
memgroupaffilcontractaffilview,memGroupContractID,3,,YES,bigint,bigint,""
memgroupaffilcontractaffilview,owningMemGroupID,4,,YES,bigint,bigint,""
memgroupaffilexternalident,memGroupAffilExternalIdentID,1,,NO,bigint,bigint,PRI
memgroupaffilexternalident,memGroupAffilID,2,,YES,bigint,bigint,MUL
memgroupaffilexternalident,originalSourceSystemType,3,,YES,varchar,varchar(4),""
memgroupaffilexternalident,originalSourceSystemID,4,,YES,varchar,varchar(80),MUL
memgroupaffilexternalident,changeDateTime,5,"0000-00-00 00:00:00.000",NO,timestamp,timestamp(3),MUL
memgroupaffilexternalident,changeUserID,6,,YES,varchar,varchar(20),""
memgroupaffilexternalident,createDateTime,7,"0000-00-00 00:00:00.000",NO,timestamp,timestamp(3),""
memgroupaffilexternalident,createUserID,8,,YES,varchar,varchar(20),""
memgroupaffilexternalident,updateVersion,9,,YES,int,int,""
memgroupaffilexternalident,memGroupID,10,,YES,bigint,bigint,MUL
memgroupalias,memGroupAliasID,1,"0",NO,bigint,bigint,PRI
memgroupalias,memGroupID,2,,YES,bigint,bigint,MUL
memgroupalias,nameType,3,,YES,varchar,varchar(3),""
memgroupalias,aliasName,4,,YES,varchar,varchar(120),""
memgroupalias,effectiveDate,5,,YES,date,date,""
memgroupalias,expirationDate,6,,YES,date,date,""
memgroupalias,changeDateTime,7,"0000-00-00 00:00:00.000",NO,timestamp,timestamp(3),MUL
memgroupalias,changeUserID,8,,YES,varchar,varchar(20),""
memgroupalias,createDateTime,9,"0000-00-00 00:00:00.000",NO,timestamp,timestamp(3),""
memgroupalias,createUserID,10,,YES,varchar,varchar(20),""
memgroupalias,updateVersion,11,,YES,int,int,""
memgroupattestation,memGroupAttestationID,1,"0",NO,bigint,bigint,PRI
memgroupattestation,memGroupID,2,,YES,bigint,bigint,MUL
memgroupattestation,memGroupAttestationType,3,,YES,varchar,varchar(3),""
memgroupattestation,effectiveDate,4,,YES,date,date,""
memgroupattestation,expirationDate,5,,YES,date,date,""
memgroupattestation,attestationDecisionCode,6,,YES,varchar,varchar(3),""
memgroupattestation,changeDateTime,7,"0000-00-00 00:00:00.000",NO,timestamp,timestamp(3),MUL
memgroupattestation,changeUserID,8,,YES,varchar,varchar(20),""
memgroupattestation,createDateTime,9,"0000-00-00 00:00:00.000",NO,timestamp,timestamp(3),""
memgroupattestation,createUserID,10,,YES,varchar,varchar(20),""
memgroupattestation,updateVersion,11,,YES,int,int,""
memgroupattestationdetail,memGroupAttestationDetailID,1,"0",NO,bigint,bigint,PRI
memgroupattestationdetail,memGroupAttestationID,2,,YES,bigint,bigint,MUL
memgroupattestationdetail,memGroupID,3,,YES,bigint,bigint,""
memgroupattestationdetail,attestationDate,4,,YES,date,date,""
memgroupattestationdetail,attestationDetailStatus,5,,YES,varchar,varchar(3),""
memgroupattestationdetail,changeDateTime,6,"0000-00-00 00:00:00.000",NO,timestamp,timestamp(3),MUL
memgroupattestationdetail,changeUserID,7,,YES,varchar,varchar(20),""
memgroupattestationdetail,createDateTime,8,"0000-00-00 00:00:00.000",NO,timestamp,timestamp(3),""
memgroupattestationdetail,createUserID,9,,YES,varchar,varchar(20),""
memgroupattestationdetail,updateVersion,10,,YES,int,int,""
memgroupattribusagesched,memGroupAttribUsageSchedID,1,,NO,bigint,bigint,PRI
memgroupattribusagesched,attribUsageSchedID,2,,YES,varchar,varchar(40),""
memgroupattribusagesched,effectiveDate,3,,YES,date,date,""
memgroupattribusagesched,expirationDate,4,,YES,date,date,""
memgroupattribusagesched,deleteInd,5,,YES,smallint,smallint,""
memgroupattribusagesched,memGroupID,6,,YES,bigint,bigint,MUL
memgroupattribusagesched,changeDateTime,7,"0000-00-00 00:00:00.000",NO,timestamp,timestamp(3),MUL
memgroupattribusagesched,changeUserID,8,,YES,varchar,varchar(20),""
memgroupattribusagesched,createDateTime,9,"0000-00-00 00:00:00.000",NO,timestamp,timestamp(3),""
memgroupattribusagesched,createUserID,10,,YES,varchar,varchar(20),""
memgroupattribusagesched,updateVersion,11,,YES,int,int,""
memgroupauditdetail,auditDetailID,1,"0",NO,bigint,bigint,PRI
memgroupauditdetail,createDateTime,2,"0000-00-00 00:00:00.000",NO,timestamp,timestamp(3),""
memgroupauditdetail,createUserID,3,,YES,varchar,varchar(20),""
memgroupauditdetail,changeDateTime,4,"0000-00-00 00:00:00.000",NO,timestamp,timestamp(3),MUL
memgroupauditdetail,changeUserID,5,,YES,varchar,varchar(20),""
memgroupauditdetail,updateVersion,6,,YES,int,int,""
memgroupauditdetail,memGroupID,7,,YES,bigint,bigint,MUL
memgroupauditdetail,auditText,8,,YES,varchar,varchar(4000),""
memgroupauditdetail,tableName,9,,YES,varchar,varchar(32),""
memgroupbanking,memGroupBankingID,1,"0",NO,bigint,bigint,PRI
memgroupbanking,memGroupID,2,,YES,bigint,bigint,MUL
memgroupbanking,bankAccountName,3,,YES,varchar,varchar(40),""
memgroupbanking,accountType,4,,YES,char,char(6),""
memgroupbanking,bankNumber,5,,YES,varchar,varchar(12),""
memgroupbanking,routingNumber,6,,YES,char,char(9),""
memgroupbanking,accountNumber,7,,YES,varchar,varchar(35),""
memgroupbanking,payFromInd,8,,YES,smallint,smallint,""
memgroupbanking,payToInd,9,,YES,smallint,smallint,""
memgroupbanking,effectiveDate,10,,YES,date,date,""
memgroupbanking,expirationDate,11,,YES,date,date,""
memgroupbanking,changeUserID,12,,YES,varchar,varchar(20),""
memgroupbanking,changeDateTime,13,"0000-00-00 00:00:00.000",NO,timestamp,timestamp(3),MUL
memgroupbanking,createDateTime,14,"0000-00-00 00:00:00.000",NO,timestamp,timestamp(3),""
memgroupbanking,createUserID,15,,YES,varchar,varchar(20),""
memgroupbanking,updateVersion,16,,YES,int,int,""
memgroupbanking,bankingAcctChecksumInd,17,,YES,smallint,smallint,""
memgroupbanking,bankAccountNumber,18,,YES,varchar,varchar(500),""
memgroupbankingextractviewv3,memGroupID,1,"0",YES,bigint,bigint,""
memgroupbankingextractviewv3,memGroupContractID,2,"0",YES,bigint,bigint,""
memgroupbankingextractviewv3,memGroupChangeDateTime,3,,YES,timestamp,timestamp(3),""
memgroupbankingextractviewv3,memGroupContractOptChangeDateTime,4,,YES,timestamp,timestamp(3),""
memgroupbankingextractviewv3,memGroupContactChangeDateTime,5,"0000-00-00 00:00:00.000",YES,timestamp,timestamp(3),""
memgroupbankingextractviewv3,mgContactElecCommChangeDateTime,6,"0000-00-00 00:00:00.000",YES,timestamp,timestamp(3),""
memgroupbankingextractviewv3,memGroupContactPhoneChangeDateTime,7,"0000-00-00 00:00:00.000",YES,timestamp,timestamp(3),""
memgroupbankingextractviewv3,memGroupAddressChangeDateTime,8,,YES,timestamp,timestamp(3),""
memgroupbankingextractviewv3,memGroupHoldChangeDateTime,9,,YES,timestamp,timestamp(3),""
memgroupbankingextractviewv3,memGroupHoldExpirationDate,10,,YES,date,date,""
memgroupbankingextractviewv3,effectiveDate,11,,YES,datetime,datetime,""
memgroupbankingextractviewv3,expirationDate,12,,YES,datetime,datetime,""
memgroupbankingextractviewv3,memGroupName,13,,YES,varchar,varchar(120),""
memgroupbankingextractviewv3,nameFirst,14,,YES,varchar,varchar(35),""
memgroupbankingextractviewv3,nameLast,15,,YES,varchar,varchar(60),""
memgroupbankingextractviewv3,phoneNum,16,,YES,varchar,varchar(30),""
memgroupbankingextractviewv3,communicationText,17,,YES,varchar,varchar(254),""
memgroupbankingextractviewv3,derivedMemGroupID,18,,YES,bigint,bigint,""
memgroupbankingextractviewv3,benefitBundleOptionID,19,,YES,bigint,bigint,""
memgroupchildpopratefactorview,memGroupPopGroupAssignID,1,,NO,bigint,bigint,""
memgroupchildpopratefactorview,parentMemGroupID,2,,YES,bigint,bigint,""
memgroupchildpopratefactorview,childMemGroupID,3,,YES,bigint,bigint,""
memgroupchildpopratefactorview,memGroupPopulationID,4,,YES,bigint,bigint,""
memgroupchildpopratefactorview,populationName,5,,YES,varchar,varchar(30),""
memgroupchildpopratefactorview,parentMemGroupName,6,,YES,varchar,varchar(120),""
memgroupchildpopratefactorview,childMemGroupName,7,,YES,varchar,varchar(120),""
memgroupchildpopratefactorview,effectiveDate,8,,YES,date,date,""
memgroupchildpopratefactorview,expirationDate,9,,YES,date,date,""
memgroupchildpopratefactorview,deleteInd,10,,YES,smallint,smallint,""
memgroupcntctemlcmextractview,assignmentEffectiveDate,1,,YES,date,date,""
memgroupcntctemlcmextractview,assignmentExpirationDate,2,,YES,date,date,""
memgroupcntctemlcmextractview,memGroupContactID,3,,YES,bigint,bigint,""
memgroupcntctemlcmextractview,memGroupContactAssignmentID,4,,YES,bigint,bigint,""
memgroupcntctemlcmextractview,memGroupContactElectronicComID,5,,YES,bigint,bigint,""
memgroupcntctemlcmextractview,memGroupID,6,,YES,bigint,bigint,""
memgroupcntctemlcmextractview,communicationText,7,,YES,varchar,varchar(254),""
memgroupcntctemlcmextractview,electronicCommunicationType,8,,YES,varchar,varchar(10),""
memgroupcntctemlcmextractview,roleEffectiveDate,9,,YES,date,date,""
memgroupcntctemlcmextractview,roleExpirationDate,10,,YES,date,date,""
memgroupcntctemlcmextractview,roleType,11,,YES,varchar,varchar(3),""
memgroupcontact,memGroupContactID,1,"0",NO,bigint,bigint,PRI
memgroupcontact,nameLast,2,,YES,varchar,varchar(60),""
memgroupcontact,nameFirst,3,,YES,varchar,varchar(35),""
memgroupcontact,nameMiddle,4,,YES,varchar,varchar(60),""
memgroupcontact,nameSalutation,5,,YES,char,char(10),""
memgroupcontact,nameSuffix,6,,YES,char,char(10),""
memgroupcontact,nameSuffixTitle,7,,YES,varchar,varchar(10),""
memgroupcontact,organizationName,8,,YES,varchar,varchar(255),""
memgroupcontact,jobTitle,9,,YES,varchar,varchar(35),""
memgroupcontact,createDateTime,10,"0000-00-00 00:00:00.000",NO,timestamp,timestamp(3),""
memgroupcontact,createUserID,11,,YES,varchar,varchar(20),""
memgroupcontact,changeDateTime,12,"0000-00-00 00:00:00.000",NO,timestamp,timestamp(3),MUL
memgroupcontact,changeUserID,13,,YES,varchar,varchar(20),""
memgroupcontact,updateVersion,14,,YES,int,int,""
memgroupcontact,originalSourceSystemType,15,,YES,varchar,varchar(4),""
memgroupcontact,originalSourceSystemID,16,,YES,varchar,varchar(80),""
memgroupcontactaddress,memGroupContactAddressID,1,"0",NO,bigint,bigint,PRI
memgroupcontactaddress,memGroupContactID,2,,YES,bigint,bigint,MUL
memgroupcontactaddress,memGroupAddressID,3,,YES,bigint,bigint,MUL
memgroupcontactaddress,addressType,4,,YES,char,char(4),""
memgroupcontactaddress,address1,5,,YES,varchar,varchar(55),""
memgroupcontactaddress,address2,6,,YES,varchar,varchar(55),""
memgroupcontactaddress,address3,7,,YES,varchar,varchar(55),""
memgroupcontactaddress,address4,8,,YES,varchar,varchar(55),""
memgroupcontactaddress,address5,9,,YES,varchar,varchar(55),""
memgroupcontactaddress,city,10,,YES,varchar,varchar(50),""
memgroupcontactaddress,state,11,,YES,char,char(2),""
memgroupcontactaddress,postalCode,12,,YES,varchar,varchar(20),""
memgroupcontactaddress,country,13,,YES,char,char(3),""
memgroupcontactaddress,createDateTime,14,"0000-00-00 00:00:00.000",NO,timestamp,timestamp(3),""
memgroupcontactaddress,createUserID,15,,YES,varchar,varchar(20),""
memgroupcontactaddress,changeDateTime,16,"0000-00-00 00:00:00.000",NO,timestamp,timestamp(3),MUL
memgroupcontactaddress,changeUserID,17,,YES,varchar,varchar(20),""
memgroupcontactaddress,updateVersion,18,,YES,int,int,""
memgroupcontactaddress,attention,19,,YES,varchar,varchar(35),""
memgroupcontactaddressphone,memGroupContactAddressPhoneID,1,"0",NO,bigint,bigint,PRI
memgroupcontactaddressphone,memGroupContactAddressID,2,,YES,bigint,bigint,MUL
memgroupcontactaddressphone,memGroupContactPhoneID,3,,YES,bigint,bigint,""
memgroupcontactaddressphone,memGroupContactID,4,,YES,bigint,bigint,""
memgroupcontactaddressphone,memGroupAddressPhoneID,5,,YES,bigint,bigint,""
memgroupcontactaddressphone,createDateTime,6,"0000-00-00 00:00:00.000",NO,timestamp,timestamp(3),""
memgroupcontactaddressphone,createUserID,7,,YES,varchar,varchar(20),""
memgroupcontactaddressphone,changeDateTime,8,"0000-00-00 00:00:00.000",NO,timestamp,timestamp(3),MUL
memgroupcontactaddressphone,changeUserID,9,,YES,varchar,varchar(20),""
memgroupcontactaddressphone,updateVersion,10,,YES,int,int,""
memgroupcontactaddressview,memGroupContactAddressID,1,"0",NO,bigint,bigint,""
memgroupcontactaddressview,memGroupContactID,2,,YES,bigint,bigint,""
memgroupcontactaddressview,memGroupAddressID,3,,YES,bigint,bigint,""
memgroupcontactaddressview,addressType,4,,YES,char,char(4),""
memgroupcontactaddressview,address1,5,,YES,varchar,varchar(55),""
memgroupcontactaddressview,address2,6,,YES,varchar,varchar(55),""
memgroupcontactaddressview,address3,7,,YES,varchar,varchar(55),""
memgroupcontactaddressview,address4,8,,YES,varchar,varchar(55),""
memgroupcontactaddressview,address5,9,,YES,varchar,varchar(55),""
memgroupcontactaddressview,city,10,,YES,varchar,varchar(50),""
memgroupcontactaddressview,state,11,,YES,char,char(2),""
memgroupcontactaddressview,postalCode,12,,YES,varchar,varchar(20),""
memgroupcontactaddressview,country,13,,YES,char,char(3),""
memgroupcontactassignment,memGroupContactAssignmentID,1,"0",NO,bigint,bigint,PRI
memgroupcontactassignment,memGroupID,2,,YES,bigint,bigint,MUL
memgroupcontactassignment,memGroupContactID,3,,YES,bigint,bigint,MUL
memgroupcontactassignment,preferredCommMethodType,4,,YES,varchar,varchar(3),""
memgroupcontactassignment,effectiveDate,5,,YES,date,date,""
memgroupcontactassignment,expirationDate,6,,YES,date,date,""
memgroupcontactassignment,changeDateTime,7,"0000-00-00 00:00:00.000",NO,timestamp,timestamp(3),MUL
memgroupcontactassignment,changeUserID,8,,YES,varchar,varchar(20),""
memgroupcontactassignment,createDateTime,9,"0000-00-00 00:00:00.000",NO,timestamp,timestamp(3),""
memgroupcontactassignment,createUserID,10,,YES,varchar,varchar(20),""
memgroupcontactassignment,updateVersion,11,,YES,int,int,""
memgroupcontactassignmentview,memGroupContactID,1,"0",NO,bigint,bigint,""
memgroupcontactassignmentview,memGroupContactAssignmentID,2,"0",YES,bigint,bigint,""
memgroupcontactassignmentview,memGroupID,3,"0",YES,bigint,bigint,""
memgroupcontactassignmentview,memGroupName,4,,YES,varchar,varchar(120),""
memgroupcontactassignmentview,nameLast,5,,YES,varchar,varchar(60),""
memgroupcontactassignmentview,nameFirst,6,,YES,varchar,varchar(35),""
memgroupcontactassignmentview,jobTitle,7,,YES,varchar,varchar(35),""
memgroupcontactassignmentview,organizationName,8,,YES,varchar,varchar(255),""
memgroupcontactassignmentview,preferredCommMethodType,9,,YES,varchar,varchar(3),""
memgroupcontactassignmentview,effectiveDate,10,,YES,date,date,""
memgroupcontactassignmentview,expirationDate,11,,YES,date,date,""
memgroupcontactassignroleview,memGroupID,1,,YES,bigint,bigint,""
memgroupcontactassignroleview,memGroupContactAssignmentID,2,"0",NO,bigint,bigint,""
memgroupcontactassignroleview,memGroupContactID,3,,YES,bigint,bigint,""
memgroupcontactassignroleview,memGroupContactAssignmentEffectiveDate,4,,YES,date,date,""
memgroupcontactassignroleview,memGroupContactAssignmentExpirationDate,5,,YES,date,date,""
memgroupcontactassignroleview,memGroupContactRoleID,6,"0",NO,bigint,bigint,""
memgroupcontactassignroleview,preferredInd,7,,YES,smallint,smallint,""
memgroupcontactassignroleview,memGroupContactRoleEffectiveDate,8,,YES,date,date,""
memgroupcontactassignroleview,memGroupContactRoleExpirationDate,9,,YES,date,date,""
memgroupcontactassignroleview,createDateTime,10,"0000-00-00 00:00:00.000",NO,timestamp,timestamp(3),""
memgroupcontactassignroleview,nameFirst,11,,YES,varchar,varchar(35),""
memgroupcontactassignroleview,nameLast,12,,YES,varchar,varchar(60),""
memgroupcontactassignroleview,roleType,13,,YES,varchar,varchar(3),""
memgroupcontactauditdetail,auditDetailID,1,"0",NO,bigint,bigint,PRI
memgroupcontactauditdetail,createDateTime,2,"0000-00-00 00:00:00.000",NO,timestamp,timestamp(3),""
memgroupcontactauditdetail,createUserID,3,,YES,varchar,varchar(20),""
memgroupcontactauditdetail,changeDateTime,4,"0000-00-00 00:00:00.000",NO,timestamp,timestamp(3),MUL
memgroupcontactauditdetail,changeUserID,5,,YES,varchar,varchar(20),""
memgroupcontactauditdetail,updateVersion,6,,YES,int,int,""
memgroupcontactauditdetail,memGroupContactID,7,,YES,bigint,bigint,MUL
memgroupcontactauditdetail,auditText,8,,YES,varchar,varchar(4000),""
memgroupcontactauditdetail,tableName,9,,YES,varchar,varchar(32),""
memgroupcontacteleccomassign,memGroupContactElecComAssignID,1,"0",NO,bigint,bigint,PRI
memgroupcontacteleccomassign,memGroupContactElectronicComID,2,,YES,bigint,bigint,MUL
memgroupcontacteleccomassign,memGroupID,3,,YES,bigint,bigint,MUL
memgroupcontacteleccomassign,preferredInd,4,,YES,smallint,smallint,""
memgroupcontacteleccomassign,createDateTime,5,"0000-00-00 00:00:00.000",NO,timestamp,timestamp(3),""
memgroupcontacteleccomassign,createUserID,6,,YES,varchar,varchar(20),""
memgroupcontacteleccomassign,changeDateTime,7,"0000-00-00 00:00:00.000",NO,timestamp,timestamp(3),MUL
memgroupcontacteleccomassign,changeUserID,8,,YES,varchar,varchar(20),""
memgroupcontacteleccomassign,updateVersion,9,,YES,int,int,""
memgroupcontacteleccomassign,memGroupContactAssignmentID,10,,YES,bigint,bigint,MUL
memgroupcontacteleccomassign,memGroupContactID,11,,YES,bigint,bigint,MUL
memgroupcontacteleccomview,memGroupContactElectronicComID,1,"0",NO,bigint,bigint,""
memgroupcontacteleccomview,memGroupContactElecComAssignID,2,"0",YES,bigint,bigint,""
memgroupcontacteleccomview,memGroupContactID,3,,YES,bigint,bigint,""
memgroupcontacteleccomview,memGroupID,4,,YES,bigint,bigint,""
memgroupcontacteleccomview,memGroupContactAssignmentID,5,,YES,bigint,bigint,""
memgroupcontacteleccomview,electronicCommunicationType,6,,YES,varchar,varchar(10),""
memgroupcontacteleccomview,communicationText,7,,YES,varchar,varchar(254),""
memgroupcontacteleccomview,preferredInd,8,,YES,smallint,smallint,""
memgroupcontacteleccomview,assignToMemGroup,9,"0",NO,int,int,""
memgroupcontactelectroniccom,memGroupContactElectronicComID,1,"0",NO,bigint,bigint,PRI
memgroupcontactelectroniccom,memGroupContactID,2,,YES,bigint,bigint,MUL
memgroupcontactelectroniccom,communicationText,3,,YES,varchar,varchar(254),""
memgroupcontactelectroniccom,createDateTime,4,"0000-00-00 00:00:00.000",NO,timestamp,timestamp(3),""
memgroupcontactelectroniccom,createUserID,5,,YES,varchar,varchar(20),""
memgroupcontactelectroniccom,changeDateTime,6,"0000-00-00 00:00:00.000",NO,timestamp,timestamp(3),MUL
memgroupcontactelectroniccom,changeUserID,7,,YES,varchar,varchar(20),""
memgroupcontactelectroniccom,updateVersion,8,,YES,int,int,""
memgroupcontactelectroniccom,electronicCommunicationType,9,,YES,varchar,varchar(10),""
memgroupcontactemailcomview,nameFirst,1,,YES,varchar,varchar(35),""
memgroupcontactemailcomview,nameLast,2,,YES,varchar,varchar(60),""
memgroupcontactemailcomview,effectiveDate,3,,YES,date,date,""
memgroupcontactemailcomview,expirationDate,4,,YES,date,date,""
memgroupcontactemailcomview,memGroupContactID,5,,YES,bigint,bigint,""
memgroupcontactemailcomview,memGroupContactAssignmentID,6,,YES,bigint,bigint,""
memgroupcontactemailcomview,memGroupContactElectronicComID,7,,YES,bigint,bigint,""
memgroupcontactemailcomview,communicationText,8,,YES,varchar,varchar(254),""
memgroupcontactemailcomview,electronicCommunicationType,9,,YES,varchar,varchar(10),""
memgroupcontactemailcomview,memGroupID,10,,YES,bigint,bigint,""
memgroupcontactemailcomview,originalSourceSystemID,11,,YES,varchar,varchar(80),""
memgroupcontactemailcomview,originalSourceSystemType,12,,YES,varchar,varchar(4),""
memgroupcontactextractview,contactChangeDateTime,1,"0000-00-00 00:00:00.000",NO,timestamp,timestamp(3),""
memgroupcontactextractview,contactCreateDateTime,2,"0000-00-00 00:00:00.000",NO,timestamp,timestamp(3),""
memgroupcontactextractview,memGroupContactID,3,"0",NO,bigint,bigint,""
memgroupcontactextractview,nameFirst,4,,YES,varchar,varchar(35),""
memgroupcontactextractview,nameLast,5,,YES,varchar,varchar(60),""
memgroupcontactextractview,assignmentChangeDateTime,6,"0000-00-00 00:00:00.000",NO,timestamp,timestamp(3),""
memgroupcontactextractview,assignmentCreateDateTime,7,"0000-00-00 00:00:00.000",NO,timestamp,timestamp(3),""
memgroupcontactextractview,assignmentEffectiveDate,8,,YES,date,date,""
memgroupcontactextractview,assignmentExpirationDate,9,,YES,date,date,""
memgroupcontactextractview,memGroupContactAssignmentID,10,"0",NO,bigint,bigint,""
memgroupcontactextractview,preferredCommMethodType,11,,YES,varchar,varchar(3),""
memgroupcontactextractview,roleChangeDateTime,12,"0000-00-00 00:00:00.000",NO,timestamp,timestamp(3),""
memgroupcontactextractview,roleCreateDateTime,13,"0000-00-00 00:00:00.000",NO,timestamp,timestamp(3),""
memgroupcontactextractview,roleEffectiveDate,14,,YES,date,date,""
memgroupcontactextractview,roleExpirationDate,15,,YES,date,date,""
memgroupcontactextractview,memGroupID,16,,YES,bigint,bigint,""
memgroupcontactextractview,preferredInd,17,,YES,smallint,smallint,""
memgroupcontactextractview,roleType,18,,YES,varchar,varchar(3),""
memgroupcontactphnassignview,phoneNum,1,,YES,varchar,varchar(30),""
memgroupcontactphnassignview,phoneType,2,,YES,varchar,varchar(2),""
memgroupcontactphnassignview,memGroupContactAssignmentID,3,,YES,bigint,bigint,""
memgroupcontactphnassignview,memGroupContactPhoneAssignID,4,"0",NO,bigint,bigint,""
memgroupcontactphnassignview,preferredInd,5,,YES,smallint,smallint,""
memgroupcontactphone,memGroupContactPhoneID,1,"0",NO,bigint,bigint,PRI
memgroupcontactphone,memGroupContactID,2,,YES,bigint,bigint,MUL
memgroupcontactphone,phoneType,3,,YES,varchar,varchar(2),""
memgroupcontactphone,phoneNum,4,,YES,varchar,varchar(30),""
memgroupcontactphone,phoneExt,5,,YES,char,char(8),""
memgroupcontactphone,nonUSPhoneInd,6,,YES,smallint,smallint,""
memgroupcontactphone,createDateTime,7,"0000-00-00 00:00:00.000",NO,timestamp,timestamp(3),""
memgroupcontactphone,createUserID,8,,YES,varchar,varchar(20),""
memgroupcontactphone,changeDateTime,9,"0000-00-00 00:00:00.000",NO,timestamp,timestamp(3),MUL
memgroupcontactphone,changeUserID,10,,YES,varchar,varchar(20),""
memgroupcontactphone,updateVersion,11,,YES,int,int,""
memgroupcontactphoneassign,memGroupContactPhoneAssignID,1,"0",NO,bigint,bigint,PRI
memgroupcontactphoneassign,memGroupContactPhoneID,2,,YES,bigint,bigint,MUL
memgroupcontactphoneassign,memGroupContactAssignmentID,3,,YES,bigint,bigint,MUL
memgroupcontactphoneassign,memGroupID,4,,YES,bigint,bigint,MUL
memgroupcontactphoneassign,preferredInd,5,,YES,smallint,smallint,""
memgroupcontactphoneassign,createDateTime,6,"0000-00-00 00:00:00.000",NO,timestamp,timestamp(3),""
memgroupcontactphoneassign,createUserID,7,,YES,varchar,varchar(20),""
memgroupcontactphoneassign,changeDateTime,8,"0000-00-00 00:00:00.000",NO,timestamp,timestamp(3),MUL
memgroupcontactphoneassign,changeUserID,9,,YES,varchar,varchar(20),""
memgroupcontactphoneassign,updateVersion,10,,YES,int,int,""
memgroupcontactphoneassign,memGroupContactID,11,,YES,bigint,bigint,MUL
memgroupcontactphoneview,memGroupContactID,1,"0",NO,bigint,bigint,""
memgroupcontactphoneview,nameLast,2,,YES,varchar,varchar(60),""
memgroupcontactphoneview,nameFirst,3,,YES,varchar,varchar(35),""
memgroupcontactphoneview,organizationName,4,,YES,varchar,varchar(255),""
memgroupcontactphoneview,jobTitle,5,,YES,varchar,varchar(35),""
memgroupcontactphoneview,phoneNum,6,,YES,varchar,varchar(30),""
memgroupcontactphoneview,memGroupID,7,,YES,bigint,bigint,""
memgroupcontactrole,memGroupContactRoleID,1,"0",NO,bigint,bigint,PRI
memgroupcontactrole,memGroupContactAssignmentID,2,,YES,bigint,bigint,MUL
memgroupcontactrole,memGroupID,3,,YES,bigint,bigint,MUL
memgroupcontactrole,memGroupContactID,4,,YES,bigint,bigint,MUL
memgroupcontactrole,roleType,5,,YES,varchar,varchar(3),""
memgroupcontactrole,effectiveDate,6,,YES,date,date,""
memgroupcontactrole,expirationDate,7,,YES,date,date,""
memgroupcontactrole,createUserID,8,,YES,varchar,varchar(20),""
memgroupcontactrole,createDateTime,9,"0000-00-00 00:00:00.000",NO,timestamp,timestamp(3),""
memgroupcontactrole,changeUserID,10,,YES,varchar,varchar(20),""
memgroupcontactrole,changeDateTime,11,"0000-00-00 00:00:00.000",NO,timestamp,timestamp(3),MUL
memgroupcontactrole,updateVersion,12,,YES,int,int,""
memgroupcontactrole,preferredInd,13,,YES,smallint,smallint,""
memgroupcontactroleloadview,memGroupContactID,1,"0",NO,bigint,bigint,""
memgroupcontactroleloadview,nameFirst,2,,YES,varchar,varchar(35),""
memgroupcontactroleloadview,nameLast,3,,YES,varchar,varchar(60),""
memgroupcontactroleloadview,memGroupContactAssignmentID,4,"0",NO,bigint,bigint,""
memgroupcontactroleloadview,memGroupID,5,,YES,bigint,bigint,""
memgroupcontactroleloadview,effectiveDate,6,,YES,date,date,""
memgroupcontactroleloadview,expirationDate,7,,YES,date,date,""
memgroupcontactroleloadview,roleType,8,,YES,varchar,varchar(3),""
memgroupcontactroleview,memGroupContactAssignmentID,1,"0",NO,bigint,bigint,""
memgroupcontactroleview,memGroupContactID,2,,YES,bigint,bigint,""
memgroupcontactroleview,memGroupID,3,,YES,bigint,bigint,""
memgroupcontactroleview,effectiveDate,4,,YES,date,date,""
memgroupcontactroleview,expirationDate,5,,YES,date,date,""
memgroupcontactroleview,preferredInd,6,,YES,smallint,smallint,""
memgroupcontactroleview,roleType,7,,YES,varchar,varchar(3),""
memgroupcontract,memGroupContractID,1,"0",NO,bigint,bigint,PRI
memgroupcontract,memGroupID,2,,YES,bigint,bigint,MUL
memgroupcontract,effectiveDate,3,,YES,date,date,""
memgroupcontract,expirationDate,4,,YES,date,date,""
memgroupcontract,contractDescription,5,,YES,varchar,varchar(120),""
memgroupcontract,documentControlNumber,6,,YES,varchar,varchar(20),""
memgroupcontract,changeDateTime,7,"0000-00-00 00:00:00.000",NO,timestamp,timestamp(3),MUL
memgroupcontract,changeUserID,8,,YES,varchar,varchar(20),""
memgroupcontract,createDateTime,9,"0000-00-00 00:00:00.000",NO,timestamp,timestamp(3),""
memgroupcontract,createUserID,10,,YES,varchar,varchar(20),""
memgroupcontract,updateVersion,11,,YES,int,int,""
memgroupcontract,originalContractDate,12,,YES,date,date,""
memgroupcontract,contractExpirationReason,13,,YES,varchar,varchar(3),""
memgroupcontract,migrationInd,14,,YES,smallint,smallint,""
memgroupcontract,priorExpirationDate,15,,YES,date,date,""
memgroupcontract,priorExpirationReason,16,,YES,varchar,varchar(3),""
memgroupcontract,contractReinstatementReason,17,,YES,varchar,varchar(3),""
memgroupcontract,deleteInd,18,,YES,smallint,smallint,""
memgroupcontract,logicalDeleteReason,19,,YES,varchar,varchar(3),""
memgroupcontract,useSysDefaultAccumPairingInd,20,"1",YES,smallint,smallint,""
memgroupcontractaccumsettings,memGroupContractAccumSettingsID,1,,NO,bigint,bigint,PRI
memgroupcontractaccumsettings,memGroupContractID,2,,YES,bigint,bigint,MUL
memgroupcontractaccumsettings,memGroupID,3,,YES,bigint,bigint,MUL
memgroupcontractaccumsettings,deductiblePairingType,4,,YES,varchar,varchar(2),""
memgroupcontractaccumsettings,oopPairingType,5,,YES,varchar,varchar(2),""
memgroupcontractaccumsettings,bypassPairingType,6,,YES,varchar,varchar(2),""
memgroupcontractaccumsettings,maximumPairingType,7,,YES,varchar,varchar(2),""
memgroupcontractaccumsettings,maxCoverageGapDays,8,,YES,smallint,smallint,""
memgroupcontractaccumsettings,effectiveDate,9,,YES,date,date,""
memgroupcontractaccumsettings,expirationDate,10,,YES,date,date,""
memgroupcontractaccumsettings,coveragePopMustMatchInd,11,,YES,smallint,smallint,""
memgroupcontractaccumsettings,benefitBundleOptionMatchInd,12,,YES,smallint,smallint,""
memgroupcontractaccumsettings,memGroupMatchInd,13,,YES,smallint,smallint,""
memgroupcontractaccumsettings,deleteInd,14,,YES,smallint,smallint,""
memgroupcontractaccumsettings,priorExpirationDate,15,,YES,date,date,""
memgroupcontractaccumsettings,logicalDeleteReason,16,,YES,varchar,varchar(3),""
memgroupcontractaccumsettings,priorExpirationReason,17,,YES,varchar,varchar(3),""
memgroupcontractaccumsettings,contractExpirationReason,18,,YES,varchar,varchar(3),""
memgroupcontractaccumsettings,contractReinstatementReason,19,,YES,varchar,varchar(3),""
memgroupcontractaccumsettings,createUserID,20,,YES,varchar,varchar(20),""
memgroupcontractaccumsettings,createDateTime,21,"0000-00-00 00:00:00.000",NO,timestamp,timestamp(3),""
memgroupcontractaccumsettings,changeUserID,22,,YES,varchar,varchar(20),""
memgroupcontractaccumsettings,changeDateTime,23,"0000-00-00 00:00:00.000",NO,timestamp,timestamp(3),MUL
memgroupcontractaccumsettings,updateVersion,24,,YES,int,int,""
memgroupcontractactivationvw,memGroupID,1,"0",NO,bigint,bigint,""
memgroupcontractactivationvw,memGroupName,2,,YES,varchar,varchar(120),""
memgroupcontractactivationvw,effectiveDate,3,,YES,date,date,""
memgroupcontractactivationvw,expirationDate,4,,YES,date,date,""
memgroupcontractactivationvw,memGroupContractID,5,"0",NO,bigint,bigint,""
memgroupcontractaffil,memGroupContractAffilID,1,,NO,bigint,bigint,PRI
memgroupcontractaffil,memGroupContractID,2,,YES,bigint,bigint,MUL
memgroupcontractaffil,owningMemGroupID,3,,YES,bigint,bigint,MUL
memgroupcontractaffil,memGroupID,4,,YES,bigint,bigint,MUL
memgroupcontractaffil,effectiveDate,5,,YES,date,date,""
memgroupcontractaffil,expirationDate,6,,YES,date,date,""
memgroupcontractaffil,deleteInd,7,"0",YES,smallint,smallint,MUL
memgroupcontractaffil,contractExpirationReason,8,,YES,varchar,varchar(3),""
memgroupcontractaffil,priorExpirationReason,9,,YES,varchar,varchar(3),""
memgroupcontractaffil,priorExpirationDate,10,,YES,date,date,""
memgroupcontractaffil,contractReinstatementReason,11,,YES,varchar,varchar(3),""
memgroupcontractaffil,logicalDeleteReason,12,,YES,varchar,varchar(3),""
memgroupcontractaffil,createUserID,13,,YES,varchar,varchar(20),""
memgroupcontractaffil,createDateTime,14,"0000-00-00 00:00:00.000",NO,timestamp,timestamp(3),""
memgroupcontractaffil,changeUserID,15,,YES,varchar,varchar(20),""
memgroupcontractaffil,changeDateTime,16,"0000-00-00 00:00:00.000",NO,timestamp,timestamp(3),MUL
memgroupcontractaffil,updateVersion,17,,YES,int,int,""
memgroupcontractaffil,contractAffilVersion,18,,YES,int,int,""
memgroupcontractaffil,contractAffilID,19,,YES,bigint,bigint,MUL
memgroupcontractaffil,originalActivationDate,20,,YES,date,date,""
memgroupcontractaffil,invalidatedDateTime,21,,YES,timestamp,timestamp(3),""
memgroupcontractaffil,contractAffilStatus,22,,YES,varchar,varchar(2),""
memgroupcontractaffil,hasBeenActivatedInd,23,,YES,smallint,smallint,""
memgroupcontractaffil,migrationInd,24,"0",YES,smallint,smallint,""
memgroupcontractaffil,originalContractDate,25,,YES,date,date,""
memgroupcontractaffil,serviceJobID,26,,YES,varchar,varchar(256),""
memgroupcontractaffil,coverageExtensionInd,27,,YES,smallint,smallint,""
memgroupcontractaffil,lastValidationRunDateTime,28,,YES,timestamp,timestamp(3),""
memgroupcontractaffilbpview,contractAffiliationEffectiveDate,1,,YES,date,date,""
memgroupcontractaffilbpview,contractAffiliationExpirationDate,2,,YES,date,date,""
memgroupcontractaffilbpview,memGroupContractID,3,,YES,bigint,bigint,""
memgroupcontractaffilbpview,memGroupID,4,,YES,bigint,bigint,""
memgroupcontractaffilbpview,owningMemGroupID,5,,YES,bigint,bigint,""
memgroupcontractaffilbpview,billingPreferenceDescription,6,,YES,varchar,varchar(70),""
memgroupcontractaffilbpview,billingPreferenceExternalID,7,,YES,bigint,bigint,""
memgroupcontractaffilbpview,billMemGroupLevel,8,,YES,varchar,varchar(2),""
memgroupcontractaffilbpview,deleteInd,9,,YES,smallint,smallint,""
memgroupcontractaffilbpview,billingPreferenceEffectiveDate,10,,YES,date,date,""
memgroupcontractaffilbpview,billingPreferenceExpirationDate,11,,YES,date,date,""
memgroupcontractaffilbpview,memGroupContractBillingPrefID,12,"0",NO,bigint,bigint,""
memgroupcontractaffilbpview,originalSourceSystemID,13,,YES,varchar,varchar(80),""
memgroupcontractaffilbpview,originalSourceSystemType,14,,YES,varchar,varchar(4),""
memgroupcontractaffilconfig,memGroupContractAffilConfigID,1,,NO,bigint,bigint,PRI
memgroupcontractaffilconfig,memGroupContractAffilID,2,,YES,bigint,bigint,MUL
memgroupcontractaffilconfig,memGroupID,3,,YES,bigint,bigint,""
memgroupcontractaffilconfig,memGroupContractID,4,,YES,bigint,bigint,""
memgroupcontractaffilconfig,inheritMemGroupContractProducerInd,5,,YES,smallint,smallint,""
memgroupcontractaffilconfig,effectiveDate,6,,YES,date,date,""
memgroupcontractaffilconfig,expirationDate,7,,YES,date,date,""
memgroupcontractaffilconfig,deleteInd,8,,YES,smallint,smallint,""
memgroupcontractaffilconfig,logicalDeleteReason,9,,YES,varchar,varchar(3),""
memgroupcontractaffilconfig,priorExpirationDate,10,,YES,date,date,""
memgroupcontractaffilconfig,productType,11,,YES,varchar,varchar(2),""
memgroupcontractaffilconfig,contractOptType,12,,YES,varchar,varchar(2),""
memgroupcontractaffilconfig,createUserID,13,,YES,varchar,varchar(20),""
memgroupcontractaffilconfig,createDateTime,14,"0000-00-00 00:00:00.000",NO,timestamp,timestamp(3),""
memgroupcontractaffilconfig,changeUserID,15,,YES,varchar,varchar(20),""
memgroupcontractaffilconfig,changeDateTime,16,"0000-00-00 00:00:00.000",NO,timestamp,timestamp(3),MUL
memgroupcontractaffilconfig,updateVersion,17,,YES,int,int,""
memgroupcontractaffilcopyhx,memGroupContractAffilCopyHxID,1,,NO,bigint,bigint,PRI
memgroupcontractaffilcopyhx,memGroupContractAffilID,2,,YES,bigint,bigint,MUL
memgroupcontractaffilcopyhx,origMemGroupContractAffilID,3,,YES,bigint,bigint,MUL
memgroupcontractaffilcopyhx,createUserID,4,,YES,varchar,varchar(20),""
memgroupcontractaffilcopyhx,createDateTime,5,"0000-00-00 00:00:00.000",NO,timestamp,timestamp(3),""
memgroupcontractaffilcopyhx,changeUserID,6,,YES,varchar,varchar(20),""
memgroupcontractaffilcopyhx,changeDateTime,7,"0000-00-00 00:00:00.000",NO,timestamp,timestamp(3),MUL
memgroupcontractaffilcopyhx,updateVersion,8,,YES,int,int,""
memgroupcontractaffiliateduivw,memGroupContractAffilID,1,,NO,bigint,bigint,""
memgroupcontractaffiliateduivw,contractAffilID,2,,YES,bigint,bigint,""
memgroupcontractaffiliateduivw,memGroupID,3,,YES,bigint,bigint,""
memgroupcontractaffiliateduivw,owningMemGroupID,4,,YES,bigint,bigint,""
memgroupcontractaffiliateduivw,memGroupContractID,5,,YES,bigint,bigint,""
memgroupcontractaffiliateduivw,effectiveDate,6,,YES,date,date,""
memgroupcontractaffiliateduivw,expirationDate,7,,YES,date,date,""
memgroupcontractaffiliateduivw,deleteInd,8,"0",YES,smallint,smallint,""
memgroupcontractaffiliateduivw,logicalDeleteReason,9,,YES,varchar,varchar(3),""
memgroupcontractaffilopt,memGroupContractAffilOptID,1,,NO,bigint,bigint,PRI
memgroupcontractaffilopt,memGroupContractAffilID,2,,YES,bigint,bigint,MUL
memgroupcontractaffilopt,memGroupID,3,,YES,bigint,bigint,MUL
memgroupcontractaffilopt,memGroupContractID,4,,YES,bigint,bigint,""
memgroupcontractaffilopt,memGroupContractOptID,5,,YES,bigint,bigint,MUL
memgroupcontractaffilopt,owningMemGroupID,6,,YES,bigint,bigint,""
memgroupcontractaffilopt,deleteInd,7,"0",YES,smallint,smallint,MUL
memgroupcontractaffilopt,logicalDeleteReason,8,,YES,varchar,varchar(3),""
memgroupcontractaffilopt,validInd,9,"0",YES,smallint,smallint,""
memgroupcontractaffilopt,validationDateTime,10,,YES,timestamp,timestamp(3),""
memgroupcontractaffilopt,invalidatedDateTime,11,,YES,timestamp,timestamp(3),""
memgroupcontractaffilopt,lastRetroTagDate,12,,YES,date,date,MUL
memgroupcontractaffilopt,createUserID,13,,YES,varchar,varchar(20),""
memgroupcontractaffilopt,createDateTime,14,"0000-00-00 00:00:00.000",NO,timestamp,timestamp(3),""
memgroupcontractaffilopt,changeUserID,15,,YES,varchar,varchar(20),""
memgroupcontractaffilopt,changeDateTime,16,"0000-00-00 00:00:00.000",NO,timestamp,timestamp(3),MUL
memgroupcontractaffilopt,updateVersion,17,,YES,int,int,""
memgroupcontractaffiloptsuivw,memGroupContractAffilID,1,,YES,bigint,bigint,""
memgroupcontractaffiloptsuivw,memGroupContractAffilOptID,2,,NO,bigint,bigint,""
memgroupcontractaffiloptsuivw,validInd,3,"0",YES,smallint,smallint,""
memgroupcontractaffiloptsuivw,contractOptID,4,,YES,bigint,bigint,""
memgroupcontractaffiloptsuivw,contractOptType,5,,YES,varchar,varchar(2),""
memgroupcontractaffiloptsuivw,effectiveDate,6,,YES,date,date,""
memgroupcontractaffiloptsuivw,expirationDate,7,,YES,date,date,""
memgroupcontractaffiloptsuivw,memGroupContractID,8,,YES,bigint,bigint,""
memgroupcontractaffiloptsuivw,memGroupContractOptID,9,"0",NO,bigint,bigint,""
memgroupcontractaffiloptsuivw,memGroupID,10,,YES,bigint,bigint,""
memgroupcontractaffiloptsuivw,optionDescription,11,,YES,varchar,varchar(80),""
memgroupcontractaffiloptsuivw,productType,12,,YES,varchar,varchar(2),""
memgroupcontractaffiloptsv2,contractEffDate,1,,YES,date,date,""
memgroupcontractaffiloptsv2,contractExpDate,2,,YES,date,date,""
memgroupcontractaffiloptsv2,memGroupContractAffilID,3,,YES,bigint,bigint,""
memgroupcontractaffiloptsv2,memGroupContractAffilOptID,4,,NO,bigint,bigint,""
memgroupcontractaffiloptsv2,validInd,5,"0",YES,smallint,smallint,""
memgroupcontractaffiloptsv2,contractOptID,6,,YES,bigint,bigint,""
memgroupcontractaffiloptsv2,contractOptStatus,7,,YES,char,char(1),""
memgroupcontractaffiloptsv2,contractOptType,8,,YES,varchar,varchar(2),""
memgroupcontractaffiloptsv2,effectiveDate,9,,YES,date,date,""
memgroupcontractaffiloptsv2,expirationDate,10,,YES,date,date,""
memgroupcontractaffiloptsv2,memGroupContractID,11,,YES,bigint,bigint,""
memgroupcontractaffiloptsv2,memGroupContractOptID,12,"0",NO,bigint,bigint,""
memgroupcontractaffiloptsv2,memGroupID,13,,YES,bigint,bigint,""
memgroupcontractaffiloptsv2,optionDescription,14,,YES,varchar,varchar(80),""
memgroupcontractaffiloptsv2,planYearMonth,15,,YES,char,char(2),""
memgroupcontractaffiloptsv2,productType,16,,YES,varchar,varchar(2),""
memgroupcontractaffiloptsv2,renewalDate,17,,YES,date,date,""
memgroupcontractaffiloptsv2,situsState,18,,YES,char,char(2),""
memgroupcontractaffiloptsvw,memGroupContractAffilID,1,,YES,bigint,bigint,""
memgroupcontractaffiloptsvw,memGroupContractAffilOptID,2,,NO,bigint,bigint,""
memgroupcontractaffiloptsvw,validInd,3,"0",YES,smallint,smallint,""
memgroupcontractaffiloptsvw,contractOptID,4,,YES,bigint,bigint,""
memgroupcontractaffiloptsvw,contractOptType,5,,YES,varchar,varchar(2),""
memgroupcontractaffiloptsvw,effectiveDate,6,,YES,date,date,""
memgroupcontractaffiloptsvw,expirationDate,7,,YES,date,date,""
memgroupcontractaffiloptsvw,memGroupContractID,8,,YES,bigint,bigint,""
memgroupcontractaffiloptsvw,memGroupContractOptID,9,"0",NO,bigint,bigint,""
memgroupcontractaffiloptsvw,memGroupID,10,,YES,bigint,bigint,""
memgroupcontractaffiloptsvw,optionDescription,11,,YES,varchar,varchar(80),""
memgroupcontractaffiloptsvw,productType,12,,YES,varchar,varchar(2),""
memgroupcontractaffiloptview,memGroupContractAffilOptID,1,,NO,bigint,bigint,""
memgroupcontractaffiloptview,memGroupContractAffilID,2,,NO,bigint,bigint,""
memgroupcontractaffiloptview,contractAffilID,3,,YES,bigint,bigint,""
memgroupcontractaffiloptview,memGroupID,4,,YES,bigint,bigint,""
memgroupcontractaffiloptview,memGroupContractOptID,5,,YES,bigint,bigint,""
memgroupcontractaffiloptview,memGroupContractID,6,,YES,bigint,bigint,""
memgroupcontractaffiloptview,owningMemGroupID,7,,YES,bigint,bigint,""
memgroupcontractaffiloptview,contractAffilStatus,8,,YES,varchar,varchar(2),""
memgroupcontractaffiloptview,effectiveDate,9,,YES,date,date,""
memgroupcontractaffiloptview,expirationDate,10,,YES,date,date,""
memgroupcontractaffilpopview,memGroupContractAffilID,1,,NO,bigint,bigint,""
memgroupcontractaffilpopview,memGroupID,2,,YES,bigint,bigint,""
memgroupcontractaffilpopview,owningMemGroupID,3,,YES,bigint,bigint,""
memgroupcontractaffilpopview,contractAffiliationEffectiveDate,4,,YES,date,date,""
memgroupcontractaffilpopview,contractAffiliationExpirationDate,5,,YES,date,date,""
memgroupcontractaffilpopview,memGroupContractID,6,,YES,bigint,bigint,""
memgroupcontractaffilpopview,memGroupContractAffilOptID,7,,NO,bigint,bigint,""
memgroupcontractaffilpopview,memGroupContractOptID,8,,YES,bigint,bigint,""
memgroupcontractaffilpopview,contractOptType,9,,YES,varchar,varchar(2),""
memgroupcontractaffilpopview,memGroupPopulationID,10,,YES,bigint,bigint,""
memgroupcontractaffilpopview,populationName,11,,YES,varchar,varchar(30),""
memgroupcontractaffilpopview,memGroupPopCategoryID,12,,YES,bigint,bigint,""
memgroupcontractaffilpopview,externalPopulationID,13,,YES,varchar,varchar(50),""
memgroupcontractaffilpopview,memGroupPopulationEffectiveDate,14,,YES,date,date,""
memgroupcontractaffilpopview,memGroupPopulationExpirationDate,15,,YES,date,date,""
memgroupcontractaffilpopview,productType,16,,YES,varchar,varchar(2),""
memgroupcontractaffilpopview,populationType,17,,NO,varchar,varchar(3),""
memgroupcontractaffilpopview,memGroupPopCategoryEffectiveDate,18,,YES,date,date,""
memgroupcontractaffilpopview,memGroupPopCategoryExpirationDate,19,,YES,date,date,""
memgroupcontractaffilpopview,populationAssignmentType,20,,YES,varchar,varchar(4),""
memgroupcontractaffilpopview,deleteInd,21,,YES,smallint,smallint,""
memgroupcontractaffilpopview,optionDescription,22,,YES,varchar,varchar(80),""
memgroupcontractaffilpopview,contractOptID,23,,YES,bigint,bigint,""
memgroupcontractaffilpopview,contractOptEffectiveDate,24,,YES,date,date,""
memgroupcontractaffilpopview,contractOptExpirationDate,25,,YES,date,date,""
memgroupcontractaffilpopview,contractOptPopEffectiveDate,26,,YES,date,date,""
memgroupcontractaffilpopview,contractOptPopExpirationDate,27,,YES,date,date,""
memgroupcontractaffiltype,memGroupContractAffilTypeID,1,,NO,bigint,bigint,PRI
memgroupcontractaffiltype,productType,2,,YES,varchar,varchar(2),""
memgroupcontractaffiltype,contractOptType,3,,YES,varchar,varchar(2),""
memgroupcontractaffiltype,deleteInd,4,,YES,smallint,smallint,""
memgroupcontractaffiltype,memGroupContractAffilID,5,,YES,bigint,bigint,MUL
memgroupcontractaffiltype,memGroupID,6,,YES,bigint,bigint,""
memgroupcontractaffiltype,createUserID,7,,YES,varchar,varchar(20),""
memgroupcontractaffiltype,createDateTime,8,"0000-00-00 00:00:00.000",NO,timestamp,timestamp(3),""
memgroupcontractaffiltype,changeUserID,9,,YES,varchar,varchar(20),""
memgroupcontractaffiltype,changeDateTime,10,"0000-00-00 00:00:00.000",NO,timestamp,timestamp(3),MUL
memgroupcontractaffiltype,updateVersion,11,,YES,int,int,""
memgroupcontractaffiltype,memGroupContractID,12,,YES,bigint,bigint,MUL
memgroupcontractaffilview,contractAffilID,1,,YES,bigint,bigint,""
memgroupcontractaffilview,contractAffilStatus,2,,YES,varchar,varchar(2),""
memgroupcontractaffilview,contractAffilVersion,3,,YES,int,int,""
memgroupcontractaffilview,contractExpirationReason,4,,YES,varchar,varchar(3),""
memgroupcontractaffilview,contractReinstatementReason,5,,YES,varchar,varchar(3),""
memgroupcontractaffilview,deleteInd,6,"0",YES,smallint,smallint,""
memgroupcontractaffilview,effectiveDate,7,,YES,date,date,""
memgroupcontractaffilview,expirationDate,8,,YES,date,date,""
memgroupcontractaffilview,logicalDeleteReason,9,,YES,varchar,varchar(3),""
memgroupcontractaffilview,memGroupContractAffilID,10,,NO,bigint,bigint,""
memgroupcontractaffilview,memGroupContractID,11,,YES,bigint,bigint,""
memgroupcontractaffilview,memGroupID,12,,YES,bigint,bigint,""
memgroupcontractaffilview,owningMemGroupID,13,,YES,bigint,bigint,""
memgroupcontractaffilview,priorExpirationDate,14,,YES,date,date,""
memgroupcontractaffilview,priorExpirationReason,15,,YES,varchar,varchar(3),""
memgroupcontractaffilview,contractOptType,16,,YES,varchar,varchar(2),""
memgroupcontractaffilview,memGroupContractAffilTypeID,17,,NO,bigint,bigint,""
memgroupcontractaffilview,productType,18,,YES,varchar,varchar(2),""
memgroupcontractauditdetail,auditDetailID,1,"0",NO,bigint,bigint,PRI
memgroupcontractauditdetail,createDateTime,2,"0000-00-00 00:00:00.000",NO,timestamp,timestamp(3),""
memgroupcontractauditdetail,createUserID,3,,YES,varchar,varchar(20),""
memgroupcontractauditdetail,changeDateTime,4,"0000-00-00 00:00:00.000",NO,timestamp,timestamp(3),MUL
memgroupcontractauditdetail,changeUserID,5,,YES,varchar,varchar(20),""
memgroupcontractauditdetail,updateVersion,6,,YES,int,int,""
memgroupcontractauditdetail,auditText,7,,YES,varchar,varchar(4000),""
memgroupcontractauditdetail,tableName,8,,YES,varchar,varchar(32),""
memgroupcontractauditdetail,memGroupContractID,9,,YES,bigint,bigint,MUL
memgroupcontractbillingpref,memGroupContractBillingPrefID,1,"0",NO,bigint,bigint,PRI
memgroupcontractbillingpref,memGroupContractID,2,,YES,bigint,bigint,MUL
memgroupcontractbillingpref,memGroupID,3,,YES,bigint,bigint,MUL
memgroupcontractbillingpref,billingMemGroupID,4,,YES,bigint,bigint,MUL
memgroupcontractbillingpref,billMemGroupLevel,5,,YES,varchar,varchar(2),""
memgroupcontractbillingpref,consolidateBillingInd,6,,YES,smallint,smallint,""
memgroupcontractbillingpref,effectiveDate,7,,YES,date,date,""
memgroupcontractbillingpref,expirationDate,8,,YES,date,date,""
memgroupcontractbillingpref,createUserID,9,,YES,varchar,varchar(20),""
memgroupcontractbillingpref,createDateTime,10,"0000-00-00 00:00:00.000",NO,timestamp,timestamp(3),""
memgroupcontractbillingpref,changeUserID,11,,YES,varchar,varchar(20),""
memgroupcontractbillingpref,changeDateTime,12,"0000-00-00 00:00:00.000",NO,timestamp,timestamp(3),MUL
memgroupcontractbillingpref,updateVersion,13,,YES,int,int,""
memgroupcontractbillingpref,languagePreferenceCode,14,,YES,varchar,varchar(4),""
memgroupcontractbillingpref,invoiceType,15,,YES,varchar,varchar(2),""
memgroupcontractbillingpref,invoiceGenerationType,16,,YES,varchar,varchar(2),""
memgroupcontractbillingpref,invoiceCycleType,17,,YES,varchar,varchar(2),""
memgroupcontractbillingpref,invoiceFormatType,18,,YES,varchar,varchar(2),""
memgroupcontractbillingpref,invoicePresentationMethodType,19,,YES,varchar,varchar(2),""
memgroupcontractbillingpref,premiumBillingPeriodType,20,,YES,varchar,varchar(2),""
memgroupcontractbillingpref,paymentTermsType,21,,YES,varchar,varchar(2),""
memgroupcontractbillingpref,memGroupContactID,22,,YES,bigint,bigint,MUL
memgroupcontractbillingpref,memGroupContactAddressID,23,,YES,bigint,bigint,""
memgroupcontractbillingpref,memGroupContactPhoneID,24,,YES,bigint,bigint,""
memgroupcontractbillingpref,memGroupContactElectronicComID,25,,YES,bigint,bigint,""
memgroupcontractbillingpref,deleteInd,26,,YES,smallint,smallint,""
memgroupcontractbillingpref,alphaParentID,27,,YES,bigint,bigint,""
memgroupcontractbillingpref,parentID,28,,YES,bigint,bigint,""
memgroupcontractbillingpref,childInd,29,,YES,smallint,smallint,""
memgroupcontractbillingpref,originalSourceSystemType,30,,YES,varchar,varchar(4),""
memgroupcontractbillingpref,originalSourceSystemID,31,,YES,varchar,varchar(80),""
memgroupcontractbillingpref,billingPrefMembershipType,32,,YES,varchar,varchar(2),""
memgroupcontractbillingpref,prorationMethodType,33,,YES,varchar,varchar(2),""
memgroupcontractbillingpref,prefMonthlyPaymentMethodType,34,,YES,varchar,varchar(2),""
memgroupcontractbillingpref,billingPreferenceExternalID,35,,YES,bigint,bigint,MUL
memgroupcontractbillingpref,billingPreferenceDescription,36,,YES,varchar,varchar(70),""
memgroupcontractbillingpref,originalSourceContactID,37,,YES,varchar,varchar(80),""
memgroupcontractbillingpref,priorExpirationDate,38,,YES,date,date,""
memgroupcontractbillingpref,logicalDeleteReason,39,,YES,varchar,varchar(3),""
memgroupcontractbillprefview,memGroupContractBillingPrefID,1,"0",NO,bigint,bigint,""
memgroupcontractbillprefview,billMemGroupLevel,2,,YES,varchar,varchar(2),""
memgroupcontractbillprefview,billingPrefMembershipType,3,,YES,varchar,varchar(2),""
memgroupcontractbillprefview,invoiceCycleType,4,,YES,varchar,varchar(2),""
memgroupcontractbillprefview,deleteInd,5,,YES,smallint,smallint,""
memgroupcontractbillprefview,effectiveDate,6,,YES,date,date,""
memgroupcontractbillprefview,expirationDate,7,,YES,date,date,""
memgroupcontractbillprefview,parentID,8,,YES,bigint,bigint,""
memgroupcontractbillprefview,memGroupID,9,,YES,bigint,bigint,""
memgroupcontractbillprefview,memGroupContractID,10,,YES,bigint,bigint,""
memgroupcontractbillprefview,nameLast,11,,YES,varchar,varchar(60),""
memgroupcontractbillprefview,nameFirst,12,,YES,varchar,varchar(35),""
memgroupcontractbillprefview,invoiceFormatType,13,,YES,varchar,varchar(2),""
memgroupcontractbillprefview,invoicePresentationMethodType,14,,YES,varchar,varchar(2),""
memgroupcontractdatavw,memGroupContractOptID,1,"0",NO,bigint,bigint,""
memgroupcontractdatavw,memGroupContractID,2,,YES,bigint,bigint,""
memgroupcontractdatavw,memGroupID,3,,YES,bigint,bigint,""
memgroupcontractdatavw,effectiveDate,4,,YES,date,date,""
memgroupcontractdatavw,expirationDate,5,,YES,date,date,""
memgroupcontractdatavw,situsState,6,,YES,char,char(2),""
memgroupcontractdatavw,contractOptStatus,7,,YES,char,char(1),""
memgroupcontractdatavw,contractOptType,8,,YES,varchar,varchar(2),""
memgroupcontractdatavw,lineOfBusinessID,9,,YES,bigint,bigint,""
memgroupcontractdatavw,memGroupContractOptDeleteInd,10,,YES,smallint,smallint,""
memgroupcontractdatavw,memGroupContractOptChangeDateTime,11,"0000-00-00 00:00:00.000",NO,timestamp,timestamp(3),""
memgroupcontractdatavw,memGroupContractPlanOptionID,12,"0",NO,bigint,bigint,""
memgroupcontractdatavw,benefitBundleID,13,,YES,bigint,bigint,""
memgroupcontractdatavw,benefitBundleOptionID,14,,YES,bigint,bigint,""
memgroupcontractdatavw,planOptionDescription,15,,YES,varchar,varchar(80),""
memgroupcontractdatavw,memGroupContractPlanOptDeleteInd,16,,YES,smallint,smallint,""
memgroupcontractdatavw,planOptionID,17,,YES,varchar,varchar(8),""
memgroupcontractdatavw,originalPlanOptionID,18,,YES,varchar,varchar(8),""
memgroupcontractdatavw,sellingCarrierID,19,,YES,bigint,bigint,""
memgroupcontractdatavw,bookOfBusinessType,20,,YES,varchar,varchar(2),""
memgroupcontractdatavw,brandingEntity,21,,YES,varchar,varchar(40),""
memgroupcontractdatavw,memGroupContractPlanOptChangeDateTime,22,"0000-00-00 00:00:00.000",NO,timestamp,timestamp(3),""
memgroupcontractdatavw,stoplossPolicyID,23,,YES,bigint,bigint,""
memgroupcontractdatavw,memGroupContractPlanSLDeleteInd,24,,YES,smallint,smallint,""
memgroupcontractdatavw,memGroupContractPlanSLChangeDateTime,25,"0000-00-00 00:00:00.000",NO,timestamp,timestamp(3),""
memgroupcontractdatavw,memGroupContractPlanOptReserveID,26,,NO,bigint,bigint,""
memgroupcontractdatavw,entityReserveID,27,,YES,bigint,bigint,""
memgroupcontractdatavw,mgcPlanOptReserveDeleteInd,28,,YES,smallint,smallint,""
memgroupcontractdatavw,mgcPlanOptReserveChangeDateTime,29,"0000-00-00 00:00:00.000",NO,timestamp,timestamp(3),""
memgroupcontractdetailsvw,memGroupID,1,,YES,bigint,bigint,""
memgroupcontractdetailsvw,memGroupContractID,2,,YES,bigint,bigint,""
memgroupcontractdetailsvw,contractOptStatus,3,,YES,char,char(1),""
memgroupcontractdetailsvw,effectiveDate,4,,YES,date,date,""
memgroupcontractdetailsvw,expirationDate,5,,YES,date,date,""
memgroupcontractdetailsvw,memGroupContractPlanOptionID,6,"0",NO,bigint,bigint,""
memgroupcontractdetailsvw,entityReserveID,7,,YES,bigint,bigint,""
memgroupcontractdetailsvw,deleteInd,8,,YES,smallint,smallint,""
memgroupcontractdistchannel,memGroupContractDistChannelID,1,"0",NO,bigint,bigint,PRI
memgroupcontractdistchannel,memGroupContractID,2,,YES,bigint,bigint,MUL
memgroupcontractdistchannel,memGroupID,3,,YES,bigint,bigint,""
memgroupcontractdistchannel,distributionChannelID,4,,YES,varchar,varchar(10),""
memgroupcontractdistchannel,effectiveDate,5,,YES,date,date,""
memgroupcontractdistchannel,expirationDate,6,,YES,date,date,""
memgroupcontractdistchannel,createUserID,7,,YES,varchar,varchar(20),""
memgroupcontractdistchannel,createDateTime,8,"0000-00-00 00:00:00.000",NO,timestamp,timestamp(3),""
memgroupcontractdistchannel,changeUserID,9,,YES,varchar,varchar(20),""
memgroupcontractdistchannel,changeDateTime,10,"0000-00-00 00:00:00.000",NO,timestamp,timestamp(3),MUL
memgroupcontractdistchannel,updateVersion,11,,YES,int,int,""
memgroupcontractdistchannel,priorExpirationDate,12,,YES,date,date,""
memgroupcontractdistchannel,deleteInd,13,,YES,smallint,smallint,""
memgroupcontractdistchannel,logicalDeleteReason,14,,YES,varchar,varchar(3),""
memgroupcontractevent,memGroupContractEventID,1,"0",NO,bigint,bigint,PRI
memgroupcontractevent,memGroupContractID,2,,YES,bigint,bigint,MUL
memgroupcontractevent,memGroupContractEventType,3,,YES,varchar,varchar(10),""
memgroupcontractevent,eventCompleteDateTime,4,,YES,timestamp,timestamp(3),""
memgroupcontractevent,changeDateTime,5,"0000-00-00 00:00:00.000",NO,timestamp,timestamp(3),MUL
memgroupcontractevent,changeUserID,6,,YES,varchar,varchar(20),""
memgroupcontractevent,createDateTime,7,"0000-00-00 00:00:00.000",NO,timestamp,timestamp(3),""
memgroupcontractevent,createUserID,8,,YES,varchar,varchar(20),""
memgroupcontractevent,updateVersion,9,,YES,int,int,""
memgroupcontractevent,memGroupID,10,,YES,bigint,bigint,MUL
memgroupcontractevent,extSysType,11,,YES,char,char(5),""
memgroupcontractevent,parentEventID,12,,YES,bigint,bigint,MUL
memgroupcontractevent,eventStartDateTime,13,,YES,timestamp,timestamp(3),""
memgroupcontractevent,memGroupContractEventStatus,14,,YES,varchar,varchar(2),""
memgroupcontractevent,contractOptID,15,,YES,bigint,bigint,MUL
memgroupcontractevent,eventPayload,16,,YES,text,text,""
memgroupcontractevent,memGroupContractOptID,17,,YES,bigint,bigint,""
memgroupcontractevent,memGroupContractPlanOptionID,18,,YES,bigint,bigint,""
memgroupcontractevent,planOptionID,19,,YES,varchar,varchar(8),""
memgroupcontractevent,contractEventDesc,20,,YES,varchar,varchar(2000),""
memgroupcontractevent,contractOptVersion,21,,YES,int,int,""
memgroupcontractevent,originalEventDate,22,,YES,date,date,""
memgroupcontractevent,transactionID,23,,YES,varchar,varchar(255),MUL
memgroupcontractevent,contractAffilID,24,,YES,bigint,bigint,""
memgroupcontractevent,contractAffilVersion,25,,YES,int,int,""
memgroupcontractevent,exportFileKey,26,,YES,varchar,varchar(200),""
memgroupcontractevent,serviceJobID,27,,YES,varchar,varchar(256),""
memgroupcontractevent,contractOptType,28,,YES,varchar,varchar(2),""
memgroupcontracteventdetail,memGroupContractEventDetailID,1,,NO,bigint,bigint,PRI
memgroupcontracteventdetail,memGroupContractEventID,2,,YES,bigint,bigint,MUL
memgroupcontracteventdetail,metaDataVersion,3,,YES,smallint,smallint,""
memgroupcontracteventdetail,transactionType,4,,YES,char,char(2),""
memgroupcontracteventdetail,submitterName,5,,YES,varchar,varchar(20),""
memgroupcontracteventdetail,transactionEventDateTime,6,,YES,timestamp,timestamp(3),""
memgroupcontracteventdetail,changeDateTime,7,"0000-00-00 00:00:00.000",NO,timestamp,timestamp(3),MUL
memgroupcontracteventdetail,changeUserID,8,,YES,varchar,varchar(20),""
memgroupcontracteventdetail,createDateTime,9,"0000-00-00 00:00:00.000",NO,timestamp,timestamp(3),""
memgroupcontracteventdetail,createUserID,10,,YES,varchar,varchar(20),""
memgroupcontracteventdetail,updateVersion,11,,YES,int,int,""
memgroupcontracteventdetail,transactionCategory,12,,YES,varchar,varchar(10),""
memgroupcontracteventdetail,memGroupContractID,13,,YES,bigint,bigint,MUL
memgroupcontracteventdetail,memGroupID,14,,YES,bigint,bigint,MUL
memgroupcontracteventdetailvw,memGroupContractEventID,1,"0",NO,bigint,bigint,""
memgroupcontracteventdetailvw,transactionID,2,,YES,varchar,varchar(255),""
memgroupcontracteventdetailvw,transactionType,3,,YES,char,char(2),""
memgroupcontracteventdetailvw,memGroupContractEventType,4,,YES,varchar,varchar(10),""
memgroupcontractextid,memGroupContractExtIDID,1,"0",NO,bigint,bigint,PRI
memgroupcontractextid,memGroupContractID,2,,YES,bigint,bigint,MUL
memgroupcontractextid,memGroupID,3,,YES,bigint,bigint,""
memgroupcontractextid,originalSourceSystemType,4,,YES,varchar,varchar(4),""
memgroupcontractextid,originalSourceSystemID,5,,YES,varchar,varchar(80),""
memgroupcontractextid,changeDateTime,6,"0000-00-00 00:00:00.000",NO,timestamp,timestamp(3),MUL
memgroupcontractextid,changeUserID,7,,YES,varchar,varchar(20),""
memgroupcontractextid,createDateTime,8,"0000-00-00 00:00:00.000",NO,timestamp,timestamp(3),""
memgroupcontractextid,createUserID,9,,YES,varchar,varchar(20),""
memgroupcontractextid,updateVersion,10,,YES,int,int,""
memgroupcontractextid,deleteInd,11,,YES,smallint,smallint,""
memgroupcontractextid,logicalDeleteReason,12,,YES,varchar,varchar(3),""
memgroupcontractextidview,memGroupID,1,,YES,bigint,bigint,""
memgroupcontractextidview,memGroupContractID,2,"0",NO,bigint,bigint,""
memgroupcontractextidview,contractDescription,3,,YES,varchar,varchar(120),""
memgroupcontractextidview,effectiveDate,4,,YES,date,date,""
memgroupcontractextidview,expirationDate,5,,YES,date,date,""
memgroupcontractextidview,originalSourceSystemID,6,,YES,varchar,varchar(80),""
memgroupcontractgovtreport,memGroupContractGovtReportID,1,"0",NO,bigint,bigint,PRI
memgroupcontractgovtreport,memGroupContractPlanOptionID,2,,YES,bigint,bigint,MUL
memgroupcontractgovtreport,memGroupContractOptID,3,,YES,bigint,bigint,MUL
memgroupcontractgovtreport,memGroupContractID,4,,YES,bigint,bigint,MUL
memgroupcontractgovtreport,memGroupID,5,,YES,bigint,bigint,""
memgroupcontractgovtreport,govtReportType,6,,YES,varchar,varchar(2),""
memgroupcontractgovtreport,effectiveDate,7,,YES,date,date,""
memgroupcontractgovtreport,expirationDate,8,,YES,date,date,""
memgroupcontractgovtreport,createDateTime,9,"0000-00-00 00:00:00.000",NO,timestamp,timestamp(3),""
memgroupcontractgovtreport,createUserID,10,,YES,varchar,varchar(20),""
memgroupcontractgovtreport,changeDateTime,11,"0000-00-00 00:00:00.000",NO,timestamp,timestamp(3),MUL
memgroupcontractgovtreport,changeUserID,12,,YES,varchar,varchar(20),""
memgroupcontractgovtreport,updateVersion,13,,YES,int,int,""
memgroupcontractgovtreport,deleteInd,14,,YES,smallint,smallint,""
memgroupcontractgovtreport,logicalDeleteReason,15,,YES,varchar,varchar(3),""
memgroupcontractgovtreport,priorExpirationDate,16,,YES,date,date,""
memgroupcontractmigration,memGroupContractMigrationID,1,,NO,bigint,bigint,PRI
memgroupcontractmigration,productType,2,,YES,varchar,varchar(2),""
memgroupcontractmigration,contractOptType,3,,YES,varchar,varchar(2),""
memgroupcontractmigration,migrationInd,4,,YES,smallint,smallint,""
memgroupcontractmigration,originalContractDate,5,,YES,date,date,""
memgroupcontractmigration,originalSourceSystemType,6,,YES,varchar,varchar(4),""
memgroupcontractmigration,memGroupContractID,7,,YES,bigint,bigint,MUL
memgroupcontractmigration,memGroupID,8,,YES,bigint,bigint,MUL
memgroupcontractmigration,affilMemGroupID,9,,YES,bigint,bigint,""
memgroupcontractmigration,deleteInd,10,,YES,smallint,smallint,""
memgroupcontractmigration,logicalDeleteReason,11,,YES,varchar,varchar(3),""
memgroupcontractmigration,logicalDeleteDate,12,,YES,date,date,""
memgroupcontractmigration,migContractOptEffDate,13,,YES,date,date,""
memgroupcontractmigration,updateVersion,14,,YES,int,int,""
memgroupcontractmigration,changeDateTime,15,"0000-00-00 00:00:00.000",NO,timestamp,timestamp(3),MUL
memgroupcontractmigration,changeUserID,16,,YES,varchar,varchar(20),""
memgroupcontractmigration,createDateTime,17,"0000-00-00 00:00:00.000",NO,timestamp,timestamp(3),""
memgroupcontractmigration,createUserID,18,,YES,varchar,varchar(20),""
memgroupcontractopenenroll,memGroupContractOpenEnrollID,1,"0",NO,bigint,bigint,PRI
memgroupcontractopenenroll,memGroupContractOptID,2,,YES,bigint,bigint,MUL
memgroupcontractopenenroll,memGroupContractID,3,,YES,bigint,bigint,""
memgroupcontractopenenroll,memGroupID,4,,YES,bigint,bigint,""
memgroupcontractopenenroll,memGroupContractOptPopID,5,,YES,bigint,bigint,MUL
memgroupcontractopenenroll,openEnrollmentExpirationDate,6,,YES,date,date,""
memgroupcontractopenenroll,openEnrollmentEffectiveDate,7,,YES,date,date,""
memgroupcontractopenenroll,changeDateTime,8,"0000-00-00 00:00:00.000",NO,timestamp,timestamp(3),MUL
memgroupcontractopenenroll,changeUserID,9,,YES,varchar,varchar(20),""
memgroupcontractopenenroll,createDateTime,10,"0000-00-00 00:00:00.000",NO,timestamp,timestamp(3),""
memgroupcontractopenenroll,createUserID,11,,YES,varchar,varchar(20),""
memgroupcontractopenenroll,updateVersion,12,,YES,int,int,""
memgroupcontractopenenroll,deleteInd,13,,YES,smallint,smallint,""
memgroupcontractopenenroll,logicalDeleteReason,14,,YES,varchar,varchar(3),""
memgroupcontractopenenroll,priorExpirationDate,15,,YES,date,date,""
memgroupcontractopenenroll,enrollmentPeriodType,16,OE,YES,varchar,varchar(3),""
memgroupcontractoprxextvwv3,memGroupContractID,1,"0",NO,bigint,bigint,""
memgroupcontractoprxextvwv3,memGroupName,2,,YES,varchar,varchar(120),""
memgroupcontractoprxextvwv3,memGroupID,3,"0",NO,bigint,bigint,""
memgroupcontractoprxextvwv3,contractExpirationDate,4,,YES,date,date,""
memgroupcontractoprxextvwv3,industryClassCode,5,,YES,char,char(6),""
memgroupcontractoprxextvwv3,exchangeType,6,,YES,varchar,varchar(1),""
memgroupcontractoprxextvwv3,contractEffectiveDate,7,,YES,date,date,""
memgroupcontractoprxextvwv3,benefitBundleOptionID,8,,YES,bigint,bigint,""
memgroupcontractoprxextvwv3,situsState,9,,YES,char,char(2),""
memgroupcontractoprxextvwv3,contractOptEffectiveDate,10,,YES,date,date,""
memgroupcontractoprxextvwv3,contractOptExpirationDate,11,,YES,date,date,""
memgroupcontractoprxextvwv3,enrollmentInsuringRulesPopInd,12,,YES,smallint,smallint,""
memgroupcontractoprxextvwv3,planYearMonth,13,,YES,char,char(2),""
memgroupcontractoprxextvwv3,memGroupContractPlanOptionID,14,"0",NO,bigint,bigint,""
memgroupcontractoprxextvwv3,memGroupContractOptID,15,"0",NO,bigint,bigint,""
memgroupcontractoprxextvwv3,benPeriodStartDate,16,,YES,date,date,""
memgroupcontractoprxextvwv3,benPeriodEndDate,17,,YES,date,date,""
memgroupcontractoprxextvwv3,industryClassCodeType,18,,YES,char,char(2),""
memgroupcontractoprxextvwv3,originalContractDate,19,,YES,date,date,""
memgroupcontractoprxextvwv3,migrationInd,20,"0",YES,smallint,smallint,""
memgroupcontractoprxextvwv3,memGroupContractOptDeleteInd,21,,YES,smallint,smallint,""
memgroupcontractoprxextvwv3,memGroupContractPlanOptionDeleteInd,22,,YES,smallint,smallint,""
memgroupcontractoprxextvwv3,address1,23,,YES,varchar,varchar(55),""
memgroupcontractoprxextvwv3,address2,24,,YES,varchar,varchar(55),""
memgroupcontractoprxextvwv3,city,25,,YES,varchar,varchar(50),""
memgroupcontractoprxextvwv3,state,26,,YES,varchar,varchar(2),""
memgroupcontractoprxextvwv3,postalCode,27,,YES,varchar,varchar(20),""
memgroupcontractoprxextvwv3,country,28,,YES,varchar,varchar(3),""
memgroupcontractoprxextvwv3,phoneNum,29,,YES,varchar,varchar(30),""
memgroupcontractoprxextvwv3,segmentValue,30,,YES,varchar,varchar(30),""
memgroupcontractoprxextvwv3,planOptionID,31,,YES,varchar,varchar(8),""
memgroupcontractoprxextvwv3,contractOptID,32,,YES,bigint,bigint,""
memgroupcontractoprxextvwv3,contractOptStatus,33,,YES,char,char(1),""
memgroupcontractoprxextvwv3,derivedMemGroupID,34,,YES,bigint,bigint,""
memgroupcontractoprxextvwv3,contractAffilEffectiveDate,35,,YES,date,date,""
memgroupcontractoprxextvwv3,contractAffilExpirationDate,36,,YES,date,date,""
memgroupcontractoprxextvwv3,sellingCarrierID,37,,YES,bigint,bigint,""
memgroupcontractopt,memGroupContractOptID,1,"0",NO,bigint,bigint,PRI
memgroupcontractopt,memGroupContractID,2,,YES,bigint,bigint,MUL
memgroupcontractopt,memGroupID,3,,YES,bigint,bigint,MUL
memgroupcontractopt,optionDescription,4,,YES,varchar,varchar(80),""
memgroupcontractopt,populationOpenEnrollmentInd,5,,YES,smallint,smallint,""
memgroupcontractopt,effectiveDate,6,,YES,date,date,""
memgroupcontractopt,expirationDate,7,,YES,date,date,""
memgroupcontractopt,runOutDate,8,,YES,date,date,""
memgroupcontractopt,changeDateTime,9,"0000-00-00 00:00:00.000",NO,timestamp,timestamp(3),MUL
memgroupcontractopt,changeUserID,10,,YES,varchar,varchar(20),""
memgroupcontractopt,createDateTime,11,"0000-00-00 00:00:00.000",NO,timestamp,timestamp(3),""
memgroupcontractopt,createUserID,12,,YES,varchar,varchar(20),""
memgroupcontractopt,updateVersion,13,,YES,int,int,""
memgroupcontractopt,participationType,14,,YES,varchar,varchar(1),""
memgroupcontractopt,situsState,15,,YES,char,char(2),""
memgroupcontractopt,planYearMonth,16,,YES,char,char(2),""
memgroupcontractopt,enrollmentInsuringRulesPopInd,17,,YES,smallint,smallint,""
memgroupcontractopt,splitFamilyElectionsInd,18,,YES,smallint,smallint,""
memgroupcontractopt,dependentOnlyInd,19,,YES,smallint,smallint,""
memgroupcontractopt,relatedMemGroupTermInd,20,,YES,smallint,smallint,""
memgroupcontractopt,deleteInd,21,,YES,smallint,smallint,""
memgroupcontractopt,logicalDeleteReason,22,,YES,varchar,varchar(3),""
memgroupcontractopt,priorExpirationDate,23,,YES,date,date,""
memgroupcontractopt,contractExpirationReason,24,,YES,varchar,varchar(3),""
memgroupcontractopt,contractReinstatementReason,25,,YES,varchar,varchar(3),""
memgroupcontractopt,requiresActiveReenrollmentInd,26,,YES,smallint,smallint,""
memgroupcontractopt,externalContractID,27,,YES,varchar,varchar(30),""
memgroupcontractopt,contractOptStatus,28,,YES,char,char(1),MUL
memgroupcontractopt,originalActivationDate,29,,YES,date,date,""
memgroupcontractopt,lastRetroTagDate,30,,YES,date,date,""
memgroupcontractopt,lastEffectiveRuleTagDate,31,,YES,date,date,""
memgroupcontractopt,activationDateTime,32,,YES,timestamp,timestamp(3),""
memgroupcontractopt,deactivationDateTime,33,,YES,timestamp,timestamp(3),""
memgroupcontractopt,defaultAccountOrderInd,34,,YES,smallint,smallint,""
memgroupcontractopt,contractOptType,35,,YES,varchar,varchar(2),MUL
memgroupcontractopt,contractOptVersion,36,,YES,int,int,""
memgroupcontractopt,promptPaySchedID,37,,YES,varchar,varchar(30),""
memgroupcontractopt,renewalContractLengthType,38,,YES,varchar,varchar(2),""
memgroupcontractopt,autoAssumedRenewalInd,39,,YES,smallint,smallint,""
memgroupcontractopt,ratingCountyFIPS,40,,YES,char,char(5),""
memgroupcontractopt,ratingState,41,,YES,char,char(2),""
memgroupcontractopt,ratingZip,42,,YES,char,char(5),""
memgroupcontractopt,regionCode,43,,YES,varchar,varchar(30),""
memgroupcontractopt,validInd,44,,YES,smallint,smallint,""
memgroupcontractopt,billingPrefAssignmentType,45,,YES,varchar,varchar(2),""
memgroupcontractopt,contractOptID,46,,YES,bigint,bigint,MUL
memgroupcontractopt,expirationDateV2,47,,YES,date,date,""
memgroupcontractopt,previousContractOptID,48,,YES,bigint,bigint,""
memgroupcontractopt,renewalDate,49,,YES,date,date,""
memgroupcontractopt,hasBeenActivatedInd,50,,YES,smallint,smallint,""
memgroupcontractopt,exchangeType,51,,YES,varchar,varchar(1),""
memgroupcontractopt,productType,52,,YES,varchar,varchar(2),""
memgroupcontractopt,sysPhoneNumberID,53,,YES,bigint,bigint,""
memgroupcontractopt,lineOfBusinessID,54,,YES,bigint,bigint,""
memgroupcontractopt,autoEnrollInd,55,"0",YES,smallint,smallint,""
memgroupcontractopt,autoEnrollContractOptType,56,,YES,varchar,varchar(2),""
memgroupcontractopt,aggregateLevelFactor,57,"0.0000",YES,decimal,"decimal(7,4)",""
memgroupcontractopt,rxPricingSetID,58,,YES,bigint,bigint,""
memgroupcontractopt,surpriseBillOptInInd,59,,YES,smallint,smallint,""
memgroupcontractopt,expirationType,60,,YES,varchar,varchar(3),""
memgroupcontractopt,continuationResponsibilityType,61,,YES,varchar,varchar(3),""
memgroupcontractopt,continuationSchedID,62,,YES,varchar,varchar(40),""
memgroupcontractopt,continuationCoverageType,63,,YES,varchar,varchar(3),""
memgroupcontractopt,atOccupationCoverageInd,64,"0",YES,smallint,smallint,""
memgroupcontractopt,serviceJobID,65,,YES,varchar,varchar(256),""
memgroupcontractopt,classOutInd,66,,YES,smallint,smallint,""
memgroupcontractopt,employClassCode,67,,YES,varchar,varchar(2),""
memgroupcontractopt,missedManualRenewalType,68,,YES,varchar,varchar(2),""
memgroupcontractopt,subContractOptInd,69,,YES,smallint,smallint,""
memgroupcontractopt,continuousBillInd,70,,YES,smallint,smallint,""
memgroupcontractopt,reuseBundleOptionInd,71,,YES,smallint,smallint,""
memgroupcontractopt,performanceRewardsInd,72,,YES,smallint,smallint,""
memgroupcontractopt,performanceFundingInd,73,,YES,smallint,smallint,""
memgroupcontractopt,retentionPercentage,74,,YES,decimal,"decimal(10,2)",""
memgroupcontractopt,reservesPercentage,75,,YES,decimal,"decimal(10,2)",""
memgroupcontractopt,uBundleInd,76,,YES,smallint,smallint,""
memgroupcontractopt,uBundleDiscountPct,77,,YES,decimal,"decimal(10,2)",""
memgroupcontractopt,uBundleDentalInd,78,,YES,smallint,smallint,""
memgroupcontractopt,uBundleVisionInd,79,,YES,smallint,smallint,""
memgroupcontractopt,uBundleFinancialProtectionInd,80,,YES,smallint,smallint,""
memgroupcontractopt,surplusCapInd,81,,YES,smallint,smallint,""
memgroupcontractopt,surplusSharePct,82,,YES,decimal,"decimal(7,4)",""
memgroupcontractopt,lastValidationRunDateTime,83,,YES,timestamp,timestamp(3),""
memgroupcontractopt,renewalRatingZip,84,,YES,char,char(5),""
memgroupcontractopt,renewalRatingState,85,,YES,char,char(2),""
memgroupcontractopt,renewalRatingCountyFIPS,86,,YES,char,char(5),""
memgroupcontractopt,renewalRegionCode,87,,YES,varchar,varchar(30),""
memgroupcontractopt,runOutType,88,,YES,varchar,varchar(5),""
memgroupcontractopt,spdOptOutInd,89,"0",YES,smallint,smallint,""
memgroupcontractoptaffilview,memGroupID,1,,YES,bigint,bigint,""
memgroupcontractoptaffilview,memGroupName,2,,YES,varchar,varchar(120),""
memgroupcontractoptaffilview,owningMemGroupID,3,,YES,bigint,bigint,""
memgroupcontractoptaffilview,memGroupContractID,4,,YES,bigint,bigint,""
memgroupcontractoptaffilview,contractDescription,5,,YES,varchar,varchar(120),""
memgroupcontractoptaffilview,memGroupContractOptID,6,,YES,bigint,bigint,""
memgroupcontractoptaffilview,memGroupContractPlanOptionID,7,"0",NO,bigint,bigint,""
memgroupcontractoptaffilview,planOptionID,8,,YES,varchar,varchar(8),""
memgroupcontractoptaffilview,planOptionDescription,9,,YES,varchar,varchar(80),""
memgroupcontractoptaffilview,contractOptEffectiveDate,10,,YES,date,date,""
memgroupcontractoptaffilview,contractOptExpirationDate,11,,YES,date,date,""
memgroupcontractoptaffilview,contractAffiliationEffectiveDate,12,,YES,date,date,""
memgroupcontractoptaffilview,contractAffiliationExpirationDate,13,,YES,date,date,""
memgroupcontractoptaffilview,contractAffilStatus,14,,YES,varchar,varchar(2),""
memgroupcontractoptaffilview,optionDescription,15,,YES,varchar,varchar(80),""
memgroupcontractoptaffilview,contractOptStatus,16,,YES,char,char(1),""
memgroupcontractoptaffilview,contractOptType,17,,YES,varchar,varchar(2),""
memgroupcontractoptaffilview,benefitBundleID,18,,YES,bigint,bigint,""
memgroupcontractoptaffilview,benefitBundleOptionID,19,,YES,bigint,bigint,""
memgroupcontractoptaffilview,originalSourceSystemType,20,,YES,varchar,varchar(4),""
memgroupcontractoptaffilview,originalSourceSystemID,21,,YES,varchar,varchar(80),""
memgroupcontractoptaffilview,contractPlanOptionType,22,,YES,char,char(2),""
memgroupcontractoptaffilview,deleteInd,23,,YES,smallint,smallint,""
memgroupcontractoptaffilview,benefitBundleStandardCompID,24,,YES,bigint,bigint,""
memgroupcontractoptaffilview,hasBeenActivatedInd,25,,YES,smallint,smallint,""
memgroupcontractoptaffilview,contractOptVersion,26,,YES,int,int,""
memgroupcontractoptaffilview,situsState,27,,YES,char,char(2),""
memgroupcontractoptaffilview,changeDateTime,28,"0000-00-00 00:00:00.000",NO,timestamp,timestamp(3),""
memgroupcontractoptaffilview,contractOptID,29,,YES,bigint,bigint,""
memgroupcontractoptaffilview,autoEnrollInd,30,"0",YES,smallint,smallint,""
memgroupcontractoptaffilview,autoEnrollContractOptType,31,,YES,varchar,varchar(2),""
memgroupcontractoptaffilview,finProtectionPlanID,32,,YES,varchar,varchar(30),""
memgroupcontractoptaffilview,atOccupationCoverageInd,33,"0",YES,smallint,smallint,""
memgroupcontractoptaffilview,finProtectPlanCodeID,34,,YES,varchar,varchar(30),""
memgroupcontractoptaffilview,relationshipLimitSchedID,35,,YES,varchar,varchar(40),""
memgroupcontractoptaffilview,relGenderType,36,,YES,varchar,varchar(2),""
memgroupcontractoptaffilview,ageReductionSchedID,37,,YES,varchar,varchar(40),""
memgroupcontractoptaffilview,ageReductionEffectiveDateType,38,,YES,varchar,varchar(3),""
memgroupcontractoptaffilview,guaranteeIssueAmount,39,,YES,decimal,"decimal(14,2)",""
memgroupcontractoptaffilview,finProtectPlanName,40,,YES,varchar,varchar(80),""
memgroupcontractoptaffilview,finProtectPlanType,41,,YES,varchar,varchar(2),""
memgroupcontractoptaffilview,subContractOptInd,42,,YES,smallint,smallint,""
memgroupcontractoptaffilview,participationType,43,,YES,varchar,varchar(1),""
memgroupcontractoptaffilview,renewalDate,44,,YES,date,date,""
memgroupcontractoptaffilview,sellingCarrierID,45,,YES,bigint,bigint,""
memgroupcontractoptaffilview,revenueArrangement,46,,YES,varchar,varchar(2),""
memgroupcontractoptauditdetail,auditDetailID,1,"0",NO,bigint,bigint,PRI
memgroupcontractoptauditdetail,auditText,2,,YES,varchar,varchar(4000),""
memgroupcontractoptauditdetail,tableName,3,,YES,varchar,varchar(32),""
memgroupcontractoptauditdetail,memGroupContractOptID,4,,YES,bigint,bigint,MUL
memgroupcontractoptauditdetail,createDateTime,5,"0000-00-00 00:00:00.000",NO,timestamp,timestamp(3),""
memgroupcontractoptauditdetail,createUserID,6,,YES,varchar,varchar(20),""
memgroupcontractoptauditdetail,changeDateTime,7,"0000-00-00 00:00:00.000",NO,timestamp,timestamp(3),MUL
memgroupcontractoptauditdetail,changeUserID,8,,YES,varchar,varchar(20),""
memgroupcontractoptauditdetail,updateVersion,9,,YES,int,int,""
memgroupcontractoptcontribut,memGroupContractOptContributID,1,"0",NO,bigint,bigint,PRI
memgroupcontractoptcontribut,memGroupContractOptID,2,,YES,bigint,bigint,MUL
memgroupcontractoptcontribut,memGroupContractID,3,,YES,bigint,bigint,MUL
memgroupcontractoptcontribut,memGroupID,4,,YES,bigint,bigint,""
memgroupcontractoptcontribut,employerContributionType,5,,YES,varchar,varchar(3),""
memgroupcontractoptcontribut,employerContributionAmount,6,,YES,decimal,"decimal(10,2)",""
memgroupcontractoptcontribut,employerContributionPct,7,,YES,decimal,"decimal(10,2)",""
memgroupcontractoptcontribut,employerContributionPeriod,8,,YES,varchar,varchar(1),""
memgroupcontractoptcontribut,premiumRemainderCollectionType,9,,YES,varchar,varchar(2),""
memgroupcontractoptcontribut,effectiveDate,10,,YES,date,date,""
memgroupcontractoptcontribut,expirationDate,11,,YES,date,date,""
memgroupcontractoptcontribut,changeDateTime,12,"0000-00-00 00:00:00.000",NO,timestamp,timestamp(3),MUL
memgroupcontractoptcontribut,changeUserID,13,,YES,varchar,varchar(20),""
memgroupcontractoptcontribut,createDateTime,14,"0000-00-00 00:00:00.000",NO,timestamp,timestamp(3),""
memgroupcontractoptcontribut,createUserID,15,,YES,varchar,varchar(20),""
memgroupcontractoptcontribut,updateVersion,16,,YES,int,int,""
memgroupcontractoptcontribut,employerContributionLevelType,17,,YES,varchar,varchar(2),""
memgroupcontractoptcontribut,deleteInd,18,,YES,smallint,smallint,""
memgroupcontractoptcontribut,priorExpirationDate,19,,YES,date,date,""
memgroupcontractoptcontribut,logicalDeleteReason,20,,YES,varchar,varchar(3),""
memgroupcontractoptcontribut,employerParticipationLevelType,21,,YES,varchar,varchar(2),""
memgroupcontractoptcontribut,employerMinParticipationType,22,,YES,varchar,varchar(2),""
memgroupcontractoptcontribut,employerMinParticipationCount,23,,YES,int,int,""
memgroupcontractoptcontribut,employerMinParticipationPct,24,,YES,decimal,"decimal(10,2)",""
memgroupcontractoptcontribut,underwritingContributLevelType,25,,YES,varchar,varchar(2),""
memgroupcontractoptcontribut,underwritingMinContributType,26,,YES,varchar,varchar(2),""
memgroupcontractoptcontribut,underwritingMinContributPct,27,,YES,decimal,"decimal(10,2)",""
memgroupcontractoptcontribut,underwritingMinContributAmount,28,,YES,decimal,"decimal(10,2)",""
memgroupcontractoptextractview,memGroupContractID,1,,YES,bigint,bigint,""
memgroupcontractoptextractview,memGroupID,2,,YES,bigint,bigint,""
memgroupcontractoptextractview,effectiveDate,3,,YES,date,date,""
memgroupcontractoptextractview,expirationDate,4,,YES,date,date,""
memgroupcontractoptextractview,situsState,5,,YES,char,char(2),""
memgroupcontractoptextractview,benefitBundleID,6,,YES,bigint,bigint,""
memgroupcontractoptextractview,planID,7,,YES,varchar,varchar(30),""
memgroupcontractopthldrlsvw,memGroupContractOptHoldID,1,"0",NO,bigint,bigint,""
memgroupcontractopthldrlsvw,memGroupID,2,,YES,bigint,bigint,""
memgroupcontractopthldrlsvw,memGroupContractOptID,3,"0",NO,bigint,bigint,""
memgroupcontractopthldrlsvw,contractOptID,4,,YES,bigint,bigint,""
memgroupcontractopthldrlsvw,holdCode,5,,YES,char,char(6),""
memgroupcontractopthldrlsvw,holdEffDate,6,,YES,date,date,""
memgroupcontractopthldrlsvw,holdExpDate,7,,YES,date,date,""
memgroupcontractopthldrlsvw,holdReleaseInd,8,,YES,smallint,smallint,""
memgroupcontractopthold,memGroupContractOptHoldID,1,"0",NO,bigint,bigint,PRI
memgroupcontractopthold,memGroupContractOptWorkQueueID,2,,YES,bigint,bigint,""
memgroupcontractopthold,memGroupID,3,,YES,bigint,bigint,MUL
memgroupcontractopthold,memGroupContractID,4,,YES,bigint,bigint,""
memgroupcontractopthold,memGroupContractOptID,5,,YES,bigint,bigint,MUL
memgroupcontractopthold,holdCode,6,,YES,char,char(6),MUL
memgroupcontractopthold,shortNote,7,,YES,varchar,varchar(264),""
memgroupcontractopthold,holdPremium,8,,YES,smallint,smallint,""
memgroupcontractopthold,holdCapitation,9,,YES,smallint,smallint,""
memgroupcontractopthold,holdClaimPayment,10,,YES,smallint,smallint,""
memgroupcontractopthold,holdClaimAdjudicationInd,11,,YES,smallint,smallint,""
memgroupcontractopthold,holdElig,12,,YES,smallint,smallint,""
memgroupcontractopthold,holdContrib,13,,YES,smallint,smallint,""
memgroupcontractopthold,holdConfStmtsInd,14,,YES,smallint,smallint,""
memgroupcontractopthold,holdFulfillmentIDCardsInd,15,,YES,smallint,smallint,""
memgroupcontractopthold,holdFulfillmentInd,16,,YES,smallint,smallint,""
memgroupcontractopthold,holdDownstreamEligibilityInd,17,,YES,smallint,smallint,""
memgroupcontractopthold,effectiveDate,18,,YES,date,date,""
memgroupcontractopthold,expirationDate,19,,YES,date,date,""
memgroupcontractopthold,deleteInd,20,,YES,smallint,smallint,""
memgroupcontractopthold,changeDateTime,21,"0000-00-00 00:00:00.000",NO,timestamp,timestamp(3),MUL
memgroupcontractopthold,changeUserID,22,,YES,varchar,varchar(20),""
memgroupcontractopthold,createDateTime,23,"0000-00-00 00:00:00.000",NO,timestamp,timestamp(3),""
memgroupcontractopthold,createUserID,24,,YES,varchar,varchar(20),""
memgroupcontractopthold,updateVersion,25,,YES,int,int,""
memgroupcontractopthold,holdReleaseInd,26,,YES,smallint,smallint,""
memgroupcontractopthold,originalHoldReleaseDate,27,,YES,date,date,""
memgroupcontractoptinsrule,memGroupContractOptInsRuleID,1,"0",NO,bigint,bigint,PRI
memgroupcontractoptinsrule,memGroupContractOptID,2,,YES,bigint,bigint,MUL
memgroupcontractoptinsrule,memGroupContractID,3,,YES,bigint,bigint,MUL
memgroupcontractoptinsrule,memGroupID,4,,YES,bigint,bigint,""
memgroupcontractoptinsrule,guardrailScheduleID,5,,YES,bigint,bigint,MUL
memgroupcontractoptinsrule,newHireGuardInsRuleWaitPrdID,6,,YES,bigint,bigint,MUL
memgroupcontractoptinsrule,overrideMaxStudentAge,7,,YES,int,int,""
memgroupcontractoptinsrule,overrideMaxMilitaryDepAge,8,,YES,int,int,""
memgroupcontractoptinsrule,overrideRetroAddInd,9,,YES,smallint,smallint,""
memgroupcontractoptinsrule,terminationExpirationDateType,10,,YES,varchar,varchar(3),""
memgroupcontractoptinsrule,depTermExpirationDateType,11,,YES,varchar,varchar(3),""
memgroupcontractoptinsrule,studentTermExpirationDateType,12,,YES,varchar,varchar(3),""
memgroupcontractoptinsrule,overrideRetroTermInd,13,,YES,smallint,smallint,""
memgroupcontractoptinsrule,retroTermDayTolerance,14,,YES,varchar,varchar(3),""
memgroupcontractoptinsrule,retroAddDayTolerance,15,,YES,varchar,varchar(3),""
memgroupcontractoptinsrule,overrideRetroBenefitChangeInd,16,,YES,smallint,smallint,""
memgroupcontractoptinsrule,retroBenefitChangeDayTolerance,17,,YES,varchar,varchar(3),""
memgroupcontractoptinsrule,changeElectionSameProductInd,18,,YES,smallint,smallint,""
memgroupcontractoptinsrule,addAdditionalCoverageInd,19,,YES,smallint,smallint,""
memgroupcontractoptinsrule,effectiveDate,20,,YES,date,date,""
memgroupcontractoptinsrule,expirationDate,21,,YES,date,date,""
memgroupcontractoptinsrule,changeDateTime,22,"0000-00-00 00:00:00.000",NO,timestamp,timestamp(3),MUL
memgroupcontractoptinsrule,changeUserID,23,,YES,varchar,varchar(20),""
memgroupcontractoptinsrule,createDateTime,24,"0000-00-00 00:00:00.000",NO,timestamp,timestamp(3),""
memgroupcontractoptinsrule,createUserID,25,,YES,varchar,varchar(20),""
memgroupcontractoptinsrule,updateVersion,26,,YES,int,int,""
memgroupcontractoptinsrule,waiveRehiredWithinType,27,,YES,varchar,varchar(2),""
memgroupcontractoptinsrule,waiveRehiredWithinDayCount,28,,YES,varchar,varchar(3),""
memgroupcontractoptinsrule,waiveRehiredWithinMonthCount,29,,YES,varchar,varchar(2),""
memgroupcontractoptinsrule,waiveNewHireInOpenEnrollInd,30,,YES,smallint,smallint,""
memgroupcontractoptinsrule,overrideMandatoryCoverageDays,31,"0",YES,int,int,""
memgroupcontractoptinsrule,waiveRehiredIndefiniteInd,32,,YES,smallint,smallint,""
memgroupcontractoptinsrule,nonStandardWaitingPeriodInd,33,,YES,smallint,smallint,""
memgroupcontractoptinsrule,nonStandardWaitingPeriodText,34,,YES,varchar,varchar(70),""
memgroupcontractoptinsrule,waitingPeriodDays,35,,YES,int,int,""
memgroupcontractoptinsrule,deleteInd,36,,YES,smallint,smallint,""
memgroupcontractoptinsrule,priorExpirationDate,37,,YES,date,date,""
memgroupcontractoptinsrule,logicalDeleteReason,38,,YES,varchar,varchar(3),""
memgroupcontractoptinsrule,expirationDateV2,39,,YES,date,date,""
memgroupcontractoptinsrule,affilMemGroupID,40,"0",YES,bigint,bigint,""
memgroupcontractoptinsrule,minimumWeeklyWorkHours,41,,YES,decimal,"decimal(4,2)",""
memgroupcontractoptinsrule,overrideMaxDepAge,42,,YES,int,int,""
memgroupcontractoptinsrule,militaryTermExpirationDateType,43,,YES,varchar,varchar(3),""
memgroupcontractoptinsrule,optOutMaxAgeProcessing,44,,YES,smallint,smallint,""
memgroupcontractoptinsrule,enrollRuleSchedID,45,,YES,varchar,varchar(40),""
memgroupcontractoptinsrule,customInsRuleWaitPeriodInd,46,,YES,smallint,smallint,""
memgroupcontractoptinsrulecstm,memGroupContractOptInsRuleCstmID,1,,NO,bigint,bigint,PRI
memgroupcontractoptinsrulecstm,memGroupContractOptInsRuleID,2,,YES,bigint,bigint,MUL
memgroupcontractoptinsrulecstm,memGroupContractOptID,3,,YES,bigint,bigint,""
memgroupcontractoptinsrulecstm,memGroupContractID,4,,YES,bigint,bigint,""
memgroupcontractoptinsrulecstm,memGroupID,5,,YES,bigint,bigint,""
memgroupcontractoptinsrulecstm,qualifyingEventType,6,,YES,char,char(3),""
memgroupcontractoptinsrulecstm,waitingPeriodType,7,,YES,varchar,varchar(3),""
memgroupcontractoptinsrulecstm,waitingPeriodDayCount,8,,YES,varchar,varchar(3),""
memgroupcontractoptinsrulecstm,waitingPeriodDurationType,9,,YES,varchar,varchar(2),""
memgroupcontractoptinsrulecstm,waitingPeriodMonthCount,10,,YES,varchar,varchar(2),""
memgroupcontractoptinsrulecstm,waitingPeriodDayCountMax,11,,YES,int,int,""
memgroupcontractoptinsrulecstm,waitingPeriodDayCountMin,12,,YES,int,int,""
memgroupcontractoptinsrulecstm,deleteInd,13,,YES,smallint,smallint,""
memgroupcontractoptinsrulecstm,logicalDeleteReason,14,,YES,varchar,varchar(3),""
memgroupcontractoptinsrulecstm,changeDateTime,15,"0000-00-00 00:00:00.000",NO,timestamp,timestamp(3),MUL
memgroupcontractoptinsrulecstm,changeUserID,16,,YES,varchar,varchar(20),""
memgroupcontractoptinsrulecstm,createDateTime,17,"0000-00-00 00:00:00.000",NO,timestamp,timestamp(3),""
memgroupcontractoptinsrulecstm,createUserID,18,,YES,varchar,varchar(20),""
memgroupcontractoptinsrulecstm,updateVersion,19,,YES,int,int,""
memgroupcontractoptinsrulecstm,waitingPeriodDurationCount,20,,YES,int,int,""
memgroupcontractoptplanextview,memGroupContractOptID,1,"0",NO,bigint,bigint,""
memgroupcontractoptplanextview,effectiveDate,2,,YES,date,date,""
memgroupcontractoptplanextview,expirationDate,3,,YES,date,date,""
memgroupcontractoptplanextview,memGroupID,4,,YES,bigint,bigint,""
memgroupcontractoptplanextview,memGroupContractID,5,,YES,bigint,bigint,""
memgroupcontractoptplanextview,memGroupContractPlanOptionID,6,"0",NO,bigint,bigint,""
memgroupcontractoptplanextview,memGroupContractPlanOptExtID,7,"0",YES,bigint,bigint,""
memgroupcontractoptplanextview,originalSourceSystemType,8,,YES,varchar,varchar(4),""
memgroupcontractoptplanextview,originalSourceSystemID,9,,YES,varchar,varchar(80),""
memgroupcontractoptplanoptvw,memGroupID,1,,YES,bigint,bigint,""
memgroupcontractoptplanoptvw,memGroupContractID,2,,YES,bigint,bigint,""
memgroupcontractoptplanoptvw,memGroupContractOptID,3,"0",NO,bigint,bigint,""
memgroupcontractoptplanoptvw,memGroupContractPlanOptionID,4,"0",NO,bigint,bigint,""
memgroupcontractoptplanoptvw,owningMemGroupID,5,,YES,bigint,bigint,""
memgroupcontractoptplanoptvw,planOptionID,6,,YES,varchar,varchar(8),""
memgroupcontractoptplanoptvw,planOptionDescription,7,,YES,varchar,varchar(80),""
memgroupcontractoptplanoptvw,effectiveDate,8,,YES,date,date,""
memgroupcontractoptplanoptvw,expirationDate,9,,YES,date,date,""
memgroupcontractoptplanoptvw,contractOptStatus,10,,YES,char,char(1),""
memgroupcontractoptplanoptvw,contractOptType,11,,YES,varchar,varchar(2),""
memgroupcontractoptplanoptvw,benefitBundleID,12,,YES,bigint,bigint,""
memgroupcontractoptplanoptvw,benefitBundleOptionID,13,,YES,bigint,bigint,""
memgroupcontractoptplanoptvw,contractPlanOptionType,14,,YES,char,char(2),""
memgroupcontractoptplanoptvw,deleteInd,15,,YES,smallint,smallint,""
memgroupcontractoptplanoptvw,benefitBundleStandardCompID,16,,YES,bigint,bigint,""
memgroupcontractoptplanoptvw,oonCarrierID,17,,YES,bigint,bigint,""
memgroupcontractoptplanoptvw,hasBeenActivatedInd,18,,YES,smallint,smallint,""
memgroupcontractoptplanoptvw,contractOptVersion,19,,YES,int,int,""
memgroupcontractoptplanoptvw,memGroupPopulationID,20,,YES,bigint,bigint,""
memgroupcontractoptplanoptvw,situsState,21,,YES,char,char(2),""
memgroupcontractoptplanoptvw,memGroupContractOptPopDeleteInd,22,,YES,smallint,smallint,""
memgroupcontractoptplanoptvw,contractOptID,23,,YES,bigint,bigint,""
memgroupcontractoptplanoptvw,renewalDate,24,,YES,date,date,""
memgroupcontractoptplanoptvw,changeDateTime,25,"0000-00-00 00:00:00.000",NO,timestamp,timestamp(3),""
memgroupcontractoptplanyear,memGroupContractOptPlanYearID,1,"0",NO,bigint,bigint,PRI
memgroupcontractoptplanyear,memGroupContractOptID,2,,YES,bigint,bigint,MUL
memgroupcontractoptplanyear,memGroupContractID,3,,YES,bigint,bigint,MUL
memgroupcontractoptplanyear,memGroupID,4,,YES,bigint,bigint,""
memgroupcontractoptplanyear,benPeriodStartDate,5,,YES,date,date,""
memgroupcontractoptplanyear,benPeriodEndDate,6,,YES,date,date,""
memgroupcontractoptplanyear,deleteInd,7,,YES,smallint,smallint,""
memgroupcontractoptplanyear,logicalDeleteReason,8,,YES,varchar,varchar(3),""
memgroupcontractoptplanyear,changeDateTime,9,"0000-00-00 00:00:00.000",NO,timestamp,timestamp(3),MUL
memgroupcontractoptplanyear,changeUserID,10,,YES,varchar,varchar(20),""
memgroupcontractoptplanyear,createDateTime,11,"0000-00-00 00:00:00.000",NO,timestamp,timestamp(3),""
memgroupcontractoptplanyear,createUserID,12,,YES,varchar,varchar(20),""
memgroupcontractoptplanyear,updateVersion,13,,YES,int,int,""
memgroupcontractoptplanyear,planYearID,14,,YES,bigint,bigint,""
memgroupcontractoptplanyearvw,memGroupID,1,,YES,bigint,bigint,""
memgroupcontractoptplanyearvw,memGroupContractID,2,"0",NO,bigint,bigint,""
memgroupcontractoptplanyearvw,memGroupContractOptID,3,"0",NO,bigint,bigint,""
memgroupcontractoptplanyearvw,benPeriodStartDate,4,,YES,date,date,""
memgroupcontractoptplanyearvw,benPeriodEndDate,5,,YES,date,date,""
memgroupcontractoptplanyearvw,renewalDate,6,,YES,date,date,""
memgroupcontractoptplanyearvw,contractExpirationReason,7,,YES,varchar,varchar(3),""
memgroupcontractoptplanyearvw,expirationType,8,,YES,varchar,varchar(3),""
memgroupcontractoptplanyearvw,effectiveDate,9,,YES,date,date,""
memgroupcontractoptplanyearvw,expirationDate,10,,YES,date,date,""
memgroupcontractoptplanyearvw,contractOptID,11,,YES,bigint,bigint,""
memgroupcontractoptplnrelation,memGroupContractOptPlnRelationID,1,,NO,bigint,bigint,PRI
memgroupcontractoptplnrelation,memGroupContractOptID,2,,YES,bigint,bigint,MUL
memgroupcontractoptplnrelation,primaryPlanOptionID,3,,YES,varchar,varchar(8),""
memgroupcontractoptplnrelation,deleteInd,4,,YES,smallint,smallint,""
memgroupcontractoptplnrelation,memGroupID,5,,YES,bigint,bigint,""
memgroupcontractoptplnrelation,memGroupContractID,6,,YES,bigint,bigint,""
memgroupcontractoptplnrelation,changeDateTime,7,"0000-00-00 00:00:00.000",NO,timestamp,timestamp(3),MUL
memgroupcontractoptplnrelation,changeUserID,8,,YES,varchar,varchar(20),""
memgroupcontractoptplnrelation,createDateTime,9,"0000-00-00 00:00:00.000",NO,timestamp,timestamp(3),""
memgroupcontractoptplnrelation,createUserID,10,,YES,varchar,varchar(20),""
memgroupcontractoptplnrelation,updateVersion,11,,YES,int,int,""
memgroupcontractoptplnrelation,logicalDeleteReason,12,,YES,varchar,varchar(3),""
memgroupcontractoptpop,memGroupContractOptPopID,1,"0",NO,bigint,bigint,PRI
memgroupcontractoptpop,memGroupPopulationID,2,,YES,bigint,bigint,MUL
memgroupcontractoptpop,memGroupPopulationConfigID,3,,YES,bigint,bigint,""
memgroupcontractoptpop,memGroupPopulationOrderID,4,,YES,bigint,bigint,""
memgroupcontractoptpop,memGroupContractOptID,5,,YES,bigint,bigint,MUL
memgroupcontractoptpop,memGroupContractID,6,,YES,bigint,bigint,""
memgroupcontractoptpop,memGroupID,7,,YES,bigint,bigint,""
memgroupcontractoptpop,effectiveDate,8,,YES,date,date,""
memgroupcontractoptpop,expirationDate,9,,YES,date,date,""
memgroupcontractoptpop,changeDateTime,10,"0000-00-00 00:00:00.000",NO,timestamp,timestamp(3),MUL
memgroupcontractoptpop,changeUserID,11,,YES,varchar,varchar(20),""
memgroupcontractoptpop,createDateTime,12,"0000-00-00 00:00:00.000",NO,timestamp,timestamp(3),""
memgroupcontractoptpop,createUserID,13,,YES,varchar,varchar(20),""
memgroupcontractoptpop,updateVersion,14,,YES,int,int,""
memgroupcontractoptpop,memGroupContractBillingPrefID,15,,YES,bigint,bigint,""
memgroupcontractoptpop,deleteInd,16,,YES,smallint,smallint,""
memgroupcontractoptpop,priorExpirationDate,17,,YES,date,date,""
memgroupcontractoptpop,logicalDeleteReason,18,,YES,varchar,varchar(3),""
memgroupcontractoptpop,expirationDateV2,19,,YES,date,date,""
memgroupcontractoptpopinsrule,memGroupContractOptPopInsRulID,1,"0",NO,bigint,bigint,PRI
memgroupcontractoptpopinsrule,memGroupContractOptPopID,2,,YES,bigint,bigint,MUL
memgroupcontractoptpopinsrule,memGroupContractOptID,3,,YES,bigint,bigint,MUL
memgroupcontractoptpopinsrule,memGroupContractID,4,,YES,bigint,bigint,""
memgroupcontractoptpopinsrule,memGroupID,5,,YES,bigint,bigint,""
memgroupcontractoptpopinsrule,guardrailScheduleID,6,,YES,bigint,bigint,""
memgroupcontractoptpopinsrule,newHireGuardInsRuleWaitPrdID,7,,YES,bigint,bigint,""
memgroupcontractoptpopinsrule,overrideMaxStudentAge,8,,YES,int,int,""
memgroupcontractoptpopinsrule,overrideMaxMilitaryDepAge,9,,YES,int,int,""
memgroupcontractoptpopinsrule,overrideRetroAddInd,10,,YES,smallint,smallint,""
memgroupcontractoptpopinsrule,terminationExpirationDateType,11,,YES,varchar,varchar(3),""
memgroupcontractoptpopinsrule,depTermExpirationDateType,12,,YES,varchar,varchar(3),""
memgroupcontractoptpopinsrule,studentTermExpirationDateType,13,,YES,varchar,varchar(3),""
memgroupcontractoptpopinsrule,overrideRetroTermInd,14,,YES,smallint,smallint,""
memgroupcontractoptpopinsrule,retroTermDayTolerance,15,,YES,varchar,varchar(3),""
memgroupcontractoptpopinsrule,overrideMandatoryCoverageDays,16,,YES,int,int,""
memgroupcontractoptpopinsrule,retroAddDayTolerance,17,,YES,varchar,varchar(3),""
memgroupcontractoptpopinsrule,overrideRetroBenefitChangeInd,18,,YES,smallint,smallint,""
memgroupcontractoptpopinsrule,retroBenefitChangeDayTolerance,19,,YES,varchar,varchar(3),""
memgroupcontractoptpopinsrule,changeElectionSameProductInd,20,,YES,smallint,smallint,""
memgroupcontractoptpopinsrule,addAdditionalCoverageInd,21,,YES,smallint,smallint,""
memgroupcontractoptpopinsrule,effectiveDate,22,,YES,date,date,""
memgroupcontractoptpopinsrule,expirationDate,23,,YES,date,date,""
memgroupcontractoptpopinsrule,changeDateTime,24,"0000-00-00 00:00:00.000",NO,timestamp,timestamp(3),MUL
memgroupcontractoptpopinsrule,changeUserID,25,,YES,varchar,varchar(20),""
memgroupcontractoptpopinsrule,createDateTime,26,"0000-00-00 00:00:00.000",NO,timestamp,timestamp(3),""
memgroupcontractoptpopinsrule,createUserID,27,,YES,varchar,varchar(20),""
memgroupcontractoptpopinsrule,updateVersion,28,,YES,int,int,""
memgroupcontractoptpopinsrule,waiveRehiredWithinType,29,,YES,varchar,varchar(2),""
memgroupcontractoptpopinsrule,waiveRehiredWithinDayCount,30,,YES,varchar,varchar(3),""
memgroupcontractoptpopinsrule,waiveRehiredWithinMonthCount,31,,YES,varchar,varchar(2),""
memgroupcontractoptpopinsrule,waiveNewHireInOpenEnrollInd,32,,YES,smallint,smallint,""
memgroupcontractoptpopinsrule,waiveRehiredIndefiniteInd,33,,YES,smallint,smallint,""
memgroupcontractoptpopinsrule,nonStandardWaitingPeriodInd,34,,YES,smallint,smallint,""
memgroupcontractoptpopinsrule,nonStandardWaitingPeriodText,35,,YES,varchar,varchar(70),""
memgroupcontractoptpopinsrule,waitingPeriodDays,36,,YES,int,int,""
memgroupcontractoptpopinsrule,deleteInd,37,,YES,smallint,smallint,""
memgroupcontractoptpopinsrule,priorExpirationDate,38,,YES,date,date,""
memgroupcontractoptpopinsrule,logicalDeleteReason,39,,YES,varchar,varchar(3),""
memgroupcontractoptpopinsrule,expirationDateV2,40,,YES,date,date,""
memgroupcontractoptpopinsrule,affilMemGroupID,41,"0",YES,bigint,bigint,""
memgroupcontractoptpopinsrule,minimumWeeklyWorkHours,42,,YES,decimal,"decimal(4,2)",""
memgroupcontractoptpopinsrule,overrideMaxDepAge,43,,YES,int,int,""
memgroupcontractoptpopinsrule,militaryTermExpirationDateType,44,,YES,varchar,varchar(3),""
memgroupcontractoptpopinsrule,optOutMaxAgeProcessing,45,,YES,smallint,smallint,""
memgroupcontractoptpopinsrule,enrollRuleSchedID,46,,YES,varchar,varchar(40),""
memgroupcontractoptpopinsrule,customInsRuleWaitPeriodInd,47,,YES,smallint,smallint,""
memgroupcontractoptpopview,memGroupContractOptPopID,1,"0",NO,bigint,bigint,""
memgroupcontractoptpopview,memGroupPopulationID,2,,YES,bigint,bigint,""
memgroupcontractoptpopview,memGroupContractOptID,3,"0",NO,bigint,bigint,""
memgroupcontractoptpopview,memGroupContractID,4,,YES,bigint,bigint,""
memgroupcontractoptpopview,memGroupID,5,,YES,bigint,bigint,""
memgroupcontractoptpopview,effectiveDate,6,,YES,date,date,""
memgroupcontractoptpopview,expirationDate,7,,YES,date,date,""
memgroupcontractoptpopview,contractOptStatus,8,,YES,char,char(1),""
memgroupcontractoptpopvw,contractOptStatus,1,,YES,char,char(1),""
memgroupcontractoptpopvw,memGroupContractID,2,,YES,bigint,bigint,""
memgroupcontractoptpopvw,memGroupContractOptID,3,"0",NO,bigint,bigint,""
memgroupcontractoptpopvw,memGroupContractOptPopID,4,"0",NO,bigint,bigint,""
memgroupcontractoptpopvw,memGroupPopulationID,5,,YES,bigint,bigint,""
memgroupcontractoptprdcrextvw,memGroupID,1,,YES,bigint,bigint,""
memgroupcontractoptprdcrextvw,memGroupContractID,2,,YES,bigint,bigint,""
memgroupcontractoptprdcrextvw,memGroupContractOptID,3,"0",NO,bigint,bigint,""
memgroupcontractoptprdcrextvw,contractOptID,4,,YES,bigint,bigint,""
memgroupcontractoptprdcrextvw,effectiveDate,5,,YES,date,date,""
memgroupcontractoptprdcrextvw,expirationDate,6,,YES,date,date,""
memgroupcontractoptprdcrextvw,serviceFeeAgreementID,7,,YES,bigint,bigint,""
memgroupcontractoptprdcrextvw,logicalDeleteDate,8,,YES,date,date,""
memgroupcontractoptprdcrextvw,compensationType,9,,YES,varchar,varchar(3),""
memgroupcontractoptprdcrextvw,billItemType,10,"",NO,varchar,varchar(8),""
memgroupcontractoptprdcrextvw,billingAssignUseType,11,,YES,varchar,varchar(2),""
memgroupcontractoptprdcrextvw,serviceFeeBillingType,12,,YES,varchar,varchar(3),""
memgroupcontractoptprdcrextvw,productType,13,,YES,varchar,varchar(2),""
memgroupcontractoptprdcrextvw,contractOptType,14,,YES,varchar,varchar(2),""
memgroupcontractoptprdcrextvw,situsState,15,,YES,char,char(2),""
memgroupcontractoptprdcrextvw,fundingSource,16,,YES,varchar,varchar(2),""
memgroupcontractoptprdcrextvw,deleteInd,17,,YES,int,int,""
memgroupcontractoptprdcrextvw,finActivityCode,18,"",NO,varchar,varchar(11),""
memgroupcontractoptprdcrextvw,affilMemGroupID,19,"0",YES,bigint,bigint,""
memgroupcontractoptprdcrextvw,billingSchedID,20,,YES,varchar,varchar(50),""
memgroupcontractoptrefreshview,memGroupContractID,1,,YES,bigint,bigint,""
memgroupcontractoptrefreshview,memGroupContractOptID,2,"0",NO,bigint,bigint,""
memgroupcontractoptrefreshview,memGroupContractPlanOptionID,3,"0",NO,bigint,bigint,""
memgroupcontractoptrefreshview,benefitBundleID,4,,YES,bigint,bigint,""
memgroupcontractoptrefreshview,benefitBundleOptionID,5,,YES,bigint,bigint,""
memgroupcontractoptrefreshview,planOptionID,6,,YES,varchar,varchar(8),""
memgroupcontractoptrefreshview,effectiveDate,7,,YES,date,date,""
memgroupcontractoptrefreshview,expirationDate,8,,YES,date,date,""
memgroupcontractoptrefreshview,memGroupID,9,,YES,bigint,bigint,""
memgroupcontractoptsettings,memGroupContractOptSettingsID,1,"0",NO,bigint,bigint,PRI
memgroupcontractoptsettings,memGroupContractID,2,,YES,bigint,bigint,""
memgroupcontractoptsettings,memGroupID,3,,YES,bigint,bigint,""
memgroupcontractoptsettings,deleteInd,4,,YES,smallint,smallint,""
memgroupcontractoptsettings,memGroupContractOptID,5,,YES,bigint,bigint,MUL
memgroupcontractoptsettings,inboundMemberEnrollMethodType,6,,YES,varchar,varchar(2),""
memgroupcontractoptsettings,effectiveDate,7,,YES,date,date,""
memgroupcontractoptsettings,expirationDate,8,,YES,date,date,""
memgroupcontractoptsettings,changeDateTime,9,"0000-00-00 00:00:00.000",NO,timestamp,timestamp(3),MUL
memgroupcontractoptsettings,changeUserID,10,,YES,varchar,varchar(20),""
memgroupcontractoptsettings,createDateTime,11,"0000-00-00 00:00:00.000",NO,timestamp,timestamp(3),""
memgroupcontractoptsettings,createUserID,12,,YES,varchar,varchar(20),""
memgroupcontractoptsettings,updateVersion,13,,YES,int,int,""
memgroupcontractoptsettings,priorExpirationDate,14,,YES,date,date,""
memgroupcontractoptsettings,logicalDeleteReason,15,,YES,varchar,varchar(3),""
memgroupcontractoptsuprbloptin,memGroupContractOptSuprBlOptInID,1,,NO,bigint,bigint,PRI
memgroupcontractoptsuprbloptin,memGroupContractOptID,2,,YES,bigint,bigint,MUL
memgroupcontractoptsuprbloptin,memGroupContractID,3,,YES,bigint,bigint,""
memgroupcontractoptsuprbloptin,memGroupID,4,,YES,bigint,bigint,""
memgroupcontractoptsuprbloptin,deleteInd,5,,YES,smallint,smallint,""
memgroupcontractoptsuprbloptin,state,6,,YES,char,char(2),""
memgroupcontractoptsuprbloptin,changeDateTime,7,"0000-00-00 00:00:00.000",NO,timestamp,timestamp(3),MUL
memgroupcontractoptsuprbloptin,changeUserID,8,,YES,varchar,varchar(20),""
memgroupcontractoptsuprbloptin,createDateTime,9,"0000-00-00 00:00:00.000",NO,timestamp,timestamp(3),""
memgroupcontractoptsuprbloptin,createUserID,10,,YES,varchar,varchar(20),""
memgroupcontractoptsuprbloptin,updateVersion,11,,YES,int,int,""
memgroupcontractoptv2view,memGroupContractOptID,1,"0",NO,bigint,bigint,""
memgroupcontractoptv2view,memGroupContractID,2,,YES,bigint,bigint,""
memgroupcontractoptv2view,memGroupID,3,,YES,bigint,bigint,""
memgroupcontractoptv2view,optionDescription,4,,YES,varchar,varchar(80),""
memgroupcontractoptv2view,participationType,5,,YES,varchar,varchar(1),""
memgroupcontractoptv2view,populationOpenEnrollmentInd,6,,YES,smallint,smallint,""
memgroupcontractoptv2view,effectiveDate,7,,YES,date,date,""
memgroupcontractoptv2view,runOutDate,8,,YES,date,date,""
memgroupcontractoptv2view,situsState,9,,YES,char,char(2),""
memgroupcontractoptv2view,planYearMonth,10,,YES,char,char(2),""
memgroupcontractoptv2view,enrollmentInsuringRulesPopInd,11,,YES,smallint,smallint,""
memgroupcontractoptv2view,splitFamilyElectionsInd,12,,YES,smallint,smallint,""
memgroupcontractoptv2view,dependentOnlyInd,13,,YES,smallint,smallint,""
memgroupcontractoptv2view,relatedMemGroupTermInd,14,,YES,smallint,smallint,""
memgroupcontractoptv2view,priorExpirationDate,15,,YES,date,date,""
memgroupcontractoptv2view,logicalDeleteReason,16,,YES,varchar,varchar(3),""
memgroupcontractoptv2view,ratingZip,17,,YES,char,char(5),""
memgroupcontractoptv2view,ratingCountyFIPS,18,,YES,char,char(5),""
memgroupcontractoptv2view,ratingState,19,,YES,char,char(2),""
memgroupcontractoptv2view,regionCode,20,,YES,varchar,varchar(30),""
memgroupcontractoptv2view,contractExpirationReason,21,,YES,varchar,varchar(3),""
memgroupcontractoptv2view,contractReinstatementReason,22,,YES,varchar,varchar(3),""
memgroupcontractoptv2view,requiresActiveReenrollmentInd,23,,YES,smallint,smallint,""
memgroupcontractoptv2view,externalContractID,24,,YES,varchar,varchar(30),""
memgroupcontractoptv2view,contractOptID,25,,YES,bigint,bigint,""
memgroupcontractoptv2view,contractOptStatus,26,,YES,char,char(1),""
memgroupcontractoptv2view,validInd,27,,YES,smallint,smallint,""
memgroupcontractoptv2view,originalActivationDate,28,,YES,date,date,""
memgroupcontractoptv2view,lastRetroTagDate,29,,YES,date,date,""
memgroupcontractoptv2view,lastEffectiveRuleTagDate,30,,YES,date,date,""
memgroupcontractoptv2view,activationDateTime,31,,YES,timestamp,timestamp(3),""
memgroupcontractoptv2view,deactivationDateTime,32,,YES,timestamp,timestamp(3),""
memgroupcontractoptv2view,defaultAccountOrderInd,33,,YES,smallint,smallint,""
memgroupcontractoptv2view,contractOptType,34,,YES,varchar,varchar(2),""
memgroupcontractoptv2view,contractOptVersion,35,,YES,int,int,""
memgroupcontractoptv2view,promptPaySchedID,36,,YES,varchar,varchar(30),""
memgroupcontractoptv2view,renewalContractLengthType,37,,YES,varchar,varchar(2),""
memgroupcontractoptv2view,autoAssumedRenewalInd,38,,YES,smallint,smallint,""
memgroupcontractoptv2view,billingPrefAssignmentType,39,,YES,varchar,varchar(2),""
memgroupcontractoptv2view,expirationDateV2,40,,YES,date,date,""
memgroupcontractoptv2view,renewalDate,41,,YES,date,date,""
memgroupcontractoptv2view,hasBeenActivatedInd,42,,YES,smallint,smallint,""
memgroupcontractoptv2view,previousContractOptID,43,,YES,bigint,bigint,""
memgroupcontractoptv2view,changeDateTime,44,"0000-00-00 00:00:00.000",NO,timestamp,timestamp(3),""
memgroupcontractoptv2view,changeUserID,45,,YES,varchar,varchar(20),""
memgroupcontractoptv2view,createDateTime,46,"0000-00-00 00:00:00.000",NO,timestamp,timestamp(3),""
memgroupcontractoptv2view,createUserID,47,,YES,varchar,varchar(20),""
memgroupcontractoptv2view,updateVersion,48,,YES,int,int,""
memgroupcontractoptv2view,deleteInd,49,,YES,smallint,smallint,""
memgroupcontractoptv2view,exchangeType,50,,YES,varchar,varchar(1),""
memgroupcontractoptv2view,productType,51,,YES,varchar,varchar(2),""
memgroupcontractoptv2view,sysPhoneNumberID,52,,YES,bigint,bigint,""
memgroupcontractoptv2view,expirationDate,53,,YES,date,date,""
memgroupcontractoptv2view,lineOfBusinessID,54,,YES,bigint,bigint,""
memgroupcontractoptv2view,rxPricingSetID,55,,YES,bigint,bigint,""
memgroupcontractoptv2view,autoEnrollInd,56,"0",YES,smallint,smallint,""
memgroupcontractoptv2view,autoEnrollContractOptType,57,,YES,varchar,varchar(2),""
memgroupcontractoptv2view,aggregateLevelFactor,58,"0.0000",YES,decimal,"decimal(7,4)",""
memgroupcontractoptv2view,surpriseBillOptInInd,59,,YES,smallint,smallint,""
memgroupcontractoptv2view,expirationType,60,,YES,varchar,varchar(3),""
memgroupcontractoptv2view,continuationResponsibilityType,61,,YES,varchar,varchar(3),""
memgroupcontractoptv2view,continuationSchedID,62,,YES,varchar,varchar(40),""
memgroupcontractoptv2view,continuationCoverageType,63,,YES,varchar,varchar(3),""
memgroupcontractoptv2view,atOccupationCoverageInd,64,"0",YES,smallint,smallint,""
memgroupcontractoptv2view,serviceJobID,65,,YES,varchar,varchar(256),""
memgroupcontractoptv2view,classOutInd,66,,YES,smallint,smallint,""
memgroupcontractoptv2view,employClassCode,67,,YES,varchar,varchar(2),""
memgroupcontractoptv2view,missedManualRenewalType,68,,YES,varchar,varchar(2),""
memgroupcontractoptv2view,subContractOptInd,69,,YES,smallint,smallint,""
memgroupcontractoptv2view,continuousBillInd,70,,YES,smallint,smallint,""
memgroupcontractoptv2view,reuseBundleOptionInd,71,,YES,smallint,smallint,""
memgroupcontractoptv2view,performanceRewardsInd,72,,YES,smallint,smallint,""
memgroupcontractoptv2view,performanceFundingInd,73,,YES,smallint,smallint,""
memgroupcontractoptv2view,retentionPercentage,74,,YES,decimal,"decimal(10,2)",""
memgroupcontractoptv2view,reservesPercentage,75,,YES,decimal,"decimal(10,2)",""
memgroupcontractoptv2view,uBundleInd,76,,YES,smallint,smallint,""
memgroupcontractoptv2view,uBundleDiscountPct,77,,YES,decimal,"decimal(10,2)",""
memgroupcontractoptv2view,uBundleDentalInd,78,,YES,smallint,smallint,""
memgroupcontractoptv2view,uBundleVisionInd,79,,YES,smallint,smallint,""
memgroupcontractoptv2view,uBundleFinancialProtectionInd,80,,YES,smallint,smallint,""
memgroupcontractoptv2view,surplusCapInd,81,,YES,smallint,smallint,""
memgroupcontractoptv2view,surplusSharePct,82,,YES,decimal,"decimal(7,4)",""
memgroupcontractoptv2view,lastValidationRunDateTime,83,,YES,timestamp,timestamp(3),""
memgroupcontractoptv2view,renewalRatingZip,84,,YES,char,char(5),""
memgroupcontractoptv2view,renewalRatingState,85,,YES,char,char(2),""
memgroupcontractoptv2view,renewalRatingCountyFIPS,86,,YES,char,char(5),""
memgroupcontractoptv2view,renewalRegionCode,87,,YES,varchar,varchar(30),""
memgroupcontractoptv2view,runOutType,88,,YES,varchar,varchar(5),""
memgroupcontractoptv2view,spdOptOutInd,89,"0",YES,smallint,smallint,""
memgroupcontractplanbillrt,memGroupContractPlanBillRtID,1,"0",NO,bigint,bigint,PRI
memgroupcontractplanbillrt,memGroupContractPlanOptionID,2,,YES,bigint,bigint,MUL
memgroupcontractplanbillrt,memGroupContractOptID,3,,YES,bigint,bigint,MUL
memgroupcontractplanbillrt,memGroupContractID,4,,YES,bigint,bigint,""
memgroupcontractplanbillrt,memGroupID,5,,YES,bigint,bigint,MUL
memgroupcontractplanbillrt,billingSchedID,6,,YES,varchar,varchar(50),MUL
memgroupcontractplanbillrt,billingAssignUseType,7,,YES,varchar,varchar(2),""
memgroupcontractplanbillrt,billItemType,8,,YES,varchar,varchar(30),""
memgroupcontractplanbillrt,deleteInd,9,,YES,smallint,smallint,""
memgroupcontractplanbillrt,effectiveDate,10,,YES,date,date,""
memgroupcontractplanbillrt,expirationDate,11,,YES,date,date,""
memgroupcontractplanbillrt,createDateTime,12,"0000-00-00 00:00:00.000",NO,timestamp,timestamp(3),""
memgroupcontractplanbillrt,createUserID,13,,YES,varchar,varchar(20),""
memgroupcontractplanbillrt,changeUserID,14,,YES,varchar,varchar(20),""
memgroupcontractplanbillrt,changeDateTime,15,"0000-00-00 00:00:00.000",NO,timestamp,timestamp(3),MUL
memgroupcontractplanbillrt,updateVersion,16,,YES,int,int,""
memgroupcontractplanbillrt,priorExpirationDate,17,,YES,date,date,""
memgroupcontractplanbillrt,logicalDeleteReason,18,,YES,varchar,varchar(3),""
memgroupcontractplanbillrt,rateGuaranteeInd,19,"0",YES,smallint,smallint,""
memgroupcontractplanbillrt,passThruBillingInd,20,"0",YES,smallint,smallint,""
memgroupcontractplanbillrt,passThruBillingEntityID,21,,YES,varchar,varchar(20),""
memgroupcontractplanbillrt,passThruBillingEntityType,22,,YES,char,char(2),""
memgroupcontractplanbillrt,groupRateApplicabilityType,23,,YES,varchar,varchar(2),""
memgroupcontractplanbillrt,specifiedMemGroupID,24,,YES,bigint,bigint,""
memgroupcontractplanbillrt,affilEffectiveDate,25,,YES,date,date,""
memgroupcontractplanbillrt,affilExpirationDate,26,,YES,date,date,""
memgroupcontractplanbillrt,ratingCountyFIPS,27,,YES,char,char(5),""
memgroupcontractplanbillrt,varyRatesByPopulationInd,28,"0",YES,smallint,smallint,""
memgroupcontractplanbillrt,rateGuaranteeEffectiveDate,29,,YES,date,date,""
memgroupcontractplanbillrt,rateGuaranteeExpirationDate,30,,YES,date,date,""
memgroupcontractplanbillrt,packagedSavingsRegistrationID,31,,YES,varchar,varchar(80),""
memgroupcontractplanbillrt,rollUpChargesToPrimaryPlanOptionInd,32,,YES,smallint,smallint,""
memgroupcontractplanbillrt,rateInvoiceType,33,,YES,varchar,varchar(2),""
memgroupcontractplanbillrt,policyChargePaybackMonths,34,,YES,int,int,""
memgroupcontractplanbillrt,repaymentWrittenNoticeDays,35,,YES,int,int,""
memgroupcontractplanbillrt,pimRateTypeID,36,,YES,int,int,""
memgroupcontractplanbillrt,memGroupPopulationID,37,,YES,bigint,bigint,""
memgroupcontractplanbillrtvw,memGroupContractPlanBillRtID,1,"0",NO,bigint,bigint,""
memgroupcontractplanbillrtvw,memGroupID,2,,YES,bigint,bigint,""
memgroupcontractplanbillrtvw,memGroupContractID,3,,YES,bigint,bigint,""
memgroupcontractplanbillrtvw,memGroupContractOptID,4,,YES,bigint,bigint,""
memgroupcontractplanbillrtvw,contractOptID,5,,YES,bigint,bigint,""
memgroupcontractplanbillrtvw,memGroupContractPlanOptionID,6,"0",NO,bigint,bigint,""
memgroupcontractplanbillrtvw,planOptionID,7,,YES,varchar,varchar(8),""
memgroupcontractplanbillrtvw,billingSchedID,8,,YES,varchar,varchar(50),""
memgroupcontractplanbillrtvw,effectiveDate,9,,YES,date,date,""
memgroupcontractplanbillrtvw,expirationDate,10,,YES,date,date,""
memgroupcontractplanbillrtvw,hasBeenActivatedInd,11,,YES,smallint,smallint,""
memgroupcontractplanbillrtvw,billingAssignUseType,12,,YES,varchar,varchar(2),""
memgroupcontractplanbillrtvw,rateInvoiceType,13,,YES,varchar,varchar(2),""
memgroupcontractplanbillrtvw,contractOptStatus,14,,YES,char,char(1),""
memgroupcontractplanbillrtvw,deleteInd,15,,YES,smallint,smallint,""
memgroupcontractplanoptdpiview,memGroupContractPlanOptionID,1,"0",NO,bigint,bigint,""
memgroupcontractplanoptdpiview,planOptionID,2,,YES,varchar,varchar(8),""
memgroupcontractplanoptdpiview,memGroupContractOptID,3,,YES,bigint,bigint,""
memgroupcontractplanoptdpiview,contractOptID,4,,YES,bigint,bigint,""
memgroupcontractplanoptdpiview,memGroupContractID,5,,YES,bigint,bigint,""
memgroupcontractplanoptdpiview,memGroupID,6,,YES,bigint,bigint,""
memgroupcontractplanoptenrlvw,memGroupContractPlanOptionID,1,"0",NO,bigint,bigint,""
memgroupcontractplanoptenrlvw,planOptionID,2,,YES,varchar,varchar(8),""
memgroupcontractplanoptenrlvw,memGroupContractOptID,3,,YES,bigint,bigint,""
memgroupcontractplanoptenrlvw,contractOptID,4,,YES,bigint,bigint,""
memgroupcontractplanoptenrlvw,memGroupContractID,5,,YES,bigint,bigint,""
memgroupcontractplanoptenrlvw,memGroupID,6,,YES,bigint,bigint,""
memgroupcontractplanoptenrlvw,contractOptType,7,,YES,varchar,varchar(2),""
memgroupcontractplanoptenrlvw,deleteInd,8,,YES,smallint,smallint,""
memgroupcontractplanoptenrlvw,logicalDeleteReason,9,,YES,varchar,varchar(3),""
memgroupcontractplanoptestset,memGroupContractPlanOptEstSetID,1,,NO,bigint,bigint,PRI
memgroupcontractplanoptestset,memGroupContractPlanOptionID,2,,YES,bigint,bigint,MUL
memgroupcontractplanoptestset,memGroupContractOptID,3,,YES,bigint,bigint,""
memgroupcontractplanoptestset,memGroupContractID,4,,YES,bigint,bigint,""
memgroupcontractplanoptestset,memGroupID,5,,YES,bigint,bigint,""
memgroupcontractplanoptestset,deleteInd,6,,YES,smallint,smallint,""
memgroupcontractplanoptestset,effectiveDate,7,,YES,date,date,""
memgroupcontractplanoptestset,expirationDate,8,,YES,date,date,""
memgroupcontractplanoptestset,govtBenefitType,9,,YES,varchar,varchar(15),""
memgroupcontractplanoptestset,estimationActionCode,10,,YES,varchar,varchar(3),""
memgroupcontractplanoptestset,changeDateTime,11,"0000-00-00 00:00:00.000",NO,timestamp,timestamp(3),MUL
memgroupcontractplanoptestset,changeUserID,12,,YES,varchar,varchar(20),""
memgroupcontractplanoptestset,createDateTime,13,"0000-00-00 00:00:00.000",NO,timestamp,timestamp(3),""
memgroupcontractplanoptestset,createUserID,14,,YES,varchar,varchar(20),""
memgroupcontractplanoptestset,updateVersion,15,,YES,int,int,""
memgroupcontractplanoptextid,memGroupContractPlanOptExtID,1,"0",NO,bigint,bigint,PRI
memgroupcontractplanoptextid,memGroupContractPlanOptionID,2,,YES,bigint,bigint,MUL
memgroupcontractplanoptextid,memGroupContractOptID,3,,YES,bigint,bigint,MUL
memgroupcontractplanoptextid,memGroupContractID,4,,YES,bigint,bigint,""
memgroupcontractplanoptextid,memGroupID,5,,YES,bigint,bigint,MUL
memgroupcontractplanoptextid,originalSourceSystemType,6,,YES,varchar,varchar(4),MUL
memgroupcontractplanoptextid,originalSourceSystemID,7,,YES,varchar,varchar(80),""
memgroupcontractplanoptextid,extIDDescription,8,,YES,varchar,varchar(80),""
memgroupcontractplanoptextid,changeDateTime,9,"0000-00-00 00:00:00.000",NO,timestamp,timestamp(3),MUL
memgroupcontractplanoptextid,changeUserID,10,,YES,varchar,varchar(20),""
memgroupcontractplanoptextid,createDateTime,11,"0000-00-00 00:00:00.000",NO,timestamp,timestamp(3),""
memgroupcontractplanoptextid,createUserID,12,,YES,varchar,varchar(20),""
memgroupcontractplanoptextid,updateVersion,13,,YES,int,int,""
memgroupcontractplanoptextid,accumulatorCalendarYearInd,14,,YES,smallint,smallint,""
memgroupcontractplanoptextid,planYear,15,,YES,int,int,""
memgroupcontractplanoptextid,currentPremiumAmount,16,,YES,decimal,"decimal(11,2)",""
memgroupcontractplanoptextid,renewalPremiumAmount,17,,YES,decimal,"decimal(11,2)",""
memgroupcontractplanoptextid,deleteInd,18,,YES,smallint,smallint,""
memgroupcontractplanoptextid,externalReferenceURL,19,,YES,varchar,varchar(500),""
memgroupcontractplanoptextid,logicalDeleteReason,20,,YES,varchar,varchar(3),""
memgroupcontractplanoptextview,memGroupContractID,1,,YES,bigint,bigint,""
memgroupcontractplanoptextview,memGroupContractOptID,2,,YES,bigint,bigint,""
memgroupcontractplanoptextview,memGroupContractPlanOptionID,3,"0",NO,bigint,bigint,""
memgroupcontractplanoptextview,benefitBundleID,4,,YES,bigint,bigint,""
memgroupcontractplanoptextview,benefitBundleOptionID,5,,YES,bigint,bigint,""
memgroupcontractplanoptextview,originalSourceSystemType,6,,YES,varchar,varchar(4),""
memgroupcontractplanoptextview,memGroupID,7,,YES,bigint,bigint,""
memgroupcontractplanoptextview,originalSourceSystemID,8,,YES,varchar,varchar(80),""
memgroupcontractplanoptextview,planOptionID,9,,YES,varchar,varchar(8),""
memgroupcontractplanoptextview,planOptionDescription,10,,YES,varchar,varchar(80),""
memgroupcontractplanoptextview,contractOptStatus,11,,YES,char,char(1),""
memgroupcontractplanoptextview,contractOptID,12,,YES,bigint,bigint,""
memgroupcontractplanoptextview,memGroupContractPlanOptionDeleteInd,13,,YES,smallint,smallint,""
memgroupcontractplanoptextview,memGroupPopulationID,14,,YES,bigint,bigint,""
memgroupcontractplanoptextview,createDateTime,15,"0000-00-00 00:00:00.000",NO,timestamp,timestamp(3),""
memgroupcontractplanoptextview,contractOptVersion,16,,YES,int,int,""
memgroupcontractplanoptextview,memGroupContractOptDeleteInd,17,,YES,smallint,smallint,""
memgroupcontractplanopthold,memGroupContractPlanOptHoldID,1,"0",NO,bigint,bigint,PRI
memgroupcontractplanopthold,memGroupContractPlanOptionID,2,,YES,bigint,bigint,MUL
memgroupcontractplanopthold,memGroupContractOptID,3,,YES,bigint,bigint,MUL
memgroupcontractplanopthold,memGroupContractID,4,,YES,bigint,bigint,MUL
memgroupcontractplanopthold,memGroupID,5,,YES,bigint,bigint,MUL
memgroupcontractplanopthold,holdCode,6,,YES,char,char(6),""
memgroupcontractplanopthold,shortNote,7,,YES,varchar,varchar(264),""
memgroupcontractplanopthold,holdPremium,8,,YES,smallint,smallint,""
memgroupcontractplanopthold,holdCapitation,9,,YES,smallint,smallint,""
memgroupcontractplanopthold,holdClaimPayment,10,,YES,smallint,smallint,""
memgroupcontractplanopthold,holdClaimAdjudicationInd,11,,YES,smallint,smallint,""
memgroupcontractplanopthold,holdElig,12,,YES,smallint,smallint,""
memgroupcontractplanopthold,holdContrib,13,,YES,smallint,smallint,""
memgroupcontractplanopthold,holdConfStmtsInd,14,,YES,smallint,smallint,""
memgroupcontractplanopthold,holdFulfillmentIDCardsInd,15,,YES,smallint,smallint,""
memgroupcontractplanopthold,holdFulfillmentInd,16,,YES,smallint,smallint,""
memgroupcontractplanopthold,holdDownstreamEligibilityInd,17,,YES,smallint,smallint,""
memgroupcontractplanopthold,effectiveDate,18,,YES,date,date,""
memgroupcontractplanopthold,expirationDate,19,,YES,date,date,""
memgroupcontractplanopthold,createDateTime,20,"0000-00-00 00:00:00.000",NO,timestamp,timestamp(3),""
memgroupcontractplanopthold,createUserID,21,,YES,varchar,varchar(20),""
memgroupcontractplanopthold,changeDateTime,22,"0000-00-00 00:00:00.000",NO,timestamp,timestamp(3),MUL
memgroupcontractplanopthold,changeUserID,23,,YES,varchar,varchar(20),""
memgroupcontractplanopthold,updateVersion,24,,YES,int,int,""
memgroupcontractplanopthold,deleteInd,25,,YES,smallint,smallint,""
memgroupcontractplanopthold,originalHoldReleaseDate,26,,YES,date,date,""
memgroupcontractplanopthold,holdReleaseInd,27,,YES,smallint,smallint,""
memgroupcontractplanoption,memGroupContractPlanOptionID,1,"0",NO,bigint,bigint,PRI
memgroupcontractplanoption,memGroupContractOptID,2,,YES,bigint,bigint,MUL
memgroupcontractplanoption,memGroupContractID,3,,YES,bigint,bigint,MUL
memgroupcontractplanoption,memGroupID,4,,YES,bigint,bigint,MUL
memgroupcontractplanoption,contractPlanOptionType,5,,YES,char,char(2),""
memgroupcontractplanoption,benefitBundleID,6,,YES,bigint,bigint,MUL
memgroupcontractplanoption,planID,7,,YES,varchar,varchar(30),""
memgroupcontractplanoption,checkPlanOptionNetworkInd,8,,YES,smallint,smallint,""
memgroupcontractplanoption,allowBuyUpInd,9,,YES,smallint,smallint,""
memgroupcontractplanoption,changeDateTime,10,"0000-00-00 00:00:00.000",NO,timestamp,timestamp(3),MUL
memgroupcontractplanoption,changeUserID,11,,YES,varchar,varchar(20),""
memgroupcontractplanoption,createDateTime,12,"0000-00-00 00:00:00.000",NO,timestamp,timestamp(3),""
memgroupcontractplanoption,createUserID,13,,YES,varchar,varchar(20),""
memgroupcontractplanoption,updateVersion,14,,YES,int,int,""
memgroupcontractplanoption,carrierLobPlanID,15,,YES,bigint,bigint,""
memgroupcontractplanoption,beneStandardCompID,16,,YES,bigint,bigint,""
memgroupcontractplanoption,eocSetID,17,,YES,varchar,varchar(30),""
memgroupcontractplanoption,msaID,18,,YES,varchar,varchar(30),""
memgroupcontractplanoption,allowMemAdjOrderInd,19,,YES,smallint,smallint,""
memgroupcontractplanoption,spendGraceDollarsFirstInd,20,,YES,smallint,smallint,""
memgroupcontractplanoption,allowMemGracePeriodOrderInd,21,,YES,smallint,smallint,""
memgroupcontractplanoption,overrideBenPlanAddrInd,22,,YES,smallint,smallint,""
memgroupcontractplanoption,overrideBenPlanPhoneInd,23,,YES,smallint,smallint,""
memgroupcontractplanoption,printPCPonIDCardInd,24,,YES,smallint,smallint,""
memgroupcontractplanoption,memGroupContractBillingPrefID,25,,YES,bigint,bigint,""
memgroupcontractplanoption,benefitBundleOptionID,26,,YES,bigint,bigint,MUL
memgroupcontractplanoption,benefitBundleStandardCompID,27,,YES,bigint,bigint,""
memgroupcontractplanoption,planOptionDescription,28,,YES,varchar,varchar(80),""
memgroupcontractplanoption,domesticPartnerInd,29,,YES,smallint,smallint,""
memgroupcontractplanoption,ageUpInd,30,,YES,smallint,smallint,""
memgroupcontractplanoption,deleteInd,31,,YES,smallint,smallint,""
memgroupcontractplanoption,adminVendorID,32,,YES,bigint,bigint,""
memgroupcontractplanoption,planOptionID,33,,YES,varchar,varchar(8),MUL
memgroupcontractplanoption,originalPlanOptionID,34,,YES,varchar,varchar(8),""
memgroupcontractplanoption,logicalDeleteReason,35,,YES,varchar,varchar(3),""
memgroupcontractplanoption,sellingCarrierID,36,,YES,bigint,bigint,""
memgroupcontractplanoption,autoPopulateBOBTypeInd,37,"0",YES,smallint,smallint,""
memgroupcontractplanoption,bookOfBusinessType,38,,YES,varchar,varchar(2),""
memgroupcontractplanoption,finProtectionPlanID,39,,YES,varchar,varchar(30),""
memgroupcontractplanoption,oonCarrierID,40,,YES,bigint,bigint,""
memgroupcontractplanoption,cocYear,41,,YES,int,int,""
memgroupcontractplanoption,relGenderType,42,,YES,varchar,varchar(2),""
memgroupcontractplanoption,ageReductionSchedID,43,,YES,varchar,varchar(40),""
memgroupcontractplanoption,ageReductionEffectiveDateType,44,,YES,varchar,varchar(3),""
memgroupcontractplanoption,guaranteeIssueAmount,45,,YES,decimal,"decimal(14,2)",""
memgroupcontractplanoption,relationshipLimitSchedID,46,,YES,varchar,varchar(40),""
memgroupcontractplanoption,fundingSource,47,,YES,varchar,varchar(2),""
memgroupcontractplanoption,revenueArrangement,48,,YES,varchar,varchar(2),""
memgroupcontractplanoption,finProtectPlanCodeID,49,,YES,varchar,varchar(30),""
memgroupcontractplanoption,finProtectPlanName,50,,YES,varchar,varchar(80),""
memgroupcontractplanoption,finProtectPlanType,51,,YES,varchar,varchar(2),""
memgroupcontractplanoption,brandingEntity,52,,YES,varchar,varchar(40),""
memgroupcontractplanoption,planCodeID,53,,YES,varchar,varchar(100),""
memgroupcontractplanoption,rxPlanCodeID,54,,YES,varchar,varchar(100),""
memgroupcontractplanoption,suppressPCPPrintIDCardInd,55,"0",YES,smallint,smallint,""
memgroupcontractplanoption,rxPricingSchedID,56,,YES,varchar,varchar(30),""
memgroupcontractplanoptionvw,contractOptID,1,,YES,bigint,bigint,""
memgroupcontractplanoptionvw,contractOptStatus,2,,YES,char,char(1),""
memgroupcontractplanoptionvw,effectiveDate,3,,YES,date,date,""
memgroupcontractplanoptionvw,expirationDate,4,,YES,date,date,""
memgroupcontractplanoptionvw,memGroupContractOptID,5,"0",NO,bigint,bigint,""
memgroupcontractplanoptionvw,deleteInd,6,,YES,smallint,smallint,""
memgroupcontractplanoptionvw,finProtectPlanType,7,,YES,varchar,varchar(2),""
memgroupcontractplanoptionvw,memGroupContractID,8,,YES,bigint,bigint,""
memgroupcontractplanoptionvw,memGroupContractPlanOptionID,9,"0",NO,bigint,bigint,""
memgroupcontractplanoptionvw,memGroupID,10,,YES,bigint,bigint,""
memgroupcontractplanoptionvw,planOptionID,11,,YES,varchar,varchar(8),""
memgroupcontractplanoptionvw,contractOptType,12,,YES,varchar,varchar(2),""
memgroupcontractplanoptionvw,cocYear,13,,YES,int,int,""
memgroupcontractplanoptionvw,benefitBundleID,14,,YES,bigint,bigint,""
memgroupcontractplanoptionvw,benefitBundleOptionID,15,,YES,bigint,bigint,""
memgroupcontractplanoptionvw,planOptionDescription,16,,YES,varchar,varchar(80),""
memgroupcontractplanoptionvw,participationType,17,,YES,varchar,varchar(1),""
memgroupcontractplanoptionvw,subContractOptInd,18,,YES,smallint,smallint,""
memgroupcontractplanoptionvw,finProtectPlanCodeID,19,,YES,varchar,varchar(30),""
memgroupcontractplanoptionvw,renewalContractLengthType,20,,YES,varchar,varchar(2),""
memgroupcontractplanoptionvw,renewalDate,21,,YES,date,date,""
memgroupcontractplanoptionvw,sellingCarrierID,22,,YES,bigint,bigint,""
memgroupcontractplanoptionvw,bookOfBusinessType,23,,YES,varchar,varchar(2),""
memgroupcontractplanoptmsa,memGroupContractPlanOptMsaID,1,"0",NO,bigint,bigint,PRI
memgroupcontractplanoptmsa,memGroupContractPlanOptionID,2,,YES,bigint,bigint,MUL
memgroupcontractplanoptmsa,memGroupContractOptID,3,,YES,bigint,bigint,MUL
memgroupcontractplanoptmsa,memGroupContractID,4,,YES,bigint,bigint,MUL
memgroupcontractplanoptmsa,memGroupID,5,,YES,bigint,bigint,MUL
memgroupcontractplanoptmsa,msaID,6,,YES,varchar,varchar(30),""
memgroupcontractplanoptmsa,benefitBundleID,7,,YES,bigint,bigint,""
memgroupcontractplanoptmsa,benefitBundleOptionID,8,,YES,bigint,bigint,""
memgroupcontractplanoptmsa,remitMemGroupAddressID,9,,YES,bigint,bigint,MUL
memgroupcontractplanoptmsa,coordinatedPaymentInd,10,,YES,smallint,smallint,""
memgroupcontractplanoptmsa,memberCoordinatedPaymentInd,11,,YES,smallint,smallint,""
memgroupcontractplanoptmsa,electronicEOBOnlyInd,12,,YES,smallint,smallint,""
memgroupcontractplanoptmsa,suppressEOBforNoPaymentInd,13,,YES,smallint,smallint,""
memgroupcontractplanoptmsa,suppressProviderEOBMbrPayeeInd,14,,YES,smallint,smallint,""
memgroupcontractplanoptmsa,allowMemberEOBOverrideInd,15,,YES,smallint,smallint,""
memgroupcontractplanoptmsa,prorationType,16,,YES,varchar,varchar(1),""
memgroupcontractplanoptmsa,changeDateTime,17,"0000-00-00 00:00:00.000",NO,timestamp,timestamp(3),MUL
memgroupcontractplanoptmsa,changeUserID,18,,YES,varchar,varchar(20),""
memgroupcontractplanoptmsa,createDateTime,19,"0000-00-00 00:00:00.000",NO,timestamp,timestamp(3),""
memgroupcontractplanoptmsa,createUserID,20,,YES,varchar,varchar(20),""
memgroupcontractplanoptmsa,updateVersion,21,,YES,int,int,""
memgroupcontractplanoptmsa,deleteInd,22,,YES,smallint,smallint,""
memgroupcontractplanoptmsa,logicalDeleteReason,23,,YES,varchar,varchar(3),""
memgroupcontractplanoptplancd,memGroupContractPlanOptPlanCdID,1,,NO,bigint,bigint,PRI
memgroupcontractplanoptplancd,memGroupContractPlanOptionID,2,,YES,bigint,bigint,MUL
memgroupcontractplanoptplancd,memGroupContractOptID,3,,YES,bigint,bigint,MUL
memgroupcontractplanoptplancd,memGroupContractID,4,,YES,bigint,bigint,""
memgroupcontractplanoptplancd,memGroupID,5,,YES,bigint,bigint,""
memgroupcontractplanoptplancd,benefitType,6,,YES,char,char(2),""
memgroupcontractplanoptplancd,benefitPlanCode,7,,YES,varchar,varchar(100),""
memgroupcontractplanoptplancd,riderOnlyInd,8,,YES,smallint,smallint,""
memgroupcontractplanoptplancd,deleteInd,9,,YES,smallint,smallint,""
memgroupcontractplanoptplancd,changeDateTime,10,"0000-00-00 00:00:00.000",NO,timestamp,timestamp(3),MUL
memgroupcontractplanoptplancd,changeUserID,11,,YES,varchar,varchar(20),""
memgroupcontractplanoptplancd,createDateTime,12,"0000-00-00 00:00:00.000",NO,timestamp,timestamp(3),""
memgroupcontractplanoptplancd,createUserID,13,,YES,varchar,varchar(20),""
memgroupcontractplanoptplancd,updateVersion,14,,YES,int,int,""
memgroupcontractplanoptplancd,logicalDeleteReason,15,,YES,varchar,varchar(3),""
memgroupcontractplanoptpop,memGroupContractPlanOptPopID,1,,NO,bigint,bigint,PRI
memgroupcontractplanoptpop,memGroupContractPlanOptionID,2,,YES,bigint,bigint,MUL
memgroupcontractplanoptpop,memGroupContractOptID,3,,YES,bigint,bigint,""
memgroupcontractplanoptpop,memGroupContractID,4,,YES,bigint,bigint,""
memgroupcontractplanoptpop,memGroupID,5,,YES,bigint,bigint,MUL
memgroupcontractplanoptpop,memGroupPopulationID,6,,YES,bigint,bigint,""
memgroupcontractplanoptpop,deleteInd,7,,YES,smallint,smallint,""
memgroupcontractplanoptpop,changeDateTime,8,"0000-00-00 00:00:00.000",NO,timestamp,timestamp(3),MUL
memgroupcontractplanoptpop,changeUserID,9,,YES,varchar,varchar(20),""
memgroupcontractplanoptpop,createDateTime,10,"0000-00-00 00:00:00.000",NO,timestamp,timestamp(3),""
memgroupcontractplanoptpop,createUserID,11,,YES,varchar,varchar(20),""
memgroupcontractplanoptpop,updateVersion,12,,YES,int,int,""
memgroupcontractplanoptpop,logicalDeleteReason,13,,YES,varchar,varchar(3),""
memgroupcontractplanoptpopview,memGroupContractPlanOptPopID,1,,NO,bigint,bigint,""
memgroupcontractplanoptpopview,memGroupContractPlanOptionID,2,"0",NO,bigint,bigint,""
memgroupcontractplanoptpopview,memGroupContractOptID,3,"0",NO,bigint,bigint,""
memgroupcontractplanoptpopview,memGroupContractID,4,,YES,bigint,bigint,""
memgroupcontractplanoptpopview,memGroupID,5,,YES,bigint,bigint,""
memgroupcontractplanoptpopview,memGroupPopulationID,6,,YES,bigint,bigint,""
memgroupcontractplanoptpopview,effectiveDate,7,,YES,date,date,""
memgroupcontractplanoptpopview,expirationDate,8,,YES,date,date,""
memgroupcontractplanoptpopview,contractOptStatus,9,,YES,char,char(1),""
memgroupcontractplanoptratevw,billingSchedID,1,,YES,varchar,varchar(50),""
memgroupcontractplanoptratevw,billingAssignUseType,2,,YES,varchar,varchar(2),""
memgroupcontractplanoptratevw,effectiveDate,3,,YES,date,date,""
memgroupcontractplanoptratevw,expirationDate,4,,YES,date,date,""
memgroupcontractplanoptratevw,billItemType,5,,YES,varchar,varchar(30),""
memgroupcontractplanoptratevw,deleteInd,6,,YES,smallint,smallint,""
memgroupcontractplanoptratevw,memGroupContractPlanBillRtID,7,"0",NO,bigint,bigint,""
memgroupcontractplanoptratevw,memGroupContractPlanOptionID,8,,YES,bigint,bigint,""
memgroupcontractplanoptratevw,passThruBillingInd,9,"0",YES,smallint,smallint,""
memgroupcontractplanoptratevw,passThruBillingEntityID,10,,YES,varchar,varchar(20),""
memgroupcontractplanoptratevw,passThruBillingEntityType,11,,YES,char,char(2),""
memgroupcontractplanoptratevw,varyRatesByPopulationInd,12,"0",YES,smallint,smallint,""
memgroupcontractplanoptratevw,popbillingSchedID,13,,YES,varchar,varchar(50),""
memgroupcontractplanoptratevw,popeffectiveDate,14,,YES,date,date,""
memgroupcontractplanoptratevw,popexpirationDate,15,,YES,date,date,""
memgroupcontractplanoptratevw,popdeleteInd,16,,YES,smallint,smallint,""
memgroupcontractplanoptratevw,memGroupID,17,,YES,bigint,bigint,""
memgroupcontractplanoptratevw,owningMemGroupID,18,,YES,bigint,bigint,""
memgroupcontractplanoptratevw,memGroupPopulationID,19,,YES,bigint,bigint,""
memgroupcontractplanoptreserve,memGroupContractPlanOptReserveID,1,,NO,bigint,bigint,PRI
memgroupcontractplanoptreserve,memGroupContractPlanOptionID,2,,YES,bigint,bigint,MUL
memgroupcontractplanoptreserve,memGroupContractOptID,3,,YES,bigint,bigint,MUL
memgroupcontractplanoptreserve,memGroupContractID,4,,YES,bigint,bigint,MUL
memgroupcontractplanoptreserve,memGroupID,5,,YES,bigint,bigint,MUL
memgroupcontractplanoptreserve,entityReserveID,6,,YES,bigint,bigint,""
memgroupcontractplanoptreserve,deleteInd,7,,YES,smallint,smallint,""
memgroupcontractplanoptreserve,changeDateTime,8,"0000-00-00 00:00:00.000",NO,timestamp,timestamp(3),MUL
memgroupcontractplanoptreserve,changeUserID,9,,YES,varchar,varchar(20),""
memgroupcontractplanoptreserve,createDateTime,10,"0000-00-00 00:00:00.000",NO,timestamp,timestamp(3),""
memgroupcontractplanoptreserve,createUserID,11,,YES,varchar,varchar(20),""
memgroupcontractplanoptreserve,updateVersion,12,,YES,int,int,""
memgroupcontractplanoptrptcd,underwritingReportingCode,1,,NO,varchar,varchar(30),PRI
memgroupcontractplanoptrptcd,memGroupContractPlanOptionID,2,,NO,bigint,bigint,PRI
memgroupcontractplanoptrptcd,memGroupContractOptID,3,,NO,bigint,bigint,PRI
memgroupcontractplanoptrptcd,memGroupContractID,4,,NO,bigint,bigint,PRI
memgroupcontractplanoptrptcd,memGroupID,5,,NO,bigint,bigint,PRI
memgroupcontractplanoptrptcd,deleteInd,6,"0",YES,smallint,smallint,""
memgroupcontractplanoptrptcd,logicalDeleteReason,7,,YES,varchar,varchar(3),""
memgroupcontractplanoptrptcd,changeDateTime,8,"0000-00-00 00:00:00.000",NO,timestamp,timestamp(3),MUL
memgroupcontractplanoptrptcd,changeUserID,9,,YES,varchar,varchar(20),""
memgroupcontractplanoptrptcd,createDateTime,10,"0000-00-00 00:00:00.000",NO,timestamp,timestamp(3),""
memgroupcontractplanoptrptcd,createUserID,11,,YES,varchar,varchar(20),""
memgroupcontractplanoptrptcd,updateVersion,12,,YES,int,int,""
memgroupcontractplanoptrtslvw,stoplossPolicyID,1,,YES,bigint,bigint,""
memgroupcontractplanoptrtslvw,memGroupContractPlanOptionID,2,,YES,bigint,bigint,""
memgroupcontractplanoptrtslvw,memGroupID,3,,YES,bigint,bigint,""
memgroupcontractplanoptrtslvw,billItemType,4,,YES,varchar,varchar(30),""
memgroupcontractplanoptrtslvw,billingSchedID,5,,YES,varchar,varchar(50),""
memgroupcontractplanoptrtslvw,effectiveDate,6,,YES,date,date,""
memgroupcontractplanoptrtslvw,expirationDate,7,,YES,date,date,""
memgroupcontractplanoptrtslvw,deleteInd,8,,YES,smallint,smallint,""
memgroupcontractplanoptv2view,memGroupContractPlanOptionID,1,"0",NO,bigint,bigint,""
memgroupcontractplanoptv2view,memGroupContractOptID,2,,YES,bigint,bigint,""
memgroupcontractplanoptv2view,memGroupContractID,3,,YES,bigint,bigint,""
memgroupcontractplanoptv2view,memGroupID,4,,YES,bigint,bigint,""
memgroupcontractplanoptv2view,contractPlanOptionType,5,,YES,char,char(2),""
memgroupcontractplanoptv2view,benefitBundleID,6,,YES,bigint,bigint,""
memgroupcontractplanoptv2view,planID,7,,YES,varchar,varchar(30),""
memgroupcontractplanoptv2view,checkPlanOptionNetworkInd,8,,YES,smallint,smallint,""
memgroupcontractplanoptv2view,allowBuyUpInd,9,,YES,smallint,smallint,""
memgroupcontractplanoptv2view,carrierLobPlanID,10,,YES,bigint,bigint,""
memgroupcontractplanoptv2view,beneStandardCompID,11,,YES,bigint,bigint,""
memgroupcontractplanoptv2view,eocSetID,12,,YES,varchar,varchar(30),""
memgroupcontractplanoptv2view,msaID,13,,YES,varchar,varchar(30),""
memgroupcontractplanoptv2view,allowMemAdjOrderInd,14,,YES,smallint,smallint,""
memgroupcontractplanoptv2view,spendGraceDollarsFirstInd,15,,YES,smallint,smallint,""
memgroupcontractplanoptv2view,allowMemGracePeriodOrderInd,16,,YES,smallint,smallint,""
memgroupcontractplanoptv2view,overrideBenPlanAddrInd,17,,YES,smallint,smallint,""
memgroupcontractplanoptv2view,overrideBenPlanPhoneInd,18,,YES,smallint,smallint,""
memgroupcontractplanoptv2view,printPCPonIDCardInd,19,,YES,smallint,smallint,""
memgroupcontractplanoptv2view,memGroupContractBillingPrefID,20,,YES,bigint,bigint,""
memgroupcontractplanoptv2view,benefitBundleOptionID,21,,YES,bigint,bigint,""
memgroupcontractplanoptv2view,benefitBundleStandardCompID,22,,YES,bigint,bigint,""
memgroupcontractplanoptv2view,planOptionDescription,23,,YES,varchar,varchar(80),""
memgroupcontractplanoptv2view,domesticPartnerInd,24,,YES,smallint,smallint,""
memgroupcontractplanoptv2view,ageUpInd,25,,YES,smallint,smallint,""
memgroupcontractplanoptv2view,deleteInd,26,,YES,smallint,smallint,""
memgroupcontractplanoptv2view,adminVendorID,27,,YES,bigint,bigint,""
memgroupcontractplanoptv2view,planOptionID,28,,YES,varchar,varchar(8),""
memgroupcontractplanoptv2view,originalPlanOptionID,29,,YES,varchar,varchar(8),""
memgroupcontractplanoptv2view,sellingCarrierID,30,,YES,bigint,bigint,""
memgroupcontractplanoptv2view,autoPopulateBOBTypeInd,31,"0",YES,smallint,smallint,""
memgroupcontractplanoptv2view,bookOfBusinessType,32,,YES,varchar,varchar(2),""
memgroupcontractplanoptv2view,finProtectionPlanID,33,,YES,varchar,varchar(30),""
memgroupcontractplanoptv2view,changeDateTime,34,"0000-00-00 00:00:00.000",NO,timestamp,timestamp(3),""
memgroupcontractplanoptv2view,changeUserID,35,,YES,varchar,varchar(20),""
memgroupcontractplanoptv2view,createDateTime,36,"0000-00-00 00:00:00.000",NO,timestamp,timestamp(3),""
memgroupcontractplanoptv2view,createUserID,37,,YES,varchar,varchar(20),""
memgroupcontractplanoptv2view,updateVersion,38,,YES,int,int,""
memgroupcontractplanoptv2view,logicalDeleteReason,39,,YES,varchar,varchar(3),""
memgroupcontractplanoptv2view,oonCarrierID,40,,YES,bigint,bigint,""
memgroupcontractplanoptv2view,cocYear,41,,YES,int,int,""
memgroupcontractplanoptv2view,relGenderType,42,,YES,varchar,varchar(2),""
memgroupcontractplanoptv2view,ageReductionSchedID,43,,YES,varchar,varchar(40),""
memgroupcontractplanoptv2view,ageReductionEffectiveDateType,44,,YES,varchar,varchar(3),""
memgroupcontractplanoptv2view,guaranteeIssueAmount,45,,YES,decimal,"decimal(14,2)",""
memgroupcontractplanoptv2view,relationshipLimitSchedID,46,,YES,varchar,varchar(40),""
memgroupcontractplanoptv2view,fundingSource,47,,YES,varchar,varchar(2),""
memgroupcontractplanoptv2view,revenueArrangement,48,,YES,varchar,varchar(2),""
memgroupcontractplanoptv2view,finProtectPlanCodeID,49,,YES,varchar,varchar(30),""
memgroupcontractplanoptv2view,finProtectPlanName,50,,YES,varchar,varchar(80),""
memgroupcontractplanoptv2view,finProtectPlanType,51,,YES,varchar,varchar(2),""
memgroupcontractplanoptv2view,brandingEntity,52,,YES,varchar,varchar(40),""
memgroupcontractplanoptv2view,planCodeID,53,,YES,varchar,varchar(100),""
memgroupcontractplanoptv2view,rxPlanCodeID,54,,YES,varchar,varchar(100),""
memgroupcontractplanoptv2view,suppressPCPPrintIDCardInd,55,"0",YES,smallint,smallint,""
memgroupcontractplanoptv2view,rxPricingSchedID,56,,YES,varchar,varchar(30),""
memgroupcontractplanpopbillrt,memGroupContractPlanPopBillRtID,1,,NO,bigint,bigint,PRI
memgroupcontractplanpopbillrt,memGroupContractPlanBillRtID,2,,YES,bigint,bigint,MUL
memgroupcontractplanpopbillrt,memGroupContractOptID,3,,YES,bigint,bigint,MUL
memgroupcontractplanpopbillrt,memGroupContractID,4,,YES,bigint,bigint,""
memgroupcontractplanpopbillrt,memGroupContractPlanOptionID,5,,YES,bigint,bigint,MUL
memgroupcontractplanpopbillrt,memGroupID,6,,YES,bigint,bigint,MUL
memgroupcontractplanpopbillrt,memGroupPopulationID,7,,YES,bigint,bigint,""
memgroupcontractplanpopbillrt,effectiveDate,8,,YES,date,date,""
memgroupcontractplanpopbillrt,expirationDate,9,,YES,date,date,""
memgroupcontractplanpopbillrt,billingSchedID,10,,YES,varchar,varchar(50),MUL
memgroupcontractplanpopbillrt,priorExpirationDate,11,,YES,date,date,""
memgroupcontractplanpopbillrt,logicalDeleteReason,12,,YES,varchar,varchar(3),""
memgroupcontractplanpopbillrt,deleteInd,13,,YES,smallint,smallint,""
memgroupcontractplanpopbillrt,changeDateTime,14,"0000-00-00 00:00:00.000",NO,timestamp,timestamp(3),MUL
memgroupcontractplanpopbillrt,changeUserID,15,,YES,varchar,varchar(20),""
memgroupcontractplanpopbillrt,createDateTime,16,"0000-00-00 00:00:00.000",NO,timestamp,timestamp(3),""
memgroupcontractplanpopbillrt,createUserID,17,,YES,varchar,varchar(20),""
memgroupcontractplanpopbillrt,updateVersion,18,,YES,int,int,""
memgroupcontractplanpopbillrt,continuationResponsibilityType,19,,YES,varchar,varchar(3),""
memgroupcontractplanpopbillrt,pimRateTypeID,20,,YES,int,int,""
memgroupcontractplanpopblrtvw,memGroupContractPlanPopBillRtID,1,,NO,bigint,bigint,""
memgroupcontractplanpopblrtvw,memGroupContractOptID,2,"0",NO,bigint,bigint,""
memgroupcontractplanpopblrtvw,memGroupPopulationID,3,,YES,bigint,bigint,""
memgroupcontractplanpopblrtvw,memGroupID,4,,YES,bigint,bigint,""
memgroupcontractplanpopblrtvw,effectiveDate,5,,YES,date,date,""
memgroupcontractplanpopblrtvw,expirationDate,6,,YES,date,date,""
memgroupcontractplanpopblrtvw,contractOptStatus,7,,YES,char,char(1),""
memgroupcontractplansl,memGroupContractPlanSLID,1,,NO,bigint,bigint,PRI
memgroupcontractplansl,memGroupContractPlanOptionID,2,,YES,bigint,bigint,MUL
memgroupcontractplansl,memGroupContractOptID,3,,YES,bigint,bigint,MUL
memgroupcontractplansl,memGroupContractID,4,,YES,bigint,bigint,""
memgroupcontractplansl,memGroupID,5,,YES,bigint,bigint,""
memgroupcontractplansl,stoplossPolicyID,6,,YES,bigint,bigint,""
memgroupcontractplansl,deleteInd,7,,YES,smallint,smallint,""
memgroupcontractplansl,createDateTime,8,"0000-00-00 00:00:00.000",NO,timestamp,timestamp(3),""
memgroupcontractplansl,createUserID,9,,YES,varchar,varchar(20),""
memgroupcontractplansl,changeUserID,10,,YES,varchar,varchar(20),""
memgroupcontractplansl,changeDateTime,11,"0000-00-00 00:00:00.000",NO,timestamp,timestamp(3),MUL
memgroupcontractplansl,updateVersion,12,,YES,int,int,""
memgroupcontractplanslaggorder,memGroupContractPlanSLAggOrderID,1,,NO,bigint,bigint,PRI
memgroupcontractplanslaggorder,memGroupContractPlanSLID,2,,YES,bigint,bigint,MUL
memgroupcontractplanslaggorder,memGroupContractPlanOptionID,3,,YES,bigint,bigint,MUL
memgroupcontractplanslaggorder,memGroupContractOptID,4,,YES,bigint,bigint,""
memgroupcontractplanslaggorder,memGroupContractID,5,,YES,bigint,bigint,""
memgroupcontractplanslaggorder,memGroupID,6,,YES,bigint,bigint,""
memgroupcontractplanslaggorder,processOrderNum,7,,YES,smallint,smallint,""
memgroupcontractplanslaggorder,deleteInd,8,,YES,smallint,smallint,""
memgroupcontractplanslaggorder,createDateTime,9,"0000-00-00 00:00:00.000",NO,timestamp,timestamp(3),""
memgroupcontractplanslaggorder,createUserID,10,,YES,varchar,varchar(20),""
memgroupcontractplanslaggorder,changeUserID,11,,YES,varchar,varchar(20),""
memgroupcontractplanslaggorder,changeDateTime,12,"0000-00-00 00:00:00.000",NO,timestamp,timestamp(3),MUL
memgroupcontractplanslaggorder,updateVersion,13,,YES,int,int,""
memgroupcontractplanslbillrt,memGroupContractPlanSLBillRtID,1,,NO,bigint,bigint,PRI
memgroupcontractplanslbillrt,memGroupContractPlanSLID,2,,YES,bigint,bigint,MUL
memgroupcontractplanslbillrt,memGroupContractPlanOptionID,3,,YES,bigint,bigint,MUL
memgroupcontractplanslbillrt,memGroupContractOptID,4,,YES,bigint,bigint,MUL
memgroupcontractplanslbillrt,memGroupContractID,5,,YES,bigint,bigint,""
memgroupcontractplanslbillrt,memGroupID,6,,YES,bigint,bigint,""
memgroupcontractplanslbillrt,billingSchedID,7,,YES,varchar,varchar(50),MUL
memgroupcontractplanslbillrt,billItemType,8,,YES,varchar,varchar(30),""
memgroupcontractplanslbillrt,effectiveDate,9,,YES,date,date,""
memgroupcontractplanslbillrt,expirationDate,10,,YES,date,date,""
memgroupcontractplanslbillrt,deleteInd,11,,YES,smallint,smallint,""
memgroupcontractplanslbillrt,createDateTime,12,"0000-00-00 00:00:00.000",NO,timestamp,timestamp(3),""
memgroupcontractplanslbillrt,createUserID,13,,YES,varchar,varchar(20),""
memgroupcontractplanslbillrt,changeUserID,14,,YES,varchar,varchar(20),""
memgroupcontractplanslbillrt,changeDateTime,15,"0000-00-00 00:00:00.000",NO,timestamp,timestamp(3),MUL
memgroupcontractplanslbillrt,updateVersion,16,,YES,int,int,""
memgroupcontractplanslbillrt,priorExpirationDate,17,,YES,date,date,""
memgroupcontractplanslbillrt,logicalDeleteReason,18,,YES,varchar,varchar(3),""
memgroupcontractplanslbillrt,rateInvoiceType,19,,YES,varchar,varchar(2),""
memgroupcontractplanslindorder,memGroupContractPlanSLIndOrderID,1,,NO,bigint,bigint,PRI
memgroupcontractplanslindorder,memGroupContractPlanSLID,2,,YES,bigint,bigint,MUL
memgroupcontractplanslindorder,memGroupContractPlanOptionID,3,,YES,bigint,bigint,MUL
memgroupcontractplanslindorder,memGroupContractOptID,4,,YES,bigint,bigint,""
memgroupcontractplanslindorder,memGroupContractID,5,,YES,bigint,bigint,""
memgroupcontractplanslindorder,memGroupID,6,,YES,bigint,bigint,""
memgroupcontractplanslindorder,processOrderNum,7,,YES,smallint,smallint,""
memgroupcontractplanslindorder,deleteInd,8,,YES,smallint,smallint,""
memgroupcontractplanslindorder,createDateTime,9,"0000-00-00 00:00:00.000",NO,timestamp,timestamp(3),""
memgroupcontractplanslindorder,createUserID,10,,YES,varchar,varchar(20),""
memgroupcontractplanslindorder,changeUserID,11,,YES,varchar,varchar(20),""
memgroupcontractplanslindorder,changeDateTime,12,"0000-00-00 00:00:00.000",NO,timestamp,timestamp(3),MUL
memgroupcontractplanslindorder,updateVersion,13,,YES,int,int,""
memgroupcontractplnoptcustpref,memGroupContractPlnOptCustPrefID,1,,NO,bigint,bigint,PRI
memgroupcontractplnoptcustpref,memGroupContractPlanOptionID,2,,YES,bigint,bigint,MUL
memgroupcontractplnoptcustpref,memGroupContractOptID,3,,YES,bigint,bigint,""
memgroupcontractplnoptcustpref,memGroupContractID,4,,YES,bigint,bigint,""
memgroupcontractplnoptcustpref,memGroupID,5,,YES,bigint,bigint,""
memgroupcontractplnoptcustpref,benefitType,6,,YES,char,char(2),""
memgroupcontractplnoptcustpref,customPreferenceType,7,,YES,varchar,varchar(10),""
memgroupcontractplnoptcustpref,customPreferenceValue,8,,YES,varchar,varchar(100),""
memgroupcontractplnoptcustpref,memGroupAddressID,9,,YES,bigint,bigint,""
memgroupcontractplnoptcustpref,binCode,10,,YES,varchar,varchar(15),""
memgroupcontractplnoptcustpref,pcnCode,11,,YES,varchar,varchar(15),""
memgroupcontractplnoptcustpref,grpCode,12,,YES,varchar,varchar(15),""
memgroupcontractplnoptcustpref,deleteInd,13,,YES,smallint,smallint,""
memgroupcontractplnoptcustpref,changeDateTime,14,"0000-00-00 00:00:00.000",NO,timestamp,timestamp(3),MUL
memgroupcontractplnoptcustpref,changeUserID,15,,YES,varchar,varchar(20),""
memgroupcontractplnoptcustpref,createDateTime,16,"0000-00-00 00:00:00.000",NO,timestamp,timestamp(3),""
memgroupcontractplnoptcustpref,createUserID,17,,YES,varchar,varchar(20),""
memgroupcontractplnoptcustpref,updateVersion,18,,YES,int,int,""
memgroupcontractplnoptcustpref,logicalDeleteReason,19,,YES,varchar,varchar(3),""
memgroupcontractplnoptcustpref,integratedAccumInd,20,,YES,smallint,smallint,""
memgroupcontractplnoptcustpref,eligibilityExchangeInd,21,,YES,smallint,smallint,""
memgroupcontractplnoptcustpref,claimsExchangeInd,22,,YES,smallint,smallint,""
memgroupcontractplnoptestsetvw,situsState,1,,YES,char,char(2),""
memgroupcontractplnoptestsetvw,deleteInd,2,,YES,smallint,smallint,""
memgroupcontractplnoptestsetvw,effectiveDate,3,,YES,date,date,""
memgroupcontractplnoptestsetvw,estimationActionCode,4,,YES,varchar,varchar(3),""
memgroupcontractplnoptestsetvw,expirationDate,5,,YES,date,date,""
memgroupcontractplnoptestsetvw,govtBenefitType,6,,YES,varchar,varchar(15),""
memgroupcontractplnoptestsetvw,memGroupContractID,7,,YES,bigint,bigint,""
memgroupcontractplnoptestsetvw,memGroupContractOptID,8,,YES,bigint,bigint,""
memgroupcontractplnoptestsetvw,memGroupContractPlanOptEstSetID,9,,NO,bigint,bigint,""
memgroupcontractplnoptestsetvw,memGroupContractPlanOptionID,10,,YES,bigint,bigint,""
memgroupcontractplnoptestsetvw,memGroupID,11,,YES,bigint,bigint,""
memgroupcontractpopupv2view,memGroupName,1,,YES,varchar,varchar(120),""
memgroupcontractpopupv2view,contractDescription,2,,YES,varchar,varchar(120),""
memgroupcontractpopupv2view,deleteInd,3,,YES,smallint,smallint,""
memgroupcontractpopupv2view,logicalDeleteReason,4,,YES,varchar,varchar(3),""
memgroupcontractpopupv2view,memGroupContractID,5,"0",NO,bigint,bigint,""
memgroupcontractpopupv2view,memGroupID,6,,YES,bigint,bigint,""
memgroupcontractpopupview,memGroupName,1,,YES,varchar,varchar(120),""
memgroupcontractpopupview,contractDescription,2,,YES,varchar,varchar(120),""
memgroupcontractpopupview,memGroupContractID,3,"0",NO,bigint,bigint,""
memgroupcontractpopupview,memGroupID,4,,YES,bigint,bigint,""
memgroupcontractproducer,memGroupContractProducerID,1,"0",NO,bigint,bigint,PRI
memgroupcontractproducer,memGroupContractID,2,,YES,bigint,bigint,MUL
memgroupcontractproducer,memGroupID,3,,YES,bigint,bigint,MUL
memgroupcontractproducer,producerID,4,,YES,bigint,bigint,MUL
memgroupcontractproducer,producerPctOfPremium,5,,YES,decimal,"decimal(7,4)",""
memgroupcontractproducer,producerType,6,,YES,varchar,varchar(3),""
memgroupcontractproducer,writingAgentID,7,,YES,bigint,bigint,""
memgroupcontractproducer,effectiveDate,8,,YES,date,date,""
memgroupcontractproducer,expirationDate,9,,YES,date,date,""
memgroupcontractproducer,changeDateTime,10,"0000-00-00 00:00:00.000",NO,timestamp,timestamp(3),MUL
memgroupcontractproducer,changeUserID,11,,YES,varchar,varchar(20),""
memgroupcontractproducer,createDateTime,12,"0000-00-00 00:00:00.000",NO,timestamp,timestamp(3),""
memgroupcontractproducer,createUserID,13,,YES,varchar,varchar(20),""
memgroupcontractproducer,updateVersion,14,,YES,int,int,""
memgroupcontractproducer,noCommissionInd,15,,YES,smallint,smallint,""
memgroupcontractproducer,pctOfCommission,16,,YES,decimal,"decimal(7,4)",""
memgroupcontractproducer,commissionInd,17,,YES,smallint,smallint,""
memgroupcontractproducer,serviceFeeAgreementID,18,,YES,bigint,bigint,""
memgroupcontractproducer,logicalDeleteDate,19,,YES,date,date,""
memgroupcontractproducer,compensationType,20,,YES,varchar,varchar(3),""
memgroupcontractproducer,billingSchedID,21,,YES,varchar,varchar(50),MUL
memgroupcontractproducer,billItemType,22,,YES,varchar,varchar(30),""
memgroupcontractproducer,billingAssignUseType,23,,YES,varchar,varchar(2),""
memgroupcontractproducer,serviceFeeBillingType,24,,YES,varchar,varchar(3),""
memgroupcontractproducer,productType,25,,YES,varchar,varchar(2),""
memgroupcontractproducer,contractOptType,26,,YES,varchar,varchar(2),""
memgroupcontractproducer,situsState,27,,YES,char,char(2),""
memgroupcontractproducer,fundingSource,28,,YES,varchar,varchar(2),""
memgroupcontractproducer,priorExpirationDate,29,,YES,date,date,""
memgroupcontractproducer,deleteInd,30,,YES,smallint,smallint,MUL
memgroupcontractproducer,logicalDeleteReason,31,,YES,varchar,varchar(3),""
memgroupcontractproducer,affilMemGroupID,32,"0",YES,bigint,bigint,""
memgroupcontractproducer,fundingConversionInd,33,"0",YES,smallint,smallint,""
memgroupcontractproduceridvw,changeDateTime,1,"0000-00-00 00:00:00.000",NO,timestamp,timestamp(3),""
memgroupcontractproduceridvw,createDateTime,2,"0000-00-00 00:00:00.000",NO,timestamp,timestamp(3),""
memgroupcontractproduceridvw,effectiveDate,3,,YES,date,date,""
memgroupcontractproduceridvw,expirationDate,4,,YES,date,date,""
memgroupcontractproduceridvw,producerID,5,,YES,bigint,bigint,""
memgroupcontractproduceridvw,memGroupID,6,,YES,bigint,bigint,""
memgroupcontractproduceridvw,memGroupOriginalSourceSystemID,7,,YES,varchar,varchar(80),""
memgroupcontractproduceridvw,memGroupOriginalSourceSystemType,8,,YES,varchar,varchar(4),""
memgroupcontractproduceridvw,sizeDefinitionType,9,,YES,char,char(2),""
memgroupcontractrenewalv2view,contractExpirationReason,1,,YES,varchar,varchar(3),""
memgroupcontractrenewalv2view,memGroupID,2,,YES,bigint,bigint,""
memgroupcontractrenewalv2view,memGroupContractID,3,,YES,bigint,bigint,""
memgroupcontractrenewalv2view,memGroupContractOptID,4,"0",NO,bigint,bigint,""
memgroupcontractrenewalv2view,renewalDate,5,,YES,date,date,""
memgroupcontractrenewalv2view,situsState,6,,YES,char,char(2),""
memgroupcontractrenewalv2view,originalSourceSystemType,7,,YES,varchar,varchar(4),""
memgroupcontractrenewalv2view,originalSourceSystemID,8,,YES,varchar,varchar(80),""
memgroupcontractrenewalv2view,sizeDefinitionType,9,,YES,char,char(2),""
memgroupcontractsalesoffice,memGroupContractSalesOfficeID,1,"0",NO,bigint,bigint,PRI
memgroupcontractsalesoffice,memGroupContractID,2,,YES,bigint,bigint,MUL
memgroupcontractsalesoffice,memGroupID,3,,YES,bigint,bigint,""
memgroupcontractsalesoffice,salesOfficeID,4,,YES,varchar,varchar(30),""
memgroupcontractsalesoffice,effectiveDate,5,,YES,date,date,""
memgroupcontractsalesoffice,expirationDate,6,,YES,date,date,""
memgroupcontractsalesoffice,createUserID,7,,YES,varchar,varchar(20),""
memgroupcontractsalesoffice,createDateTime,8,"0000-00-00 00:00:00.000",NO,timestamp,timestamp(3),""
memgroupcontractsalesoffice,changeUserID,9,,YES,varchar,varchar(20),""
memgroupcontractsalesoffice,changeDateTime,10,"0000-00-00 00:00:00.000",NO,timestamp,timestamp(3),MUL
memgroupcontractsalesoffice,updateVersion,11,,YES,int,int,""
memgroupcontractsalesoffice,priorExpirationDate,12,,YES,date,date,""
memgroupcontractsalesoffice,deleteInd,13,,YES,smallint,smallint,""
memgroupcontractsalesoffice,logicalDeleteReason,14,,YES,varchar,varchar(3),""
memgroupcontractsalesoffice,productType,15,,YES,varchar,varchar(2),""
memgroupcontractsalesoffice,contractOptType,16,,YES,varchar,varchar(2),""
memgroupcontractv2view,memGroupContractID,1,"0",NO,bigint,bigint,""
memgroupcontractv2view,memGroupID,2,,YES,bigint,bigint,""
memgroupcontractv2view,effectiveDate,3,,YES,date,date,""
memgroupcontractv2view,expirationDate,4,,YES,date,date,""
memgroupcontractv2view,contractDescription,5,,YES,varchar,varchar(120),""
memgroupcontractv2view,changeDateTime,6,"0000-00-00 00:00:00.000",NO,timestamp,timestamp(3),""
memgroupcontractv2view,changeUserID,7,,YES,varchar,varchar(20),""
memgroupcontractv2view,createDateTime,8,"0000-00-00 00:00:00.000",NO,timestamp,timestamp(3),""
memgroupcontractv2view,createUserID,9,,YES,varchar,varchar(20),""
memgroupcontractv2view,updateVersion,10,,YES,int,int,""
memgroupcontractv2view,originalContractDate,11,,YES,date,date,""
memgroupcontractv2view,contractExpirationReason,12,,YES,varchar,varchar(3),""
memgroupcontractv2view,migrationInd,13,,YES,smallint,smallint,""
memgroupcontractv2view,priorExpirationDate,14,,YES,date,date,""
memgroupcontractv2view,priorExpirationReason,15,,YES,varchar,varchar(3),""
memgroupcontractv2view,contractReinstatementReason,16,,YES,varchar,varchar(3),""
memgroupcontractv2view,documentControlNumber,17,,YES,varchar,varchar(20),""
memgroupcontractv2view,deleteInd,18,,YES,smallint,smallint,""
memgroupcontractv2view,logicalDeleteReason,19,,YES,varchar,varchar(3),""
memgroupcontractv2view,useSysDefaultAccumPairingInd,20,"1",YES,smallint,smallint,""
memgroupcontractvalidation,validationID,1,"0",NO,bigint,bigint,PRI
memgroupcontractvalidation,memGroupContractID,2,,YES,bigint,bigint,MUL
memgroupcontractvalidation,memGroupContractAffilID,3,,YES,bigint,bigint,MUL
memgroupcontractvalidation,noteText,4,,YES,varchar,varchar(4000),""
memgroupcontractvalidation,valMessageType,5,,YES,char,char(2),""
memgroupcontractvalidation,changeDateTime,6,"0000-00-00 00:00:00.000",NO,timestamp,timestamp(3),MUL
memgroupcontractvalidation,changeUserID,7,,YES,varchar,varchar(20),""
memgroupcontractvalidation,createDateTime,8,"0000-00-00 00:00:00.000",NO,timestamp,timestamp(3),""
memgroupcontractvalidation,createUserID,9,,YES,varchar,varchar(20),""
memgroupcontractvalidation,updateVersion,10,,YES,int,int,""
memgroupcontractvalidation,memGroupContractOptID,11,,YES,bigint,bigint,MUL
memgroupcontractvalidation,categoryOfError,12,,YES,varchar,varchar(20),""
memgroupcontractvalidation,memGroupContractAffilOptID,13,,YES,bigint,bigint,""
memgroupcontractvalidationview,memGroupContractAffilOptID,1,,NO,bigint,bigint,""
memgroupcontractvalidationview,memGroupID,2,,YES,bigint,bigint,""
memgroupcontractvalidationview,owningMemGroupID,3,,YES,bigint,bigint,""
memgroupcontractvalidationview,createDateTime,4,"0000-00-00 00:00:00.000",NO,timestamp,timestamp(3),""
memgroupcontractvalidationview,memGroupContractOptID,5,,YES,bigint,bigint,""
memgroupcontractvalidationview,noteText,6,,YES,varchar,varchar(4000),""
memgroupcontractvalidationview,valMessageType,7,,YES,char,char(2),""
memgroupcontractview,memGroupName,1,,YES,varchar,varchar(120),""
memgroupcontractview,eocSetID,2,,YES,varchar,varchar(30),""
memgroupcontractview,memGroupID,3,,YES,bigint,bigint,""
memgroupctrctoptpopinsrulecstm,memGroupCtrctOptPopInsRuleCstmID,1,,NO,bigint,bigint,PRI
memgroupctrctoptpopinsrulecstm,memGroupContractOptPopInsRulID,2,,YES,bigint,bigint,MUL
memgroupctrctoptpopinsrulecstm,memGroupContractOptPopID,3,,YES,bigint,bigint,""
memgroupctrctoptpopinsrulecstm,memGroupContractOptID,4,,YES,bigint,bigint,""
memgroupctrctoptpopinsrulecstm,memGroupContractID,5,,YES,bigint,bigint,""
memgroupctrctoptpopinsrulecstm,memGroupID,6,,YES,bigint,bigint,""
memgroupctrctoptpopinsrulecstm,qualifyingEventType,7,,YES,char,char(3),""
memgroupctrctoptpopinsrulecstm,waitingPeriodType,8,,YES,varchar,varchar(3),""
memgroupctrctoptpopinsrulecstm,waitingPeriodDayCount,9,,YES,varchar,varchar(3),""
memgroupctrctoptpopinsrulecstm,waitingPeriodDurationType,10,,YES,varchar,varchar(2),""
memgroupctrctoptpopinsrulecstm,waitingPeriodMonthCount,11,,YES,varchar,varchar(2),""
memgroupctrctoptpopinsrulecstm,waitingPeriodDayCountMax,12,,YES,int,int,""
memgroupctrctoptpopinsrulecstm,waitingPeriodDayCountMin,13,,YES,int,int,""
memgroupctrctoptpopinsrulecstm,deleteInd,14,,YES,smallint,smallint,""
memgroupctrctoptpopinsrulecstm,logicalDeleteReason,15,,YES,varchar,varchar(3),""
memgroupctrctoptpopinsrulecstm,changeDateTime,16,"0000-00-00 00:00:00.000",NO,timestamp,timestamp(3),MUL
memgroupctrctoptpopinsrulecstm,changeUserID,17,,YES,varchar,varchar(20),""
memgroupctrctoptpopinsrulecstm,createDateTime,18,"0000-00-00 00:00:00.000",NO,timestamp,timestamp(3),""
memgroupctrctoptpopinsrulecstm,createUserID,19,,YES,varchar,varchar(20),""
memgroupctrctoptpopinsrulecstm,updateVersion,20,,YES,int,int,""
memgroupctrctoptpopinsrulecstm,waitingPeriodDurationCount,21,,YES,int,int,""
memgroupctrpopconfigorderview,effectiveDate,1,,YES,date,date,""
memgroupctrpopconfigorderview,expirationDate,2,,YES,date,date,""
memgroupctrpopconfigorderview,memGroupPopulationConfigID,3,"0",NO,bigint,bigint,""
memgroupctrpopconfigorderview,memGroupID,4,,YES,bigint,bigint,""
memgroupctrpopconfigorderview,memGroupPopulationID,5,,YES,bigint,bigint,""
memgroupctrpopconfigorderview,memGroupPopulationOrderID,6,"0",NO,bigint,bigint,""
memgroupctrpopconfigorderview,populationCalculationOrderSeq,7,,YES,int,int,""
memgroupctrratesummaryuiview,contractAffilStatus,1,,YES,varchar,varchar(2),""
memgroupctrratesummaryuiview,memGroupContractAffilID,2,,NO,bigint,bigint,""
memgroupctrratesummaryuiview,memGroupContractID,3,,YES,bigint,bigint,""
memgroupctrratesummaryuiview,owningMemGroupID,4,,YES,bigint,bigint,""
memgroupctrratesummaryuiview,memGroupContractAffilOptID,5,,NO,bigint,bigint,""
memgroupctrratesummaryuiview,memGroupContractOptID,6,,YES,bigint,bigint,""
memgroupctrratesummaryuiview,contractOptID,7,,YES,bigint,bigint,""
memgroupctrratesummaryuiview,contractOptStatus,8,,YES,char,char(1),""
memgroupctrratesummaryuiview,effectiveDate,9,,YES,date,date,""
memgroupctrratesummaryuiview,expirationDate,10,,YES,date,date,""
memgroupctrratesummaryuiview,benefitBundleOptionID,11,,YES,bigint,bigint,""
memgroupctrratesummaryuiview,memGroupContractPlanOptionID,12,"0",NO,bigint,bigint,""
memgroupctrratesummaryuiview,planOptionDescription,13,,YES,varchar,varchar(80),""
memgroupctrratesummaryuiview,planOptionID,14,,YES,varchar,varchar(8),""
memgroupctrratesummaryuiview,billingSchedID,15,,YES,varchar,varchar(50),""
memgroupctrratesummaryuiview,deleteInd,16,,YES,smallint,smallint,""
memgroupctrratesummaryuiview,memGroupContractPlanPopBillRtID,17,,NO,bigint,bigint,""
memgroupctrratesummaryuiview,memGroupID,18,,YES,bigint,bigint,""
memgroupctrratesummaryuiview,memGroupPopulationID,19,"0",NO,bigint,bigint,""
memgroupctrratesummaryuiview,rateFactor,20,,YES,decimal,"decimal(9,4)",""
memgroupctrratesummaryview,contractAffilStatus,1,,YES,varchar,varchar(2),""
memgroupctrratesummaryview,memGroupContractAffilID,2,,NO,bigint,bigint,""
memgroupctrratesummaryview,memGroupContractID,3,,YES,bigint,bigint,""
memgroupctrratesummaryview,owningMemGroupID,4,,YES,bigint,bigint,""
memgroupctrratesummaryview,memGroupContractAffilOptID,5,,NO,bigint,bigint,""
memgroupctrratesummaryview,memGroupContractOptID,6,,YES,bigint,bigint,""
memgroupctrratesummaryview,contractOptID,7,,YES,bigint,bigint,""
memgroupctrratesummaryview,contractOptStatus,8,,YES,char,char(1),""
memgroupctrratesummaryview,effectiveDate,9,,YES,date,date,""
memgroupctrratesummaryview,expirationDate,10,,YES,date,date,""
memgroupctrratesummaryview,billingAssignUseType,11,,YES,varchar,varchar(2),""
memgroupctrratesummaryview,billItemType,12,,YES,varchar,varchar(30),""
memgroupctrratesummaryview,memGroupContractPlanBillRtID,13,"0",NO,bigint,bigint,""
memgroupctrratesummaryview,benefitBundleID,14,,YES,bigint,bigint,""
memgroupctrratesummaryview,benefitBundleOptionID,15,,YES,bigint,bigint,""
memgroupctrratesummaryview,memGroupContractPlanOptionID,16,"0",NO,bigint,bigint,""
memgroupctrratesummaryview,planOptionDescription,17,,YES,varchar,varchar(80),""
memgroupctrratesummaryview,planOptionID,18,,YES,varchar,varchar(8),""
memgroupctrratesummaryview,billingSchedID,19,,YES,varchar,varchar(50),""
memgroupctrratesummaryview,deleteInd,20,,YES,smallint,smallint,""
memgroupctrratesummaryview,memGroupContractPlanPopBillRtID,21,,NO,bigint,bigint,""
memgroupctrratesummaryview,memGroupID,22,,YES,bigint,bigint,""
memgroupctrratesummaryview,memGroupPopulationID,23,"0",NO,bigint,bigint,""
memgroupctrratesummaryview,rateFactor,24,,YES,decimal,"decimal(9,4)",""
memgroupcustomattribute,memGroupCustomAttributeID,1,"0",NO,bigint,bigint,PRI
memgroupcustomattribute,memGroupID,2,,YES,bigint,bigint,MUL
memgroupcustomattribute,changeDateTime,3,"0000-00-00 00:00:00.000",NO,timestamp,timestamp(3),MUL
memgroupcustomattribute,changeUserID,4,,YES,varchar,varchar(20),""
memgroupcustomattribute,createDateTime,5,"0000-00-00 00:00:00.000",NO,timestamp,timestamp(3),""
memgroupcustomattribute,createUserID,6,,YES,varchar,varchar(20),""
memgroupcustomattribute,updateVersion,7,,YES,int,int,""
memgroupcustomattribute,effectiveDate,8,,YES,date,date,""
memgroupcustomattribute,expirationDate,9,,YES,date,date,""
memgroupcustomattribute,memberCustomAttributeName,10,,YES,varchar,varchar(60),""
memgroupcustomattribute,memberCustomAttributeType,11,,YES,varchar,varchar(3),""
memgroupcustomattribute,deleteInd,12,"0",YES,smallint,smallint,""
memgroupcustomattribute,memberCustomAttributeDesc,13,,YES,varchar,varchar(100),""
memgroupcustomattributevalue,memGroupCustomAttributeValueID,1,"0",NO,bigint,bigint,PRI
memgroupcustomattributevalue,memGroupCustomAttributeID,2,,YES,bigint,bigint,MUL
memgroupcustomattributevalue,memGroupID,3,,YES,bigint,bigint,""
memgroupcustomattributevalue,changeDateTime,4,"0000-00-00 00:00:00.000",NO,timestamp,timestamp(3),MUL
memgroupcustomattributevalue,changeUserID,5,,YES,varchar,varchar(20),""
memgroupcustomattributevalue,createDateTime,6,"0000-00-00 00:00:00.000",NO,timestamp,timestamp(3),""
memgroupcustomattributevalue,createUserID,7,,YES,varchar,varchar(20),""
memgroupcustomattributevalue,updateVersion,8,,YES,int,int,""
memgroupcustomattributevalue,memberCustomAttributeRefCode,9,,YES,varchar,varchar(100),""
memgroupcustomattributevalue,memberCustomAttributeRefDesc,10,,YES,varchar,varchar(100),""
memgroupcustomattributevalue,effectiveDate,11,,YES,date,date,""
memgroupcustomattributevalue,expirationDate,12,,YES,date,date,""
memgroupcustomattributevalue,deleteInd,13,"0",YES,smallint,smallint,""
memgroupdepcert,memGroupID,1,"0",NO,bigint,bigint,PRI
memgroupdepcert,relationshipCode,2,"",NO,char,char(2),PRI
memgroupdepcert,certQty,3,,YES,smallint,smallint,""
memgroupdepcert,certFrequency,4,,YES,char,char(1),""
memgroupdepcert,changeDateTime,5,"0000-00-00 00:00:00.000",NO,timestamp,timestamp(3),MUL
memgroupdepcert,changeUserID,6,,YES,varchar,varchar(20),""
memgroupdepcert,createDateTime,7,"0000-00-00 00:00:00.000",NO,timestamp,timestamp(3),""
memgroupdepcert,createUserID,8,,YES,varchar,varchar(20),""
memgroupdepcert,updateVersion,9,,YES,int,int,""
memgroupemployeecount,memGroupEmployeeCountID,1,"0",NO,bigint,bigint,PRI
memgroupemployeecount,memGroupID,2,,YES,bigint,bigint,MUL
memgroupemployeecount,employeeCountType,3,,YES,varchar,varchar(3),""
memgroupemployeecount,employeeCount,4,,YES,int,int,""
memgroupemployeecount,reportingYear,5,,YES,int,int,""
memgroupemployeecount,yearToDateInd,6,,YES,smallint,smallint,""
memgroupemployeecount,changeDateTime,7,"0000-00-00 00:00:00.000",NO,timestamp,timestamp(3),MUL
memgroupemployeecount,changeUserID,8,,YES,varchar,varchar(20),""
memgroupemployeecount,createDateTime,9,"0000-00-00 00:00:00.000",NO,timestamp,timestamp(3),""
memgroupemployeecount,createUserID,10,,YES,varchar,varchar(20),""
memgroupemployeecount,updateVersion,11,,YES,int,int,""
memgroupenvcopyrequest,memGroupEnvCopyRequestID,1,"0",NO,bigint,bigint,PRI
memgroupenvcopyrequest,memGroupID,2,,YES,bigint,bigint,MUL
memgroupenvcopyrequest,parentMemGroupID,3,,YES,bigint,bigint,""
memgroupenvcopyrequest,transID,4,,YES,varchar,varchar(80),UNI
memgroupenvcopyrequest,copyRequestStatus,5,,YES,varchar,varchar(100),""
memgroupenvcopyrequest,createUserID,6,,YES,varchar,varchar(20),""
memgroupenvcopyrequest,changeUserID,7,,YES,varchar,varchar(20),""
memgroupenvcopyrequest,createDateTime,8,"0000-00-00 00:00:00.000",NO,timestamp,timestamp(3),""
memgroupenvcopyrequest,changeDateTime,9,"0000-00-00 00:00:00.000",NO,timestamp,timestamp(3),""
memgroupenvcopyrequest,updateVersion,10,,YES,int,int,""
memgroupevent,memGroupEventID,1,,NO,bigint,bigint,PRI
memgroupevent,memGroupID,2,,YES,bigint,bigint,MUL
memgroupevent,memGroupContractID,3,,YES,bigint,bigint,""
memgroupevent,memGroupContractOptID,4,,YES,bigint,bigint,""
memgroupevent,memGroupContractPlanOptionID,5,,YES,bigint,bigint,""
memgroupevent,contractOptID,6,,YES,bigint,bigint,MUL
memgroupevent,planOptionID,7,,YES,varchar,varchar(8),""
memgroupevent,contractAffilID,8,,YES,bigint,bigint,""
memgroupevent,memGroupEventType,9,,YES,varchar,varchar(10),""
memgroupevent,memGroupEventStatus,10,,YES,varchar,varchar(2),""
memgroupevent,contractAffilVersion,11,,YES,int,int,""
memgroupevent,transactionID,12,,YES,varchar,varchar(255),""
memgroupevent,extSysType,13,,YES,char,char(5),""
memgroupevent,eventPayload,14,,YES,text,text,""
memgroupevent,eventStartDateTime,15,,YES,timestamp,timestamp(3),""
memgroupevent,eventCompleteDateTime,16,,YES,timestamp,timestamp(3),""
memgroupevent,changeDateTime,17,"0000-00-00 00:00:00.000",NO,timestamp,timestamp(3),MUL
memgroupevent,changeUserID,18,,YES,varchar,varchar(20),""
memgroupevent,createDateTime,19,"0000-00-00 00:00:00.000",NO,timestamp,timestamp(3),""
memgroupevent,createUserID,20,,YES,varchar,varchar(20),""
memgroupevent,updateVersion,21,,YES,int,int,""
memgroupevent,contractOptType,22,,YES,varchar,varchar(2),""
memgroupevent,eventTriggerSetID,23,,YES,varchar,varchar(40),""
memgroupevent,overrideEventSchedulerInd,24,,YES,smallint,smallint,""
memgroupeventtriggersetting,memGroupEventTriggerSettingID,1,,NO,bigint,bigint,PRI
memgroupeventtriggersetting,memGroupID,2,,YES,bigint,bigint,MUL
memgroupeventtriggersetting,effectiveDate,3,,YES,date,date,""
memgroupeventtriggersetting,expirationDate,4,,YES,date,date,""
memgroupeventtriggersetting,sellingCarrierID,5,,YES,bigint,bigint,""
memgroupeventtriggersetting,eventTriggerSetID,6,,YES,varchar,varchar(40),""
memgroupeventtriggersetting,changeDateTime,7,"0000-00-00 00:00:00.000",NO,timestamp,timestamp(3),MUL
memgroupeventtriggersetting,changeUserID,8,,YES,varchar,varchar(20),""
memgroupeventtriggersetting,createDateTime,9,"0000-00-00 00:00:00.000",NO,timestamp,timestamp(3),""
memgroupeventtriggersetting,createUserID,10,,YES,varchar,varchar(20),""
memgroupeventtriggersetting,updateVersion,11,,YES,int,int,""
memgroupeventtriggersetting,validInd,12,"0",YES,smallint,smallint,""
memgroupeventtriggersetting,entityType,13,,YES,char,char(2),""
memgroupeventtriggersetting,suppressPCPPrintIDCardInd,14,"0",YES,smallint,smallint,""
memgroupeventtriggersettingvw,effectiveDate,1,,YES,date,date,""
memgroupeventtriggersettingvw,eventTriggerSetID,2,,YES,varchar,varchar(40),""
memgroupeventtriggersettingvw,expirationDate,3,,YES,date,date,""
memgroupeventtriggersettingvw,memGroupEventTriggerSettingID,4,,NO,bigint,bigint,""
memgroupeventtriggersettingvw,memGroupID,5,,YES,bigint,bigint,""
memgroupeventtriggersettingvw,sellingCarrierID,6,,YES,bigint,bigint,""
memgroupeventtriggersettingvw,validInd,7,"0",YES,smallint,smallint,""
memgroupeventtriggersettingvw,entityType,8,,YES,char,char(2),""
memgroupeventtriggersettingvw,contractOptType,9,,NO,varchar,varchar(2),""
memgroupeventtriggersettingvw,fundingSource,10,,NO,varchar,varchar(2),""
memgroupeventtriggersettingvw,revenueArrangement,11,,NO,varchar,varchar(2),""
memgroupeventtriggersettingvw,state,12,,NO,char,char(2),""
memgroupeventtrigsetcontopttyp,memGroupEventTriggerSettingID,1,,NO,bigint,bigint,PRI
memgroupeventtrigsetcontopttyp,contractOptType,2,,NO,varchar,varchar(2),PRI
memgroupeventtrigsetcontopttyp,changeDateTime,3,"0000-00-00 00:00:00.000",NO,timestamp,timestamp(3),MUL
memgroupeventtrigsetcontopttyp,changeUserID,4,,YES,varchar,varchar(20),""
memgroupeventtrigsetcontopttyp,createDateTime,5,"0000-00-00 00:00:00.000",NO,timestamp,timestamp(3),""
memgroupeventtrigsetcontopttyp,createUserID,6,,YES,varchar,varchar(20),""
memgroupeventtrigsetcontopttyp,updateVersion,7,,YES,int,int,""
memgroupeventtrigsetfundsrc,memGroupEventTriggerSettingID,1,,NO,bigint,bigint,PRI
memgroupeventtrigsetfundsrc,fundingSource,2,,NO,varchar,varchar(2),PRI
memgroupeventtrigsetfundsrc,changeDateTime,3,"0000-00-00 00:00:00.000",NO,timestamp,timestamp(3),MUL
memgroupeventtrigsetfundsrc,changeUserID,4,,YES,varchar,varchar(20),""
memgroupeventtrigsetfundsrc,createDateTime,5,"0000-00-00 00:00:00.000",NO,timestamp,timestamp(3),""
memgroupeventtrigsetfundsrc,createUserID,6,,YES,varchar,varchar(20),""
memgroupeventtrigsetfundsrc,updateVersion,7,,YES,int,int,""
memgroupeventtrigsetrevarr,memGroupEventTriggerSettingID,1,,NO,bigint,bigint,PRI
memgroupeventtrigsetrevarr,revenueArrangement,2,,NO,varchar,varchar(2),PRI
memgroupeventtrigsetrevarr,changeDateTime,3,"0000-00-00 00:00:00.000",NO,timestamp,timestamp(3),MUL
memgroupeventtrigsetrevarr,changeUserID,4,,YES,varchar,varchar(20),""
memgroupeventtrigsetrevarr,createDateTime,5,"0000-00-00 00:00:00.000",NO,timestamp,timestamp(3),""
memgroupeventtrigsetrevarr,createUserID,6,,YES,varchar,varchar(20),""
memgroupeventtrigsetrevarr,updateVersion,7,,YES,int,int,""
memgroupeventtrigsetstate,memGroupEventTriggerSettingID,1,,NO,bigint,bigint,PRI
memgroupeventtrigsetstate,state,2,,NO,char,char(2),PRI
memgroupeventtrigsetstate,changeDateTime,3,"0000-00-00 00:00:00.000",NO,timestamp,timestamp(3),MUL
memgroupeventtrigsetstate,changeUserID,4,,YES,varchar,varchar(20),""
memgroupeventtrigsetstate,createDateTime,5,"0000-00-00 00:00:00.000",NO,timestamp,timestamp(3),""
memgroupeventtrigsetstate,createUserID,6,,YES,varchar,varchar(20),""
memgroupeventtrigsetstate,updateVersion,7,,YES,int,int,""
memgroupexternalid,memGroupExternalIDID,1,"0",NO,bigint,bigint,PRI
memgroupexternalid,memGroupID,2,,YES,bigint,bigint,MUL
memgroupexternalid,originalSourceSystemType,3,,YES,varchar,varchar(4),""
memgroupexternalid,originalSourceSystemID,4,,YES,varchar,varchar(80),MUL
memgroupexternalid,changeDateTime,5,"0000-00-00 00:00:00.000",NO,timestamp,timestamp(3),MUL
memgroupexternalid,changeUserID,6,,YES,varchar,varchar(20),""
memgroupexternalid,createDateTime,7,"0000-00-00 00:00:00.000",NO,timestamp,timestamp(3),""
memgroupexternalid,createUserID,8,,YES,varchar,varchar(20),""
memgroupexternalid,updateVersion,9,,YES,int,int,""
memgroupextidvalidation,memGroupExtIDValidationID,1,"0",NO,bigint,bigint,PRI
memgroupextidvalidation,memGroupID,2,,YES,bigint,bigint,""
memgroupextidvalidation,memGroupContractOptID,3,,YES,bigint,bigint,""
memgroupextidvalidation,memGroupContractPlanOptionID,4,,YES,bigint,bigint,""
memgroupextidvalidation,valMessageType,5,,YES,char,char(2),""
memgroupextidvalidation,noteText,6,,YES,varchar,varchar(4000),""
memgroupextidvalidation,createUserID,7,,YES,varchar,varchar(20),""
memgroupextidvalidation,changeUserID,8,,YES,varchar,varchar(20),""
memgroupextidvalidation,createDateTime,9,"0000-00-00 00:00:00.000",NO,timestamp,timestamp(3),""
memgroupextidvalidation,changeDateTime,10,"0000-00-00 00:00:00.000",NO,timestamp,timestamp(3),MUL
memgroupextidvalidation,updateVersion,11,,YES,int,int,""
memgroupextractdatesview,memGroupID,1,,YES,bigint,bigint,""
memgroupextractdatesview,effectiveDate,2,,YES,date,date,""
memgroupextractdatesview,expirationDate,3,,YES,date,date,""
memgroupextractdatesviewv2,memGroupID,1,,YES,bigint,bigint,""
memgroupextractdatesviewv2,effectiveDate,2,,YES,date,date,""
memgroupextractdatesviewv2,expirationDate,3,,YES,date,date,""
memgrouphold,memGroupHoldID,1,"0",NO,bigint,bigint,PRI
memgrouphold,memGroupID,2,,YES,bigint,bigint,MUL
memgrouphold,holdCode,3,,YES,char,char(6),MUL
memgrouphold,shortNote,4,,YES,varchar,varchar(264),""
memgrouphold,holdPremium,5,,YES,smallint,smallint,""
memgrouphold,holdCapitation,6,,YES,smallint,smallint,""
memgrouphold,holdClaimPayment,7,,YES,smallint,smallint,""
memgrouphold,holdClaimAdjudicationInd,8,,YES,smallint,smallint,""
memgrouphold,holdEffDate,9,,YES,date,date,""
memgrouphold,holdExpDate,10,,YES,date,date,""
memgrouphold,changeUserID,11,,YES,varchar,varchar(20),""
memgrouphold,changeDateTime,12,"0000-00-00 00:00:00.000",NO,timestamp,timestamp(3),MUL
memgrouphold,createDateTime,13,"0000-00-00 00:00:00.000",NO,timestamp,timestamp(3),""
memgrouphold,createUserID,14,,YES,varchar,varchar(20),""
memgrouphold,updateVersion,15,,YES,int,int,""
memgrouphold,holdElig,16,,YES,smallint,smallint,""
memgrouphold,holdContrib,17,,YES,smallint,smallint,""
memgrouphold,holdConfStmtsInd,18,,YES,smallint,smallint,""
memgrouphold,holdMedcoRTBE,19,,YES,smallint,smallint,""
memgrouphold,releaseMedcoRTBEDate,20,,YES,date,date,""
memgrouphold,holdManlContrib,21,,YES,smallint,smallint,""
memgrouphold,holdCAC,22,,YES,smallint,smallint,""
memgrouphold,originalHoldReleaseDate,23,,YES,date,date,MUL
memgrouphold,holdReleaseInd,24,,YES,smallint,smallint,""
memgrouphold,holdDownstreamEligibilityInd,25,,YES,smallint,smallint,""
memgrouphold,holdFulfillmentInd,26,,YES,smallint,smallint,""
memgrouphold,holdFulfillmentIDCardsInd,27,,YES,smallint,smallint,""
memgrouphold,effectiveDate,28,,YES,date,date,""
memgrouphold,expirationDate,29,,YES,date,date,""
memgrouphold,sourceMemGroupID,30,"0",YES,bigint,bigint,""
memgrouphold,sourceMemGroupHoldID,31,"0",YES,bigint,bigint,MUL
memgroupholdchildreleasevw,memGroupHoldID,1,"0",NO,bigint,bigint,""
memgroupholdchildreleasevw,memGroupID,2,"0",NO,bigint,bigint,""
memgroupholdchildreleasevw,memGroupName,3,,YES,varchar,varchar(120),""
memgroupholdchildreleasevw,memGroupContractID,4,"0",NO,bigint,bigint,""
memgroupholdchildreleasevw,effectiveDate,5,,YES,date,date,""
memgroupholdchildreleasevw,expirationDate,6,,YES,date,date,""
memgroupholdchildreleasevw,holdCode,7,,YES,char,char(6),""
memgroupholdchildreleasevw,holdEffDate,8,,YES,date,date,""
memgroupholdchildreleasevw,holdExpDate,9,,YES,date,date,""
memgroupholdchildreleasevw,holdReleaseInd,10,,YES,smallint,smallint,""
memgroupholdchildreleasevw,sourceMemGroupID,11,"0",YES,bigint,bigint,""
memgroupholdchildreleasevw,sourceMemGroupHoldID,12,"0",YES,bigint,bigint,""
memgroupholdreleasevw,memGroupHoldID,1,"0",NO,bigint,bigint,""
memgroupholdreleasevw,memGroupID,2,"0",NO,bigint,bigint,""
memgroupholdreleasevw,memGroupName,3,,YES,varchar,varchar(120),""
memgroupholdreleasevw,memGroupContractID,4,"0",NO,bigint,bigint,""
memgroupholdreleasevw,effectiveDate,5,,YES,date,date,""
memgroupholdreleasevw,expirationDate,6,,YES,date,date,""
memgroupholdreleasevw,holdCode,7,,YES,char,char(6),""
memgroupholdreleasevw,holdEffDate,8,,YES,date,date,""
memgroupholdreleasevw,holdExpDate,9,,YES,date,date,""
memgroupholdreleasevw,holdReleaseInd,10,,YES,smallint,smallint,""
memgroupidview,memGroupID,1,"0",NO,bigint,bigint,""
memgroupidview,memGroupName,2,,YES,varchar,varchar(120),""
memgroupidview,memGroupType,3,,YES,varchar,varchar(3),""
memgroupidview,parentID,4,,YES,bigint,bigint,""
memgroupidview,memGroupTIN,5,,YES,varchar,varchar(9),""
memgroupidview,originalSourceSystemID,6,,YES,varchar,varchar(80),""
memgroupidview,aliasName,7,,YES,varchar,varchar(120),""
memgroupidview,memGrpContractExtID,8,,YES,varchar,varchar(80),""
memgroupimage,memGroupImageID,1,"0",NO,bigint,bigint,PRI
memgroupimage,memGroupID,2,,YES,bigint,bigint,MUL
memgroupimage,dcnID,3,,YES,char,char(80),""
memgroupimage,dcnType,4,,YES,varchar,varchar(3),""
memgroupimage,shortNote,5,,YES,varchar,varchar(264),""
memgroupimage,receiveDate,6,,YES,date,date,""
memgroupimage,changeDateTime,7,"0000-00-00 00:00:00.000",NO,timestamp,timestamp(3),MUL
memgroupimage,changeUserID,8,,YES,varchar,varchar(20),""
memgroupimage,createDateTime,9,"0000-00-00 00:00:00.000",NO,timestamp,timestamp(3),""
memgroupimage,createUserID,10,,YES,varchar,varchar(20),""
memgroupimage,updateVersion,11,,YES,int,int,""
memgroupinstalltag,memGroupInstallTagID,1,,NO,bigint,bigint,PRI
memgroupinstalltag,memGroupID,2,,YES,bigint,bigint,MUL
memgroupinstalltag,memGroupInstallTagType,3,,YES,varchar,varchar(10),""
memgroupinstalltag,memGroupInstallTagValue,4,,YES,varchar,varchar(10),""
memgroupinstalltag,createUserID,5,,YES,varchar,varchar(20),""
memgroupinstalltag,createDateTime,6,"0000-00-00 00:00:00.000",NO,timestamp,timestamp(3),""
memgroupinstalltag,changeUserID,7,,YES,varchar,varchar(20),""
memgroupinstalltag,changeDateTime,8,"0000-00-00 00:00:00.000",NO,timestamp,timestamp(3),MUL
memgroupinstalltag,updateVersion,9,,YES,int,int,""
memgroupinsuringrule,memGroupInsuringRuleID,1,"0",NO,bigint,bigint,PRI
memgroupinsuringrule,memGroupID,2,,YES,bigint,bigint,MUL
memgroupinsuringrule,pcpRandomizationType,3,,YES,varchar,varchar(2),""
memgroupinsuringrule,newbornAutoAddInd,4,,YES,smallint,smallint,""
memgroupinsuringrule,survivingSpouseInd,5,,YES,smallint,smallint,""
memgroupinsuringrule,effectiveDate,6,,YES,date,date,""
memgroupinsuringrule,expirationDate,7,,YES,date,date,""
memgroupinsuringrule,createUserID,8,,YES,varchar,varchar(20),""
memgroupinsuringrule,createDateTime,9,"0000-00-00 00:00:00.000",NO,timestamp,timestamp(3),""
memgroupinsuringrule,changeUserID,10,,YES,varchar,varchar(20),""
memgroupinsuringrule,changeDateTime,11,"0000-00-00 00:00:00.000",NO,timestamp,timestamp(3),MUL
memgroupinsuringrule,updateVersion,12,,YES,int,int,""
memgroupinsuringrule,onshoreServiceLevelCode,13,,YES,varchar,varchar(3),""
memgroupinsuringrule,countNewbornForCovLevelCodeInd,14,,YES,smallint,smallint,""
memgroupinvoice,memGroupInvoiceID,1,,NO,bigint,bigint,PRI
memgroupinvoice,memGroupID,2,,YES,bigint,bigint,MUL
memgroupinvoice,billGroupID,3,,YES,bigint,bigint,""
memgroupinvoice,originalSourceSystemType,4,,YES,varchar,varchar(4),""
memgroupinvoice,totalReceivedAmt,5,,YES,decimal,"decimal(11,2)",""
memgroupinvoice,totalBilledAmt,6,,YES,decimal,"decimal(11,2)",""
memgroupinvoice,invoiceRunDate,7,,YES,date,date,""
memgroupinvoice,createUserID,8,,YES,varchar,varchar(20),""
memgroupinvoice,createDateTime,9,"0000-00-00 00:00:00.000",NO,timestamp,timestamp(3),""
memgroupinvoice,changeUserID,10,,YES,varchar,varchar(20),""
memgroupinvoice,changeDateTime,11,"0000-00-00 00:00:00.000",NO,timestamp,timestamp(3),MUL
memgroupinvoice,updateVersion,12,,YES,int,int,""
memgroupinvoice,memGroupInvoiceStatus,13,,YES,varchar,varchar(2),""
memgroupinvoice,messageTimestamp,14,,YES,varchar,varchar(20),""
memgroupinvoice,extInvoiceID,15,,YES,varchar,varchar(12),MUL
memgroupinvoice,extRecordType,16,,YES,varchar,varchar(2),""
memgroupinvoicebillitemtype,memGroupInvoiceBillItemTypeID,1,,NO,bigint,bigint,PRI
memgroupinvoicebillitemtype,memGroupInvoiceOptionID,2,,YES,bigint,bigint,MUL
memgroupinvoicebillitemtype,memGroupInvoicePeriodID,3,,YES,bigint,bigint,MUL
memgroupinvoicebillitemtype,memGroupInvoiceID,4,,YES,bigint,bigint,MUL
memgroupinvoicebillitemtype,billItemType,5,,YES,varchar,varchar(30),""
memgroupinvoicebillitemtype,billedAmt,6,,YES,decimal,"decimal(11,2)",""
memgroupinvoicebillitemtype,receivedAmt,7,,YES,decimal,"decimal(11,2)",""
memgroupinvoicebillitemtype,createUserID,8,,YES,varchar,varchar(20),""
memgroupinvoicebillitemtype,createDateTime,9,"0000-00-00 00:00:00.000",NO,timestamp,timestamp(3),""
memgroupinvoicebillitemtype,changeUserID,10,,YES,varchar,varchar(20),""
memgroupinvoicebillitemtype,changeDateTime,11,"0000-00-00 00:00:00.000",NO,timestamp,timestamp(3),MUL
memgroupinvoicebillitemtype,updateVersion,12,,YES,int,int,""
memgroupinvoicebillitemview,memGroupID,1,,YES,bigint,bigint,""
memgroupinvoicebillitemview,memGroupInvoicePeriodID,2,,YES,bigint,bigint,""
memgroupinvoicebillitemview,memGroupInvoiceOptionID,3,,YES,bigint,bigint,""
memgroupinvoicebillitemview,contractOptID,4,,YES,bigint,bigint,""
memgroupinvoicebillitemview,planOptionID,5,,YES,varchar,varchar(8),""
memgroupinvoicebillitemview,billItemType,6,,YES,varchar,varchar(30),""
memgroupinvoicebillitemview,billedAmt,7,,YES,decimal,"decimal(11,2)",""
memgroupinvoicebillitemview,receivedAmt,8,,YES,decimal,"decimal(11,2)",""
memgroupinvoicebillitemview,billingPeriodStartDate,9,,YES,date,date,""
memgroupinvoicebillitemview,memGroupInvoiceBillItemTypeID,10,,NO,bigint,bigint,""
memgroupinvoicebillview,billingPeriodStartDate,1,,YES,date,date,""
memgroupinvoicebillview,billingPeriodEndDate,2,,YES,date,date,""
memgroupinvoicebillview,invoiceStatus,3,,YES,varchar,varchar(2),""
memgroupinvoicebillview,invoiceRunDate,4,,YES,date,date,""
memgroupinvoicebillview,invoiceCreateDate,5,"0000-00-00 00:00:00.000",NO,timestamp,timestamp(3),""
memgroupinvoicebillview,retroInd,6,,YES,smallint,smallint,""
memgroupinvoicebillview,memGroupInvoicePeriodID,7,,YES,bigint,bigint,""
memgroupinvoicebillview,memGroupID,8,,YES,bigint,bigint,""
memgroupinvoicebillview,billGroupID,9,,YES,bigint,bigint,""
memgroupinvoicebillview,memGroupInvoiceID,10,,NO,bigint,bigint,""
memgroupinvoicebillview,memGroupInvoiceOptionID,11,,YES,bigint,bigint,""
memgroupinvoicebillview,memGroupInvoiceBillItemTypeID,12,,YES,bigint,bigint,""
memgroupinvoicebillview,billItemType,13,,YES,varchar,varchar(30),""
memgroupinvoiceoption,memGroupInvoiceOptionID,1,,NO,bigint,bigint,PRI
memgroupinvoiceoption,memGroupInvoicePeriodID,2,,YES,bigint,bigint,MUL
memgroupinvoiceoption,memGroupInvoiceID,3,,YES,bigint,bigint,MUL
memgroupinvoiceoption,planOptionID,4,,YES,varchar,varchar(8),""
memgroupinvoiceoption,contractOptID,5,,YES,bigint,bigint,""
memgroupinvoiceoption,createUserID,6,,YES,varchar,varchar(20),""
memgroupinvoiceoption,createDateTime,7,"0000-00-00 00:00:00.000",NO,timestamp,timestamp(3),""
memgroupinvoiceoption,changeUserID,8,,YES,varchar,varchar(20),""
memgroupinvoiceoption,changeDateTime,9,"0000-00-00 00:00:00.000",NO,timestamp,timestamp(3),MUL
memgroupinvoiceoption,updateVersion,10,,YES,int,int,""
memgroupinvoiceoptionview,billingPeriodStartDate,1,,YES,date,date,""
memgroupinvoiceoptionview,billingPeriodEndDate,2,,YES,date,date,""
memgroupinvoiceoptionview,invoiceStatus,3,,YES,varchar,varchar(2),""
memgroupinvoiceoptionview,invoiceRunDate,4,,YES,date,date,""
memgroupinvoiceoptionview,invoiceCreateDate,5,"0000-00-00 00:00:00.000",NO,timestamp,timestamp(3),""
memgroupinvoiceoptionview,retroInd,6,,YES,smallint,smallint,""
memgroupinvoiceoptionview,memGroupInvoicePeriodID,7,,YES,bigint,bigint,""
memgroupinvoiceoptionview,memGroupID,8,,YES,bigint,bigint,""
memgroupinvoiceoptionview,billGroupID,9,,YES,bigint,bigint,""
memgroupinvoiceoptionview,memGroupInvoiceID,10,,NO,bigint,bigint,""
memgroupinvoiceoptionview,memGroupInvoiceOptionID,11,,YES,bigint,bigint,""
memgroupinvoiceoptionview,memGroupInvoiceBillItemTypeID,12,,YES,bigint,bigint,""
memgroupinvoiceoptionview,billItemType,13,,YES,varchar,varchar(30),""
memgroupinvoiceperiod,memGroupInvoicePeriodID,1,,NO,bigint,bigint,PRI
memgroupinvoiceperiod,memGroupInvoiceID,2,,YES,bigint,bigint,MUL
memgroupinvoiceperiod,billingPeriodStartDate,3,,YES,date,date,""
memgroupinvoiceperiod,billingPeriodEndDate,4,,YES,date,date,""
memgroupinvoiceperiod,retroInd,5,,YES,smallint,smallint,""
memgroupinvoiceperiod,createUserID,6,,YES,varchar,varchar(20),""
memgroupinvoiceperiod,createDateTime,7,"0000-00-00 00:00:00.000",NO,timestamp,timestamp(3),""
memgroupinvoiceperiod,changeUserID,8,,YES,varchar,varchar(20),""
memgroupinvoiceperiod,changeDateTime,9,"0000-00-00 00:00:00.000",NO,timestamp,timestamp(3),MUL
memgroupinvoiceperiod,updateVersion,10,,YES,int,int,""
memgroupinvoiceperiodview,memGroupID,1,,YES,bigint,bigint,""
memgroupinvoiceperiodview,memGroupInvoicePeriodID,2,,NO,bigint,bigint,""
memgroupinvoiceperiodview,contractOptID,3,,YES,bigint,bigint,""
memgroupinvoiceperiodview,planOptionID,4,,YES,varchar,varchar(8),""
memgroupinvoiceperiodview,billingPeriodStartDate,5,,YES,date,date,""
memgroupinvoicesubscriber,memGroupInvoiceSubscriberID,1,,NO,bigint,bigint,PRI
memgroupinvoicesubscriber,memGroupInvoiceOptionID,2,,YES,bigint,bigint,MUL
memgroupinvoicesubscriber,memGroupInvoicePeriodID,3,,YES,bigint,bigint,MUL
memgroupinvoicesubscriber,memGroupInvoiceID,4,,YES,bigint,bigint,MUL
memgroupinvoicesubscriber,subscriberID,5,,YES,bigint,bigint,""
memgroupinvoicesubscriber,covLevelCode,6,,YES,varchar,varchar(3),""
memgroupinvoicesubscriber,createUserID,7,,YES,varchar,varchar(20),""
memgroupinvoicesubscriber,createDateTime,8,"0000-00-00 00:00:00.000",NO,timestamp,timestamp(3),""
memgroupinvoicesubscriber,changeUserID,9,,YES,varchar,varchar(20),""
memgroupinvoicesubscriber,changeDateTime,10,"0000-00-00 00:00:00.000",NO,timestamp,timestamp(3),MUL
memgroupinvoicesubscriber,updateVersion,11,,YES,int,int,""
memgroupinvoicesubscriber,effectiveDate,12,,YES,date,date,""
memgroupinvoicesubscriber,expirationDate,13,,YES,date,date,""
memgroupinvoicesubscriber,affiliationExternalID,14,,YES,varchar,varchar(50),""
memgroupinvoicesubscriber,externalIDType,15,,YES,char,char(3),""
memgroupinvoicesubscriberview,memGroupID,1,,YES,bigint,bigint,""
memgroupinvoicesubscriberview,memGroupInvoicePeriodID,2,,NO,bigint,bigint,""
memgroupinvoicesubscriberview,contractOptID,3,,YES,bigint,bigint,""
memgroupinvoicesubscriberview,planOptionID,4,,YES,varchar,varchar(8),""
memgroupinvoicesubscriberview,memGroupInvoiceSubscriberID,5,,NO,bigint,bigint,""
memgroupinvoicesubscriberview,covLevelCode,6,,YES,varchar,varchar(3),""
memgroupinvoicesubscriberview,effectiveDate,7,,YES,date,date,""
memgroupinvoicesubscriberview,expirationDate,8,,YES,date,date,""
memgroupinvoicesubscriberview,billingPeriodStartDate,9,,YES,date,date,""
memgroupinvoiceview,memGroupID,1,,YES,bigint,bigint,""
memgroupinvoiceview,billGroupID,2,,YES,bigint,bigint,""
memgroupinvoiceview,billingPeriodStartDate,3,,YES,date,date,""
memgroupinvoiceview,billingPeriodEndDate,4,,YES,date,date,""
memgroupinvoiceview,originalSourceSystemType,5,,YES,varchar,varchar(4),""
memgroupinvoiceview,invoiceRunDate,6,,YES,date,date,""
memgroupinvoiceview,totalBilledAmt,7,,YES,decimal,"decimal(11,2)",""
memgroupinvoiceview,totalReceivedAmt,8,,YES,decimal,"decimal(11,2)",""
memgroupinvoiceview,retroInd,9,,YES,smallint,smallint,""
memgroupinvoiceview,memGroupInvoiceOptionID,10,,YES,bigint,bigint,""
memgroupinvoiceview,contractOptID,11,,YES,bigint,bigint,""
memgroupinvoiceview,planOptionID,12,,YES,varchar,varchar(8),""
memgroupinvoiceview,subscriberID,13,,YES,bigint,bigint,""
memgroupinvoiceview,affiliationExternalID,14,,YES,varchar,varchar(50),""
memgroupinvoiceview,externalIDType,15,,YES,char,char(3),""
memgroupinvoiceview,covLevelCode,16,,YES,varchar,varchar(3),""
memgroupinvoiceview,billItemType,17,,YES,varchar,varchar(30),""
memgroupinvoiceview,billedAmt,18,,YES,decimal,"decimal(11,2)",""
memgroupinvoiceview,receivedAmt,19,,YES,decimal,"decimal(11,2)",""
memgroupjobstatus,memGroupID,1,"0",NO,bigint,bigint,PRI
memgroupjobstatus,employStatusCode,2,"",NO,char,char(2),PRI
memgroupjobstatus,changeDateTime,3,"0000-00-00 00:00:00.000",NO,timestamp,timestamp(3),MUL
memgroupjobstatus,changeUserID,4,,YES,varchar,varchar(20),""
memgroupjobstatus,createDateTime,5,"0000-00-00 00:00:00.000",NO,timestamp,timestamp(3),""
memgroupjobstatus,createUserID,6,,YES,varchar,varchar(20),""
memgroupjobstatus,updateVersion,7,,YES,int,int,""
memgrouplatestaddressview,memGroupAddressID,1,"0",NO,bigint,bigint,""
memgrouplatestaddressview,memGroupID,2,,YES,bigint,bigint,""
memgrouplatestaddressview,addressType,3,,YES,char,char(4),""
memgrouplatestaddressview,address1,4,,YES,varchar,varchar(55),""
memgrouplatestaddressview,address2,5,,YES,varchar,varchar(55),""
memgrouplatestaddressview,address3,6,,YES,varchar,varchar(55),""
memgrouplatestaddressview,address4,7,,YES,varchar,varchar(55),""
memgrouplatestaddressview,address5,8,,YES,varchar,varchar(55),""
memgrouplatestaddressview,city,9,,YES,varchar,varchar(50),""
memgrouplatestaddressview,state,10,,YES,char,char(2),""
memgrouplatestaddressview,postalCode,11,,YES,varchar,varchar(20),""
memgrouplatestaddressview,country,12,,YES,char,char(3),""
memgrouplatestaddressview,effectiveDate,13,,YES,date,date,""
memgrouplatestaddressview,expirationDate,14,,YES,date,date,""
memgroupmissingsupportteamvw,memGroupID,1,"0",NO,bigint,bigint,""
memgroupmissingsupportteamvw,memGroupName,2,,YES,varchar,varchar(120),""
memgroupnote,memGroupNoteID,1,"0",NO,bigint,bigint,PRI
memgroupnote,memGroupID,2,,YES,bigint,bigint,MUL
memgroupnote,memGroupContractID,3,,YES,bigint,bigint,MUL
memgroupnote,noteSubject,4,,YES,varchar,varchar(50),""
memgroupnote,noteType,5,,YES,char,char(2),""
memgroupnote,noteText,6,,YES,varchar,varchar(4000),""
memgroupnote,changeDateTime,7,"0000-00-00 00:00:00.000",NO,timestamp,timestamp(3),MUL
memgroupnote,changeUserID,8,,YES,varchar,varchar(20),""
memgroupnote,createDateTime,9,"0000-00-00 00:00:00.000",NO,timestamp,timestamp(3),""
memgroupnote,createUserID,10,,YES,varchar,varchar(20),""
memgroupnote,updateVersion,11,,YES,int,int,""
memgroupnote,memGroupContractOptID,12,,YES,bigint,bigint,""
memgroupnote,contractOptID,13,,YES,bigint,bigint,""
memgroupownedcontractsuiview,memGroupContractAffilID,1,,NO,bigint,bigint,""
memgroupownedcontractsuiview,memGroupContractID,2,,YES,bigint,bigint,""
memgroupownedcontractsuiview,owningMemGroupID,3,,YES,bigint,bigint,""
memgroupownedcontractsuiview,effectiveDate,4,,YES,date,date,""
memgroupownedcontractsuiview,expirationDate,5,,YES,date,date,""
memgroupownedcontractsuiview,deleteInd,6,"0",YES,smallint,smallint,""
memgroupownedcontractsuiview,logicalDeleteReason,7,,YES,varchar,varchar(3),""
memgroupownedcontractsuiview,hasChildrenInd,8,"0",NO,int,int,""
memgroupownedcontractsuiview,coverageExtensionInd,9,,YES,smallint,smallint,""
memgrouppayroll,memGroupPayrollID,1,,NO,bigint,bigint,PRI
memgrouppayroll,memGroupID,2,,YES,bigint,bigint,MUL
memgrouppayroll,effectiveDate,3,,YES,date,date,""
memgrouppayroll,expirationDate,4,,YES,date,date,""
memgrouppayroll,payrollFrequency,5,,YES,varchar,varchar(1),""
memgrouppayroll,changeUserID,6,,YES,varchar,varchar(20),""
memgrouppayroll,createDateTime,7,"0000-00-00 00:00:00.000",NO,timestamp,timestamp(3),""
memgrouppayroll,createUserID,8,,YES,varchar,varchar(20),""
memgrouppayroll,updateVersion,9,,YES,int,int,""
memgrouppayroll,weeklyPayDay,10,,YES,char,char(1),""
memgrouppayroll,monthlyPayDay,11,,YES,char,char(2),""
memgrouppayroll,semiMonthlyPayDay1,12,,YES,char,char(2),""
memgrouppayroll,semiMonthlyPayDay2,13,,YES,char,char(2),""
memgrouppayroll,biWeeklyStartDate,14,,YES,date,date,""
memgrouppayroll,initialPayrollDate,15,,YES,date,date,""
memgrouppayrolldates,memGroupPayrollDateID,1,,NO,bigint,bigint,PRI
memgrouppayrolldates,memGroupPayrollID,2,,YES,bigint,bigint,MUL
memgrouppayrolldates,memGroupID,3,,YES,bigint,bigint,""
memgrouppayrolldates,payDate,4,,YES,date,date,""
memgrouppayrolldates,changeDateTime,5,"0000-00-00 00:00:00.000",NO,timestamp,timestamp(3),MUL
memgrouppayrolldates,changeUserID,6,,YES,varchar,varchar(20),""
memgrouppayrolldates,createDateTime,7,"0000-00-00 00:00:00.000",NO,timestamp,timestamp(3),""
memgrouppayrolldates,createUserID,8,,YES,varchar,varchar(20),""
memgrouppayrolldates,updateVersion,9,,YES,int,int,""
memgrouppayrolldates,applyToPlanYear,10,,YES,date,date,""
memgrouppayrolldates,contribSuppressInd,11,,YES,smallint,smallint,""
memgroupplancoderemediationvw,memGroupContractPlanOptionID,1,"0",NO,bigint,bigint,""
memgroupplancoderemediationvw,memGroupContractOptID,2,"0",NO,bigint,bigint,""
memgroupplancoderemediationvw,lineOfBusinessID,3,,YES,bigint,bigint,""
memgroupplancoderemediationvw,effectiveDate,4,,YES,date,date,""
memgroupplancoderemediationvw,cocYear,5,,YES,int,int,""
memgroupplancoderemediationvw,bookOfBusinessType,6,,YES,varchar,varchar(2),""
memgroupplancoderemediationvw,benefitBundleID,7,,YES,bigint,bigint,""
memgroupplancoderemediationvw,benefitBundleOptionID,8,,YES,bigint,bigint,""
memgroupplancoderemediationvw,sellingCarrierID,9,,YES,bigint,bigint,""
memgroupplanoptionseq,memGroupID,1,"0",NO,bigint,bigint,PRI
memgroupplanoptionseq,nextPlanOptionID,2,,YES,int,int,""
memgroupplanoptionseq,nextADID,3,"100001",YES,int,int,""
memgroupplanoptionseq,nextDentalID,4,"100001",YES,int,int,""
memgroupplanoptionseq,nextLifeADID,5,"100001",YES,int,int,""
memgroupplanoptionseq,nextLifeID,6,"100001",YES,int,int,""
memgroupplanoptionseq,nextVisionID,7,"100001",YES,int,int,""
memgroupplanoptionseq,nextSHID,8,"100001",YES,int,int,""
memgroupplanoptionseq,nextSLID,9,"100001",YES,int,int,""
memgroupplanoptionseq,nextSAID,10,"100001",YES,int,int,""
memgroupplanoptionseq,nextDLID,11,"100001",YES,int,int,""
memgroupplanoptionseq,nextDSID,12,"100001",YES,int,int,""
memgroupplanoptionseq,nextCSID,13,"100001",YES,int,int,""
memgrouppopcatcontractopttype,memGroupPopCatContractOptTypeID,1,,NO,bigint,bigint,PRI
memgrouppopcatcontractopttype,memGroupID,2,,YES,bigint,bigint,MUL
memgrouppopcatcontractopttype,memGroupPopCategoryID,3,,YES,bigint,bigint,MUL
memgrouppopcatcontractopttype,productType,4,,YES,varchar,varchar(2),""
memgrouppopcatcontractopttype,contractOptType,5,,YES,varchar,varchar(2),""
memgrouppopcatcontractopttype,deleteInd,6,,YES,smallint,smallint,""
memgrouppopcatcontractopttype,changeDateTime,7,"0000-00-00 00:00:00.000",NO,timestamp,timestamp(3),MUL
memgrouppopcatcontractopttype,changeUserID,8,,YES,varchar,varchar(20),""
memgrouppopcatcontractopttype,createDateTime,9,"0000-00-00 00:00:00.000",NO,timestamp,timestamp(3),""
memgrouppopcatcontractopttype,createUserID,10,,YES,varchar,varchar(20),""
memgrouppopcatcontractopttype,updateVersion,11,,YES,int,int,""
memgrouppopcategory,memGroupPopCategoryID,1,,NO,bigint,bigint,PRI
memgrouppopcategory,populationCategoryName,2,,YES,varchar,varchar(40),""
memgrouppopcategory,memGroupID,3,,YES,bigint,bigint,MUL
memgrouppopcategory,populationAssignmentType,4,,YES,varchar,varchar(4),""
memgrouppopcategory,effectiveDate,5,,YES,date,date,""
memgrouppopcategory,expirationDate,6,,YES,date,date,""
memgrouppopcategory,mandatoryInd,7,"0",YES,smallint,smallint,""
memgrouppopcategory,ruleSetName,8,,YES,varchar,varchar(80),""
memgrouppopcategory,calculateBySubscriberInd,9,"0",YES,smallint,smallint,""
memgrouppopcategory,deleteInd,10,,YES,smallint,smallint,""
memgrouppopcategory,populationAssignmentLevel,11,,YES,varchar,varchar(2),""
memgrouppopcategory,varyRatesByFactorInd,12,"0",YES,smallint,smallint,""
memgrouppopcategory,changeDateTime,13,"0000-00-00 00:00:00.000",NO,timestamp,timestamp(3),MUL
memgrouppopcategory,changeUserID,14,,YES,varchar,varchar(20),""
memgrouppopcategory,createDateTime,15,"0000-00-00 00:00:00.000",NO,timestamp,timestamp(3),""
memgrouppopcategory,createUserID,16,,YES,varchar,varchar(20),""
memgrouppopcategory,updateVersion,17,,YES,int,int,""
memgrouppopcategory,inheritContractOptByCoveragePopInd,18,"0",YES,smallint,smallint,""
memgrouppopcategorytypeview,contractOptType,1,,YES,varchar,varchar(2),""
memgrouppopcategorytypeview,productType,2,,YES,varchar,varchar(2),""
memgrouppopcategorytypeview,populationType,3,,NO,varchar,varchar(3),""
memgrouppopcategorytypeview,effectiveDate,4,,YES,date,date,""
memgrouppopcategorytypeview,expirationDate,5,,YES,date,date,""
memgrouppopcategorytypeview,externalPopulationID,6,,YES,varchar,varchar(50),""
memgrouppopcategorytypeview,memGroupID,7,,YES,bigint,bigint,""
memgrouppopcategorytypeview,memGroupPopCategoryID,8,,YES,bigint,bigint,""
memgrouppopcategorytypeview,memGroupPopulationID,9,"0",NO,bigint,bigint,""
memgrouppopcategorytypeview,populationName,10,,YES,varchar,varchar(30),""
memgrouppopcatidview,memGroupPopCategoryID,1,,NO,bigint,bigint,""
memgrouppopcatidview,populationType,2,,NO,varchar,varchar(3),""
memgrouppopcatidview,memGroupPopExtIdentifierID,3,,NO,bigint,bigint,""
memgrouppopcatidview,originalSourceSystemID,4,,YES,varchar,varchar(80),""
memgrouppopcatidview,originalSourceSystemType,5,,YES,varchar,varchar(4),""
memgrouppopcatidview,memGroupID,6,,YES,bigint,bigint,""
memgrouppopcatidview,memGroupPopulationID,7,"0",NO,bigint,bigint,""
memgrouppopcatidview,populationName,8,,YES,varchar,varchar(30),""
memgrouppopcatpopcopoview,memGroupID,1,,YES,bigint,bigint,""
memgrouppopcatpopcopoview,memGroupPopCategoryID,2,,NO,bigint,bigint,""
memgrouppopcatpopcopoview,memGroupPopulationID,3,"0",NO,bigint,bigint,""
memgrouppopcatpopcopoview,populationType,4,,NO,varchar,varchar(3),""
memgrouppopcatpopcopoview,productType,5,,YES,varchar,varchar(2),""
memgrouppopcatpopcopoview,contractOptType,6,,YES,varchar,varchar(2),""
memgrouppopcatpopcopoview,effectiveDate,7,,YES,date,date,""
memgrouppopcatpopcopoview,expirationDate,8,,YES,date,date,""
memgrouppopcatpoptype,populationType,1,,NO,varchar,varchar(3),PRI
memgrouppopcatpoptype,memGroupID,2,,NO,bigint,bigint,PRI
memgrouppopcatpoptype,memGroupPopCategoryID,3,,NO,bigint,bigint,PRI
memgrouppopcatpoptype,changeDateTime,4,"0000-00-00 00:00:00.000",NO,timestamp,timestamp(3),MUL
memgrouppopcatpoptype,changeUserID,5,,YES,varchar,varchar(20),""
memgrouppopcatpoptype,createDateTime,6,"0000-00-00 00:00:00.000",NO,timestamp,timestamp(3),""
memgrouppopcatpoptype,createUserID,7,,YES,varchar,varchar(20),""
memgrouppopcatpoptype,updateVersion,8,,YES,int,int,""
memgrouppopcatpoptypeview,memGroupID,1,,YES,bigint,bigint,""
memgrouppopcatpoptypeview,memGroupPopCategoryID,2,,NO,bigint,bigint,""
memgrouppopcatpoptypeview,populationType,3,,NO,varchar,varchar(3),""
memgrouppopcatpoptypeview,contractOptType,4,,YES,varchar,varchar(2),""
memgrouppopcatpoptypeview,productType,5,,YES,varchar,varchar(2),""
memgrouppopcatpoptypeview,memGroupPopulationID,6,"0",NO,bigint,bigint,""
memgrouppopcatpoptypeview,effectiveDate,7,,YES,date,date,""
memgrouppopcatpoptypeview,expirationDate,8,,YES,date,date,""
memgrouppopcattypeview,memGroupPopTypeID,1,"0",NO,bigint,bigint,""
memgrouppopcattypeview,memGroupID,2,,YES,bigint,bigint,""
memgrouppopcattypeview,effectiveDate,3,,YES,date,date,""
memgrouppopcattypeview,expirationDate,4,,YES,date,date,""
memgrouppopcattypeview,populationAssignmentType,5,,YES,varchar,varchar(4),""
memgrouppopcattypeview,populationType,6,,YES,varchar,varchar(3),""
memgrouppopcattypeview,memGroupPopCategoryID,7,,YES,bigint,bigint,""
memgrouppopcatvalidationview,memGroupPopCategoryID,1,,NO,bigint,bigint,""
memgrouppopcatvalidationview,memGroupID,2,,YES,bigint,bigint,""
memgrouppopcatvalidationview,effectiveDate,3,,YES,date,date,""
memgrouppopcatvalidationview,expirationDate,4,,YES,date,date,""
memgrouppopcatvalidationview,populationCategoryName,5,,YES,varchar,varchar(40),""
memgrouppopcatvalidationview,populationAssignmentType,6,,YES,varchar,varchar(4),""
memgrouppopcatvalidationview,populationType,7,,YES,varchar,varchar(3),""
memgrouppopcatvalidationview,contractOptType,8,,YES,varchar,varchar(2),""
memgrouppopextidentifier,memGroupPopExtIdentifierID,1,,NO,bigint,bigint,PRI
memgrouppopextidentifier,memGroupID,2,,YES,bigint,bigint,MUL
memgrouppopextidentifier,effectiveDate,3,,YES,date,date,""
memgrouppopextidentifier,expirationDate,4,,YES,date,date,""
memgrouppopextidentifier,memGroupPopulationID,5,,YES,bigint,bigint,MUL
memgrouppopextidentifier,originalSourceSystemType,6,,YES,varchar,varchar(4),""
memgrouppopextidentifier,originalSourceSystemID,7,,YES,varchar,varchar(80),""
memgrouppopextidentifier,deleteInd,8,"0",YES,smallint,smallint,""
memgrouppopextidentifier,changeDateTime,9,"0000-00-00 00:00:00.000",NO,timestamp,timestamp(3),MUL
memgrouppopextidentifier,changeUserID,10,,YES,varchar,varchar(20),""
memgrouppopextidentifier,createDateTime,11,"0000-00-00 00:00:00.000",NO,timestamp,timestamp(3),""
memgrouppopextidentifier,createUserID,12,,YES,varchar,varchar(20),""
memgrouppopextidentifier,updateVersion,13,,YES,int,int,""
memgrouppopgroupassign,memGroupPopGroupAssignID,1,,NO,bigint,bigint,PRI
memgrouppopgroupassign,memGroupPopulationID,2,,YES,bigint,bigint,MUL
memgrouppopgroupassign,memGroupID,3,,YES,bigint,bigint,MUL
memgrouppopgroupassign,effectiveDate,4,,YES,date,date,""
memgrouppopgroupassign,expirationDate,5,,YES,date,date,""
memgrouppopgroupassign,deleteInd,6,,YES,smallint,smallint,""
memgrouppopgroupassign,changeDateTime,7,"0000-00-00 00:00:00.000",NO,timestamp,timestamp(3),MUL
memgrouppopgroupassign,changeUserID,8,,YES,varchar,varchar(20),""
memgrouppopgroupassign,createDateTime,9,"0000-00-00 00:00:00.000",NO,timestamp,timestamp(3),""
memgrouppopgroupassign,createUserID,10,,YES,varchar,varchar(20),""
memgrouppopgroupassign,updateVersion,11,,YES,int,int,""
memgrouppopidentifiervalue,memGroupPopIdentifierValueID,1,"0",NO,bigint,bigint,PRI
memgrouppopidentifiervalue,memGroupPopulationID,2,,YES,bigint,bigint,MUL
memgrouppopidentifiervalue,memGroupPopTypeID,3,,YES,bigint,bigint,MUL
memgrouppopidentifiervalue,memGroupID,4,,YES,bigint,bigint,""
memgrouppopidentifiervalue,memGroupPopTypeAttributeID,5,,YES,bigint,bigint,""
memgrouppopidentifiervalue,memGroupCustomAttributeID,6,,YES,bigint,bigint,""
memgrouppopidentifiervalue,memGroupCustomAttributeValueID,7,,YES,bigint,bigint,""
memgrouppopidentifiervalue,memGroupCustomAttributeReferenceCode,8,,YES,varchar,varchar(30),""
memgrouppopidentifiervalue,referenceCode,9,,YES,char,char(10),""
memgrouppopidentifiervalue,valueNumberFrom,10,,YES,decimal,"decimal(10,3)",""
memgrouppopidentifiervalue,valueNumberTo,11,,YES,decimal,"decimal(10,3)",""
memgrouppopidentifiervalue,valueNumber,12,,YES,decimal,"decimal(10,3)",""
memgrouppopidentifiervalue,valueText,13,,YES,varchar,varchar(60),""
memgrouppopidentifiervalue,valueDateFrom,14,,YES,date,date,""
memgrouppopidentifiervalue,valueDateTo,15,,YES,date,date,""
memgrouppopidentifiervalue,valueDate,16,,YES,date,date,""
memgrouppopidentifiervalue,operatorType,17,,YES,varchar,varchar(10),""
memgrouppopidentifiervalue,changeDateTime,18,"0000-00-00 00:00:00.000",NO,timestamp,timestamp(3),MUL
memgrouppopidentifiervalue,changeUserID,19,,YES,varchar,varchar(20),""
memgrouppopidentifiervalue,createDateTime,20,"0000-00-00 00:00:00.000",NO,timestamp,timestamp(3),""
memgrouppopidentifiervalue,createUserID,21,,YES,varchar,varchar(20),""
memgrouppopidentifiervalue,updateVersion,22,,YES,int,int,""
memgrouppopinsuringrule,memGroupPopInsuringRuleID,1,"0",NO,bigint,bigint,PRI
memgrouppopinsuringrule,memGroupPopulationID,2,,YES,bigint,bigint,MUL
memgrouppopinsuringrule,memGroupID,3,,YES,bigint,bigint,MUL
memgrouppopinsuringrule,pcpRandomizationType,4,,YES,varchar,varchar(2),""
memgrouppopinsuringrule,onshoreServiceLevelCode,5,,YES,varchar,varchar(3),""
memgrouppopinsuringrule,earlyRetirementInd,6,,YES,smallint,smallint,""
memgrouppopinsuringrule,earlyRetirementMinimumAge,7,,YES,int,int,""
memgrouppopinsuringrule,workingRetirementInd,8,,YES,smallint,smallint,""
memgrouppopinsuringrule,workingRetirementMinimumAge,9,,YES,int,int,""
memgrouppopinsuringrule,newbornAutoAddInd,10,,YES,smallint,smallint,""
memgrouppopinsuringrule,survivingSpouseInd,11,,YES,smallint,smallint,""
memgrouppopinsuringrule,effectiveDate,12,,YES,date,date,""
memgrouppopinsuringrule,expirationDate,13,,YES,date,date,""
memgrouppopinsuringrule,changeDateTime,14,"0000-00-00 00:00:00.000",NO,timestamp,timestamp(3),MUL
memgrouppopinsuringrule,changeUserID,15,,YES,varchar,varchar(20),""
memgrouppopinsuringrule,createDateTime,16,"0000-00-00 00:00:00.000",NO,timestamp,timestamp(3),""
memgrouppopinsuringrule,createUserID,17,,YES,varchar,varchar(20),""
memgrouppopinsuringrule,updateVersion,18,,YES,int,int,""
memgrouppopinsuringrule,countNewbornForCovLevelCodeInd,19,,YES,smallint,smallint,""
memgrouppopmemgrpattrvalueview,memGroupPopTypeAttributeID,1,"0",NO,bigint,bigint,""
memgrouppopmemgrpattrvalueview,memGroupPopulationID,2,,YES,bigint,bigint,""
memgrouppopmemgrpattrvalueview,memGroupPopTypeID,3,,YES,bigint,bigint,""
memgrouppopmemgrpattrvalueview,memGroupID,4,,YES,bigint,bigint,""
memgrouppopmemgrpattrvalueview,memGroupCustomAttributeID,5,,YES,bigint,bigint,""
memgrouppopmemgrpattrvalueview,memberCustomAttributeType,6,,YES,varchar,varchar(3),""
memgrouppopmemgrpattrvalueview,memGroupCustomAttributeValueID,7,,YES,bigint,bigint,""
memgrouppopmemgrpattrvalueview,memberCustomAttributeName,8,,YES,varchar,varchar(60),""
memgrouppopmemgrpattrvalueview,memGroupCustomAttributeReferenceCode,9,,YES,varchar,varchar(30),""
memgrouppopmemgrpattrvalueview,memGroupPopIdentifierValueID,10,"0",YES,bigint,bigint,""
memgrouppopmemgrpattrvalueview,valueText,11,,YES,varchar,varchar(60),""
memgrouppopmemgrpattrvalueview,operatorType,12,,YES,varchar,varchar(10),""
memgrouppoporderpopulationview,externalPopulationID,1,,YES,varchar,varchar(50),""
memgrouppoporderpopulationview,memGroupPopulationID,2,"0",NO,bigint,bigint,""
memgrouppoporderpopulationview,populationName,3,,YES,varchar,varchar(30),""
memgrouppoporderpopulationview,effectiveDate,4,,YES,date,date,""
memgrouppoporderpopulationview,expirationDate,5,,YES,date,date,""
memgrouppoporderpopulationview,memGroupPopulationConfigID,6,"0",NO,bigint,bigint,""
memgrouppoporderpopulationview,memGroupID,7,,YES,bigint,bigint,""
memgrouppoporderpopulationview,memGroupPopulationOrderID,8,"0",NO,bigint,bigint,""
memgrouppoptype,memGroupPopTypeID,1,"0",NO,bigint,bigint,PRI
memgrouppoptype,memGroupID,2,,YES,bigint,bigint,MUL
memgrouppoptype,populationAssignmentType,3,,YES,varchar,varchar(4),""
memgrouppoptype,populationType,4,,YES,varchar,varchar(3),""
memgrouppoptype,effectiveDate,5,,YES,date,date,""
memgrouppoptype,expirationDate,6,,YES,date,date,""
memgrouppoptype,changeDateTime,7,"0000-00-00 00:00:00.000",NO,timestamp,timestamp(3),MUL
memgrouppoptype,changeUserID,8,,YES,varchar,varchar(20),""
memgrouppoptype,createDateTime,9,"0000-00-00 00:00:00.000",NO,timestamp,timestamp(3),""
memgrouppoptype,createUserID,10,,YES,varchar,varchar(20),""
memgrouppoptype,updateVersion,11,,YES,int,int,""
memgrouppoptypeattribute,memGroupPopTypeAttributeID,1,"0",NO,bigint,bigint,PRI
memgrouppoptypeattribute,memGroupID,2,,YES,bigint,bigint,MUL
memgrouppoptypeattribute,memGroupPopTypeID,3,,YES,bigint,bigint,MUL
memgrouppoptypeattribute,memGroupCustomAttributeID,4,,YES,bigint,bigint,""
memgrouppoptypeattribute,changeDateTime,5,"0000-00-00 00:00:00.000",NO,timestamp,timestamp(3),MUL
memgrouppoptypeattribute,changeUserID,6,,YES,varchar,varchar(20),""
memgrouppoptypeattribute,createDateTime,7,"0000-00-00 00:00:00.000",NO,timestamp,timestamp(3),""
memgrouppoptypeattribute,createUserID,8,,YES,varchar,varchar(20),""
memgrouppoptypeattribute,updateVersion,9,,YES,int,int,""
memgrouppoptypeattrpopvw,memGroupPopTypeEffectiveDate,1,,YES,date,date,""
memgrouppoptypeattrpopvw,memGroupPopTypeExpirationDate,2,,YES,date,date,""
memgrouppoptypeattrpopvw,populationAssignmentType,3,,YES,varchar,varchar(4),""
memgrouppoptypeattrpopvw,populationType,4,,YES,varchar,varchar(3),""
memgrouppoptypeattrpopvw,memGroupCustomAttributeID,5,,YES,bigint,bigint,""
memgrouppoptypeattrpopvw,memGroupPopTypeAttributeID,6,"0",NO,bigint,bigint,""
memgrouppoptypeattrpopvw,memGroupPopulationEffectiveDate,7,,YES,date,date,""
memgrouppoptypeattrpopvw,memGroupPopulationExpirationDate,8,,YES,date,date,""
memgrouppoptypeattrpopvw,externalPopulationID,9,,YES,varchar,varchar(50),""
memgrouppoptypeattrpopvw,memGroupID,10,,YES,bigint,bigint,""
memgrouppoptypeattrpopvw,memGroupPopTypeID,11,,YES,bigint,bigint,""
memgrouppoptypeattrpopvw,memGroupPopulationID,12,"0",NO,bigint,bigint,""
memgrouppoptypeattrpopvw,populationName,13,,YES,varchar,varchar(30),""
memgrouppopulation,memGroupPopulationID,1,"0",NO,bigint,bigint,PRI
memgrouppopulation,memGroupPopTypeID,2,,YES,bigint,bigint,MUL
memgrouppopulation,memGroupID,3,,YES,bigint,bigint,MUL
memgrouppopulation,validationState,4,,YES,varchar,varchar(3),""
memgrouppopulation,assignedInd,5,,YES,smallint,smallint,""
memgrouppopulation,populationName,6,,YES,varchar,varchar(30),""
memgrouppopulation,effectiveDate,7,,YES,date,date,""
memgrouppopulation,expirationDate,8,,YES,date,date,""
memgrouppopulation,changeDateTime,9,"0000-00-00 00:00:00.000",NO,timestamp,timestamp(3),MUL
memgrouppopulation,changeUserID,10,,YES,varchar,varchar(20),""
memgrouppopulation,createDateTime,11,"0000-00-00 00:00:00.000",NO,timestamp,timestamp(3),""
memgrouppopulation,createUserID,12,,YES,varchar,varchar(20),""
memgrouppopulation,updateVersion,13,,YES,int,int,""
memgrouppopulation,externalPopulationID,14,,YES,varchar,varchar(50),""
memgrouppopulation,memGroupPopCategoryID,15,,YES,bigint,bigint,MUL
memgrouppopulation,defaultInd,16,"0",YES,smallint,smallint,""
memgrouppopulation,description,17,,YES,varchar,varchar(2000),""
memgrouppopulation,popRuleReturnValue,18,,YES,varchar,varchar(50),""
memgrouppopulation,deleteInd,19,,YES,smallint,smallint,""
memgrouppopulation,processOrderNumber,20,,YES,int,int,""
memgrouppopulation,rateFactor,21,,YES,decimal,"decimal(9,4)",""
memgrouppopulationbypoptypevw,populationType,1,,NO,varchar,varchar(3),""
memgrouppopulationbypoptypevw,effectiveDate,2,,YES,date,date,""
memgrouppopulationbypoptypevw,expirationDate,3,,YES,date,date,""
memgrouppopulationbypoptypevw,externalPopulationID,4,,YES,varchar,varchar(50),""
memgrouppopulationbypoptypevw,memGroupID,5,,YES,bigint,bigint,""
memgrouppopulationbypoptypevw,memGroupPopulationID,6,"0",NO,bigint,bigint,""
memgrouppopulationbypoptypevw,populationName,7,,YES,varchar,varchar(30),""
memgrouppopulationconfig,memGroupPopulationConfigID,1,"0",NO,bigint,bigint,PRI
memgrouppopulationconfig,memGroupID,2,,YES,bigint,bigint,MUL
memgrouppopulationconfig,populationSharingInd,3,,YES,smallint,smallint,""
memgrouppopulationconfig,calculateBySubscriberInd,4,,YES,smallint,smallint,""
memgrouppopulationconfig,calculationErrorQueueInd,5,,YES,smallint,smallint,""
memgrouppopulationconfig,populationRecalculationType,6,,YES,varchar,varchar(3),""
memgrouppopulationconfig,effectiveDate,7,,YES,date,date,""
memgrouppopulationconfig,expirationDate,8,,YES,date,date,""
memgrouppopulationconfig,changeDateTime,9,"0000-00-00 00:00:00.000",NO,timestamp,timestamp(3),MUL
memgrouppopulationconfig,changeUserID,10,,YES,varchar,varchar(20),""
memgrouppopulationconfig,createDateTime,11,"0000-00-00 00:00:00.000",NO,timestamp,timestamp(3),""
memgrouppopulationconfig,createUserID,12,,YES,varchar,varchar(20),""
memgrouppopulationconfig,updateVersion,13,,YES,int,int,""
memgrouppopulationorder,memGroupPopulationOrderID,1,"0",NO,bigint,bigint,PRI
memgrouppopulationorder,memGroupPopulationConfigID,2,,YES,bigint,bigint,MUL
memgrouppopulationorder,memGroupID,3,,YES,bigint,bigint,""
memgrouppopulationorder,memGroupPopulationID,4,,YES,bigint,bigint,MUL
memgrouppopulationorder,populationCalculationOrderSeq,5,,YES,int,int,""
memgrouppopulationorder,changeDateTime,6,"0000-00-00 00:00:00.000",NO,timestamp,timestamp(3),MUL
memgrouppopulationorder,changeUserID,7,,YES,varchar,varchar(20),""
memgrouppopulationorder,createDateTime,8,"0000-00-00 00:00:00.000",NO,timestamp,timestamp(3),""
memgrouppopulationorder,createUserID,9,,YES,varchar,varchar(20),""
memgrouppopulationorder,updateVersion,10,,YES,int,int,""
memgrouppopulationrateview,memGroupPopCategoryID,1,,NO,bigint,bigint,""
memgrouppopulationrateview,populationType,2,,NO,varchar,varchar(3),""
memgrouppopulationrateview,deleteInd,3,,YES,smallint,smallint,""
memgrouppopulationrateview,effectiveDate,4,,YES,date,date,""
memgrouppopulationrateview,expirationDate,5,,YES,date,date,""
memgrouppopulationrateview,memGroupID,6,,YES,bigint,bigint,""
memgrouppopulationrateview,memGroupPopGroupAssignID,7,,NO,bigint,bigint,""
memgrouppopulationrateview,memGroupPopulationID,8,,YES,bigint,bigint,""
memgrouppopulationrateview,populationName,9,,YES,varchar,varchar(30),""
memgrouppopulationrateview,rateFactor,10,,YES,decimal,"decimal(9,4)",""
memgrouppremium,memGroupPremiumID,1,,NO,bigint,bigint,PRI
memgrouppremium,memGroupID,2,,YES,bigint,bigint,""
memgrouppremium,deleteInd,3,,YES,smallint,smallint,""
memgrouppremium,changeDateTime,4,"0000-00-00 00:00:00.000",NO,timestamp,timestamp(3),MUL
memgrouppremium,changeUserID,5,,YES,varchar,varchar(20),""
memgrouppremium,createDateTime,6,"0000-00-00 00:00:00.000",NO,timestamp,timestamp(3),""
memgrouppremium,createUserID,7,,YES,varchar,varchar(20),""
memgrouppremium,updateVersion,8,,YES,int,int,""
memgrouppremiumdetail,memGroupPremiumDetailID,1,,NO,bigint,bigint,PRI
memgrouppremiumdetail,memGroupPremiumID,2,,YES,bigint,bigint,MUL
memgrouppremiumdetail,memGroupPremiumPeriodID,3,,YES,bigint,bigint,MUL
memgrouppremiumdetail,memGroupPremiumOptionID,4,,YES,bigint,bigint,MUL
memgrouppremiumdetail,finProtectionOptionID,5,,YES,varchar,varchar(8),""
memgrouppremiumdetail,billItemType,6,,YES,varchar,varchar(30),""
memgrouppremiumdetail,billedAmt,7,,YES,decimal,"decimal(11,2)",""
memgrouppremiumdetail,receivedAmt,8,,YES,decimal,"decimal(11,2)",""
memgrouppremiumdetail,deleteInd,9,,YES,smallint,smallint,""
memgrouppremiumdetail,changeDateTime,10,"0000-00-00 00:00:00.000",NO,timestamp,timestamp(3),MUL
memgrouppremiumdetail,changeUserID,11,,YES,varchar,varchar(20),""
memgrouppremiumdetail,createDateTime,12,"0000-00-00 00:00:00.000",NO,timestamp,timestamp(3),""
memgrouppremiumdetail,createUserID,13,,YES,varchar,varchar(20),""
memgrouppremiumdetail,updateVersion,14,,YES,int,int,""
memgrouppremiumoption,memGroupPremiumOptionID,1,,NO,bigint,bigint,PRI
memgrouppremiumoption,memGroupPremiumPeriodID,2,,YES,bigint,bigint,MUL
memgrouppremiumoption,memGroupPremiumID,3,,YES,bigint,bigint,MUL
memgrouppremiumoption,contractOptID,4,,YES,bigint,bigint,""
memgrouppremiumoption,planOptionID,5,,YES,varchar,varchar(8),""
memgrouppremiumoption,deleteInd,6,,YES,smallint,smallint,""
memgrouppremiumoption,createDateTime,7,"0000-00-00 00:00:00.000",NO,timestamp,timestamp(3),""
memgrouppremiumoption,createUserID,8,,YES,varchar,varchar(20),""
memgrouppremiumoption,changeDateTime,9,"0000-00-00 00:00:00.000",NO,timestamp,timestamp(3),MUL
memgrouppremiumoption,changeUserID,10,,YES,varchar,varchar(20),""
memgrouppremiumoption,updateVersion,11,,YES,int,int,""
memgrouppremiumperentityrsvreq,memGroupPremiumPerEntityRsvReqID,1,,NO,bigint,bigint,PRI
memgrouppremiumperentityrsvreq,memGroupPremiumPeriodID,2,,YES,bigint,bigint,MUL
memgrouppremiumperentityrsvreq,memGroupPremiumID,3,,YES,bigint,bigint,MUL
memgrouppremiumperentityrsvreq,entityReserveRequestID,4,,YES,bigint,bigint,""
memgrouppremiumperentityrsvreq,entityReserveRequestStatus,5,,YES,varchar,varchar(2),""
memgrouppremiumperentityrsvreq,transID,6,,YES,varchar,varchar(80),MUL
memgrouppremiumperentityrsvreq,deleteInd,7,,YES,smallint,smallint,""
memgrouppremiumperentityrsvreq,createDateTime,8,"0000-00-00 00:00:00.000",NO,timestamp,timestamp(3),""
memgrouppremiumperentityrsvreq,createUserID,9,,YES,varchar,varchar(20),""
memgrouppremiumperentityrsvreq,changeDateTime,10,"0000-00-00 00:00:00.000",NO,timestamp,timestamp(3),MUL
memgrouppremiumperentityrsvreq,changeUserID,11,,YES,varchar,varchar(20),""
memgrouppremiumperentityrsvreq,updateVersion,12,,YES,int,int,""
memgrouppremiumperentityrsvreq,transactionAmt,13,,YES,decimal,"decimal(12,2)",""
memgrouppremiumperentityrsvreq,memGroupPremiumOptionID,14,,YES,bigint,bigint,MUL
memgrouppremiumperentityrsvreq,entityReserveAdjustmentType,15,,YES,varchar,varchar(2),""
memgrouppremiumperentityrsvreq,cancelInd,16,"0",YES,smallint,smallint,""
memgrouppremiumperentityrsvreq,memGroupInvoiceID,17,,YES,bigint,bigint,""
memgrouppremiumperentityview,memGroupID,1,,YES,bigint,bigint,""
memgrouppremiumperentityview,billingPeriodStartDate,2,,YES,date,date,""
memgrouppremiumperentityview,contractOptID,3,,YES,bigint,bigint,""
memgrouppremiumperentityview,planOptionID,4,,YES,varchar,varchar(8),""
memgrouppremiumperentityview,transactionAmt,5,,YES,decimal,"decimal(12,2)",""
memgrouppremiumperentityview,invoiceStatus,6,,YES,varchar,varchar(2),""
memgrouppremiumperentityview,createDateTime,7,"0000-00-00 00:00:00.000",YES,timestamp,timestamp(3),""
memgrouppremiumperentityview,changeDateTime,8,"0000-00-00 00:00:00.000",YES,timestamp,timestamp(3),""
memgrouppremiumperiod,memGroupPremiumPeriodID,1,,NO,bigint,bigint,PRI
memgrouppremiumperiod,memGroupPremiumID,2,,YES,bigint,bigint,MUL
memgrouppremiumperiod,entityReserveID,3,,YES,bigint,bigint,""
memgrouppremiumperiod,billingPeriodStartDate,4,,YES,date,date,""
memgrouppremiumperiod,billingPeriodEndDate,5,,YES,date,date,""
memgrouppremiumperiod,totalBilledAmt,6,,YES,decimal,"decimal(11,2)",""
memgrouppremiumperiod,totalReceivedAmt,7,,YES,decimal,"decimal(11,2)",""
memgrouppremiumperiod,deleteInd,8,,YES,smallint,smallint,""
memgrouppremiumperiod,createDateTime,9,"0000-00-00 00:00:00.000",NO,timestamp,timestamp(3),""
memgrouppremiumperiod,createUserID,10,,YES,varchar,varchar(20),""
memgrouppremiumperiod,changeDateTime,11,"0000-00-00 00:00:00.000",NO,timestamp,timestamp(3),MUL
memgrouppremiumperiod,changeUserID,12,,YES,varchar,varchar(20),""
memgrouppremiumperiod,updateVersion,13,,YES,int,int,""
memgrouppremiumsubscriber,memGroupPremiumSubscriberID,1,,NO,bigint,bigint,PRI
memgrouppremiumsubscriber,memGroupPremiumID,2,,YES,bigint,bigint,MUL
memgrouppremiumsubscriber,memGroupPremiumPeriodID,3,,YES,bigint,bigint,MUL
memgrouppremiumsubscriber,memGroupPremiumOptionID,4,,YES,bigint,bigint,MUL
memgrouppremiumsubscriber,subscriberID,5,,YES,bigint,bigint,""
memgrouppremiumsubscriber,covLevelCode,6,,YES,varchar,varchar(3),""
memgrouppremiumsubscriber,deleteInd,7,,YES,smallint,smallint,""
memgrouppremiumsubscriber,changeDateTime,8,"0000-00-00 00:00:00.000",NO,timestamp,timestamp(3),MUL
memgrouppremiumsubscriber,changeUserID,9,,YES,varchar,varchar(20),""
memgrouppremiumsubscriber,createDateTime,10,"0000-00-00 00:00:00.000",NO,timestamp,timestamp(3),""
memgrouppremiumsubscriber,createUserID,11,,YES,varchar,varchar(20),""
memgrouppremiumsubscriber,updateVersion,12,,YES,int,int,""
memgrouppremiumsubscriber,effectiveDate,13,,YES,date,date,""
memgrouppremiumsubscriber,expirationDate,14,,YES,date,date,""
memgrouppremiumsubscriber,affiliationExternalID,15,,YES,varchar,varchar(50),""
memgrouppremiumsubscriber,externalIDType,16,,YES,char,char(3),""
memgrouppremiumview,memGroupID,1,,YES,bigint,bigint,""
memgrouppremiumview,billingPeriodStartDate,2,,YES,date,date,""
memgrouppremiumview,billingPeriodEndDate,3,,YES,date,date,""
memgrouppremiumview,entityReserveID,4,,YES,bigint,bigint,""
memgrouppremiumview,totalBilledAmt,5,,YES,decimal,"decimal(11,2)",""
memgrouppremiumview,totalReceivedAmt,6,,YES,decimal,"decimal(11,2)",""
memgrouppremiumview,memGroupPremiumOptionID,7,,YES,bigint,bigint,""
memgrouppremiumview,contractOptID,8,,YES,bigint,bigint,""
memgrouppremiumview,planOptionID,9,,YES,varchar,varchar(8),""
memgrouppremiumview,subscriberID,10,,YES,bigint,bigint,""
memgrouppremiumview,affiliationExternalID,11,,YES,varchar,varchar(50),""
memgrouppremiumview,externalIDType,12,,YES,char,char(3),""
memgrouppremiumview,covLevelCode,13,,YES,varchar,varchar(3),""
memgrouppremiumview,finProtectionOptionID,14,,YES,varchar,varchar(8),""
memgrouppremiumview,billItemType,15,,YES,varchar,varchar(30),""
memgrouppremiumview,billedAmt,16,,YES,decimal,"decimal(11,2)",""
memgrouppremiumview,receivedAmt,17,,YES,decimal,"decimal(11,2)",""
memgrouppriorcarrier,memGroupPriorCarrierID,1,"0",NO,bigint,bigint,PRI
memgrouppriorcarrier,memGroupID,2,,YES,bigint,bigint,MUL
memgrouppriorcarrier,customerAccountID,3,,YES,varchar,varchar(30),""
memgrouppriorcarrier,healthCoverageType,4,,YES,char,char(3),""
memgrouppriorcarrier,historyConversionOfferedInd,5,,YES,smallint,smallint,""
memgrouppriorcarrier,priorCarrier,6,,YES,varchar,varchar(10),""
memgrouppriorcarrier,priorCarrierOtherName,7,,YES,varchar,varchar(30),""
memgrouppriorcarrier,priorCoverageStartDate,8,,YES,date,date,""
memgrouppriorcarrier,priorCoverageEndDate,9,,YES,date,date,""
memgrouppriorcarrier,runoutPeriod,10,,YES,date,date,""
memgrouppriorcarrier,changeDateTime,11,"0000-00-00 00:00:00.000",NO,timestamp,timestamp(3),MUL
memgrouppriorcarrier,changeUserID,12,,YES,varchar,varchar(20),""
memgrouppriorcarrier,createDateTime,13,"0000-00-00 00:00:00.000",NO,timestamp,timestamp(3),""
memgrouppriorcarrier,createUserID,14,,YES,varchar,varchar(20),""
memgrouppriorcarrier,updateVersion,15,,YES,int,int,""
memgroupproducerview,memGroupID,1,,YES,bigint,bigint,""
memgroupproducerview,owningMemGroupID,2,,YES,bigint,bigint,""
memgroupproducerview,memGroupContractID,3,,YES,bigint,bigint,""
memgroupproducerview,memGroupContractAffilID,4,,NO,bigint,bigint,""
memgroupproducerview,producerID,5,,YES,bigint,bigint,""
memgroupproducerview,affilMemGroupID,6,"0",YES,bigint,bigint,""
memgroupproducerview,productType,7,,YES,varchar,varchar(2),""
memgroupproducerview,contractOptType,8,,YES,varchar,varchar(2),""
memgroupproducerview,effectiveDate,9,,YES,date,date,""
memgroupproducerview,expirationDate,10,,YES,date,date,""
memgroupproducerview,memGroupName,11,,YES,varchar,varchar(120),""
memgroupproducerview,vendorID,12,,YES,bigint,bigint,""
memgroupproducerview,sizeDefinitionType,13,,YES,char,char(2),""
memgroupproducerview,generateReportingExtractInd,14,,YES,smallint,smallint,""
memgrouprateinstallpopview,populationAssignmentLevel,1,,YES,varchar,varchar(2),""
memgrouprateinstallpopview,varyRatesByFactorInd,2,"0",YES,smallint,smallint,""
memgrouprateinstallpopview,populationType,3,,NO,varchar,varchar(3),""
memgrouprateinstallpopview,effectiveDate,4,,YES,date,date,""
memgrouprateinstallpopview,expirationDate,5,,YES,date,date,""
memgrouprateinstallpopview,memGroupID,6,,YES,bigint,bigint,""
memgrouprateinstallpopview,memGroupPopulationID,7,"0",NO,bigint,bigint,""
memgrouprateinstallpopview,rateFactor,8,,YES,decimal,"decimal(9,4)",""
memgroupreportingcode,memGroupReportingCodeID,1,"0",NO,bigint,bigint,PRI
memgroupreportingcode,memGroupID,2,,YES,bigint,bigint,MUL
memgroupreportingcode,reportingCodeCategoryType,3,,YES,varchar,varchar(30),""
memgroupreportingcode,reportingCodeType,4,,YES,varchar,varchar(30),""
memgroupreportingcode,effectiveDate,5,,YES,date,date,""
memgroupreportingcode,expirationDate,6,,YES,date,date,""
memgroupreportingcode,createDateTime,7,"0000-00-00 00:00:00.000",NO,timestamp,timestamp(3),""
memgroupreportingcode,createUserID,8,,YES,varchar,varchar(20),""
memgroupreportingcode,changeDateTime,9,"0000-00-00 00:00:00.000",NO,timestamp,timestamp(3),MUL
memgroupreportingcode,changeUserID,10,,YES,varchar,varchar(20),""
memgroupreportingcode,updateVersion,11,,YES,int,int,""
memgroupsettings,memGroupSettingsID,1,"0",NO,bigint,bigint,PRI
memgroupsettings,memGroupID,2,,YES,bigint,bigint,MUL
memgroupsettings,adjudScheduleID,3,,YES,char,char(20),""
memgroupsettings,remarkCodeScheduleID,4,,YES,varchar,varchar(30),""
memgroupsettings,writtenAssuranceType,5,,YES,char,char(2),""
memgroupsettings,atpDesignationType,6,,YES,char,char(2),""
memgroupsettings,erisaInd,7,,YES,smallint,smallint,""
memgroupsettings,erisaCategoryType,8,,YES,char,char(10),""
memgroupsettings,religiousExemptionType,9,,YES,char,char(2),""
memgroupsettings,effectiveDate,10,,YES,date,date,""
memgroupsettings,expirationDate,11,,YES,date,date,""
memgroupsettings,changeDateTime,12,"0000-00-00 00:00:00.000",NO,timestamp,timestamp(3),MUL
memgroupsettings,changeUserID,13,,YES,varchar,varchar(20),""
memgroupsettings,createDateTime,14,"0000-00-00 00:00:00.000",NO,timestamp,timestamp(3),""
memgroupsettings,createUserID,15,,YES,varchar,varchar(20),""
memgroupsettings,updateVersion,16,,YES,int,int,""
memgroupsettings,inboundMemberEnrollMethodType,17,,YES,varchar,varchar(2),""
memgroupsettings,billingPrefAssignmentType,18,,YES,varchar,varchar(2),""
memgroupsettings,memberIdentifierPreferenceType,19,,YES,varchar,varchar(2),""
memgroupsettings,generateReportingExtractInd,20,,YES,smallint,smallint,""
memgroupsettings,sizeDefinitionType,21,,YES,char,char(2),""
memgroupsettings,timelyFilingSchedID,22,,YES,varchar,varchar(30),""
memgroupsettings,dualPlanExclusion,23,,YES,smallint,smallint,""
memgroupsettings,cobAttestationFrequency,24,,YES,int,int,""
memgroupsettings,cobAttestationFreqDuration,25,,YES,varchar,varchar(2),""
memgroupsettings,cobAttestationDenyGracePeriod,26,,YES,int,int,""
memgroupsettings,cobAttestationDenyGracePeriodDuration,27,,YES,varchar,varchar(2),""
memgroupsettings,cobThresholdAmt,28,,YES,decimal,"decimal(8,2)",""
memgroupsettings,familyUnitScheduleID,29,,YES,varchar,varchar(30),""
memgroupsettings,preAPClaimAuditSchedID,30,,YES,varchar,varchar(30),""
memgroupsettings,claimAdjudicationClaimAuditSchedID,31,,YES,varchar,varchar(30),""
memgroupsettings,eligibilityBillGroupLevel,32,,YES,varchar,varchar(2),""
memgroupsettings,workersCompSelfInsuredInd,33,"0",YES,smallint,smallint,""
memgroupsettings,enrollProfSetID,34,,YES,varchar,varchar(40),""
memgroupsettings,multipleTINInd,35,"0",YES,smallint,smallint,""
memgroupsettings,medicarePrimaryInd,36,"0",YES,smallint,smallint,""
memgroupspecifieduiview,memGroupContractAffilID,1,,NO,bigint,bigint,""
memgroupspecifieduiview,memGroupContractID,2,,YES,bigint,bigint,""
memgroupspecifieduiview,owningMemGroupID,3,,YES,bigint,bigint,""
memgroupspecifieduiview,memGroupID,4,,YES,bigint,bigint,""
memgroupspecifieduiview,contractAffilID,5,,YES,bigint,bigint,""
memgroupspecifieduiview,effectiveDate,6,,YES,date,date,""
memgroupspecifieduiview,expirationDate,7,,YES,date,date,""
memgroupspecifieduiview,deleteInd,8,"0",YES,smallint,smallint,""
memgroupspecifieduiview,memGroupName,9,,YES,varchar,varchar(120),""
memgroupstmt,memGroupID,1,"0",NO,bigint,bigint,PRI
memgroupstmt,generateInd,2,,YES,smallint,smallint,""
memgroupstmt,statementFrequency,3,,YES,char,char(1),""
memgroupstmt,dayOfRun,4,,YES,char,char(2),""
memgroupstmt,statementType,5,,YES,char,char(1),""
memgroupstmt,logoID1,6,,YES,varchar,varchar(6),""
memgroupstmt,logoID2,7,,YES,varchar,varchar(6),""
memgroupstmt,logoID3,8,,YES,varchar,varchar(6),""
memgroupstmt,freqOverrideInd,9,,YES,smallint,smallint,""
memgroupstmt,changeDateTime,10,"0000-00-00 00:00:00.000",NO,timestamp,timestamp(3),MUL
memgroupstmt,changeUserID,11,,YES,varchar,varchar(20),""
memgroupstmt,createDateTime,12,"0000-00-00 00:00:00.000",NO,timestamp,timestamp(3),""
memgroupstmt,createUserID,13,,YES,varchar,varchar(20),""
memgroupstmt,updateVersion,14,,YES,int,int,""
memgroupstmt,sysAddressID,15,,YES,bigint,bigint,""
memgroupstmtempstat,memGroupID,1,"0",NO,bigint,bigint,PRI
memgroupstmtempstat,employStatusCode,2,"",NO,char,char(2),PRI
memgroupstmtempstat,statementFrequency,3,,YES,char,char(1),""
memgroupstmtempstat,changeDateTime,4,"0000-00-00 00:00:00.000",NO,timestamp,timestamp(3),MUL
memgroupstmtempstat,changeUserID,5,,YES,varchar,varchar(20),""
memgroupstmtempstat,createDateTime,6,"0000-00-00 00:00:00.000",NO,timestamp,timestamp(3),""
memgroupstmtempstat,createUserID,7,,YES,varchar,varchar(20),""
memgroupstmtempstat,updateVersion,8,,YES,int,int,""
memgroupsupportteam,memGroupSupportTeamID,1,"0",NO,bigint,bigint,PRI
memgroupsupportteam,memGroupID,2,,YES,bigint,bigint,MUL
memgroupsupportteam,supportTeamID,3,,YES,bigint,bigint,MUL
memgroupsupportteam,memberSupportTeamRoleType,4,,YES,varchar,varchar(10),""
memgroupsupportteam,effectiveDate,5,,YES,date,date,""
memgroupsupportteam,expirationDate,6,,YES,date,date,""
memgroupsupportteam,changeDateTime,7,"0000-00-00 00:00:00.000",NO,timestamp,timestamp(3),MUL
memgroupsupportteam,changeUserID,8,,YES,varchar,varchar(20),""
memgroupsupportteam,createDateTime,9,"0000-00-00 00:00:00.000",NO,timestamp,timestamp(3),""
memgroupsupportteam,createUserID,10,,YES,varchar,varchar(20),""
memgroupsupportteam,updateVersion,11,,YES,int,int,""
memgroupsurcharge,memGroupSurchargeID,1,"0",NO,bigint,bigint,PRI
memgroupsurcharge,memGroupSettingsID,2,,YES,bigint,bigint,MUL
memgroupsurcharge,memGroupID,3,,YES,bigint,bigint,MUL
memgroupsurcharge,state,4,,YES,char,char(2),""
memgroupsurcharge,electingInd,5,,YES,smallint,smallint,""
memgroupsurcharge,createUserID,6,,YES,varchar,varchar(20),""
memgroupsurcharge,createDateTime,7,"0000-00-00 00:00:00.000",NO,timestamp,timestamp(3),""
memgroupsurcharge,changeUserID,8,,YES,varchar,varchar(20),""
memgroupsurcharge,changeDateTime,9,"0000-00-00 00:00:00.000",NO,timestamp,timestamp(3),MUL
memgroupsurcharge,updateVersion,10,,YES,int,int,""
memgrouptcrexaminer,memGroupTcrExaminerID,1,"0",NO,bigint,bigint,PRI
memgrouptcrexaminer,memGroupContractEventID,2,,YES,bigint,bigint,""
memgrouptcrexaminer,memGroupID,3,,YES,bigint,bigint,""
memgrouptcrexaminer,memGroupContractID,4,,YES,bigint,bigint,""
memgrouptcrexaminer,contractOptID,5,,YES,bigint,bigint,""
memgrouptcrexaminer,memGroupContractOptID,6,,YES,bigint,bigint,""
memgrouptcrexaminer,eventStartDateTime,7,,YES,timestamp,timestamp(3),""
memgrouptcrexaminer,tcrExaminerContractEventType,8,,YES,varchar,varchar(35),""
memgrouptcrexaminer,contractOptionState,9,,YES,varchar,varchar(40),""
memgrouptcrexaminer,numOfAffectedMemberBenefits,10,,YES,varchar,varchar(6),""
memgrouptcrexaminer,coverageGapDate,11,,YES,date,date,""
memgrouptcrexaminer,createUserID,12,,YES,varchar,varchar(20),""
memgrouptcrexaminer,createDateTime,13,"0000-00-00 00:00:00.000",NO,timestamp,timestamp(3),""
memgrouptcrexaminer,changeUserID,14,,YES,varchar,varchar(20),""
memgrouptcrexaminer,changeDateTime,15,"0000-00-00 00:00:00.000",NO,timestamp,timestamp(3),MUL
memgrouptcrexaminer,updateVersion,16,,YES,int,int,""
memgrouptcrexaminer,memGroupContractPlanOptionID,17,,YES,bigint,bigint,""
memgrouptcrexaminer,bookOfBusinessTypes,18,,YES,varchar,varchar(40),""
memgrouptcrexaminer,bookOfBusinessTypesDisplay,19,,YES,varchar,varchar(80),""
memgrouptcrexaminer,revenueArrangements,20,,YES,varchar,varchar(40),""
memgrouptcrexaminer,revenueArrangementsDisplay,21,,YES,varchar,varchar(40),""
memgrouptcrexaminer,memGroupSize,22,,YES,int,int,""
memgrouptcrexaminer,contractEventChangeUserID,23,,YES,varchar,varchar(20),""
memgrouptcrexaminer,tcrExaminerResumeStatus,24,,YES,varchar,varchar(35),""
memgrouptin,memGroupTINID,1,"0",NO,bigint,bigint,PRI
memgrouptin,memGroupID,2,,YES,bigint,bigint,MUL
memgrouptin,memGroupTIN,3,,YES,varchar,varchar(9),MUL
memgrouptin,memGroupTINDesc,4,,YES,char,char(25),""
memgrouptin,referenceIDQual,5,,YES,char,char(3),""
memgrouptin,memGroupTINType,6,,YES,varchar,varchar(2),""
memgrouptin,createDateTime,7,"0000-00-00 00:00:00.000",NO,timestamp,timestamp(3),""
memgrouptin,createUserID,8,,YES,varchar,varchar(20),""
memgrouptin,changeDateTime,9,"0000-00-00 00:00:00.000",NO,timestamp,timestamp(3),MUL
memgrouptin,changeUserID,10,,YES,varchar,varchar(20),""
memgrouptin,updateVersion,11,,YES,int,int,""
memgrouptinview,exchangeType,1,,YES,varchar,varchar(1),""
memgrouptinview,industryClassCode,2,,YES,char,char(6),""
memgrouptinview,industryClassCodeType,3,,YES,char,char(2),""
memgrouptinview,memGroupID,4,"0",NO,bigint,bigint,""
memgrouptinview,memGroupName,5,,YES,varchar,varchar(120),""
memgrouptinview,memGroupType,6,,YES,varchar,varchar(3),""
memgrouptinview,organizationType,7,,YES,char,char(1),""
memgrouptinview,memGroupTIN,8,,YES,varchar,varchar(9),""
memgroupvalidation,memGroupValidationID,1,"0",NO,bigint,bigint,PRI
memgroupvalidation,memGroupID,2,,YES,bigint,bigint,MUL
memgroupvalidation,serviceJobID,3,,YES,varchar,varchar(256),""
memgroupvalidation,noteText,4,,YES,varchar,varchar(4000),""
memgroupvalidation,valMessageType,5,,YES,char,char(2),""
memgroupvalidation,categoryOfError,6,,YES,varchar,varchar(20),""
memgroupvalidation,createDateTime,7,"0000-00-00 00:00:00.000",NO,timestamp,timestamp(3),""
memgroupvalidation,createUserID,8,,YES,varchar,varchar(20),""
memgroupvalidation,changeDateTime,9,"0000-00-00 00:00:00.000",NO,timestamp,timestamp(3),MUL
memgroupvalidation,changeUserID,10,,YES,varchar,varchar(20),""
memgroupvalidation,updateVersion,11,,YES,int,int,""
memgrpcntrctoptinsruleaffilvw,affilMemGroupName,1,,YES,varchar,varchar(120),""
memgrpcntrctoptinsruleaffilvw,affilMemGroupID,2,"0",YES,bigint,bigint,""
memgrpcntrctoptinsruleaffilvw,deleteInd,3,,YES,smallint,smallint,""
memgrpcntrctoptinsruleaffilvw,effectiveDate,4,,YES,date,date,""
memgrpcntrctoptinsruleaffilvw,expirationDate,5,,YES,date,date,""
memgrpcntrctoptinsruleaffilvw,guardrailScheduleID,6,,YES,bigint,bigint,""
memgrpcntrctoptinsruleaffilvw,memGroupContractID,7,,YES,bigint,bigint,""
memgrpcntrctoptinsruleaffilvw,memGroupContractOptID,8,,YES,bigint,bigint,""
memgrpcntrctoptinsruleaffilvw,memGroupContractOptInsRuleID,9,"0",NO,bigint,bigint,""
memgrpcntrctoptinsruleaffilvw,memGroupID,10,,YES,bigint,bigint,""
memgrpcntrctoptinsruleaffilvw,newHireGuardInsRuleWaitPrdID,11,,YES,bigint,bigint,""
memgrpcntrctoptinsruleaffilvw,terminationExpirationDateType,12,,YES,varchar,varchar(3),""
memgrpcntrctproduceraffiluivw,affilMemGroupName,1,,YES,varchar,varchar(120),""
memgrpcntrctproduceraffiluivw,affilMemGroupID,2,"0",YES,bigint,bigint,""
memgrpcntrctproduceraffiluivw,compensationType,3,,YES,varchar,varchar(3),""
memgrpcntrctproduceraffiluivw,deleteInd,4,,YES,smallint,smallint,""
memgrpcntrctproduceraffiluivw,effectiveDate,5,,YES,date,date,""
memgrpcntrctproduceraffiluivw,expirationDate,6,,YES,date,date,""
memgrpcntrctproduceraffiluivw,memGroupContractID,7,,YES,bigint,bigint,""
memgrpcntrctproduceraffiluivw,memGroupContractProducerID,8,"0",NO,bigint,bigint,""
memgrpcntrctproduceraffiluivw,memGroupID,9,,YES,bigint,bigint,""
memgrpcntrctproduceraffiluivw,pctOfCommission,10,,YES,decimal,"decimal(7,4)",""
memgrpcntrctproduceraffiluivw,producerID,11,,YES,bigint,bigint,""
memgrpcntrctproduceraffiluivw,producerType,12,,YES,varchar,varchar(3),""
memgrpcntrctproduceraffiluivw,productType,13,,YES,varchar,varchar(2),""
memgrpcntrtplnopthdreleasev2vw,memGroupContractPlanOptHoldID,1,"0",NO,bigint,bigint,""
memgrpcntrtplnopthdreleasev2vw,memGroupID,2,"0",NO,bigint,bigint,""
memgrpcntrtplnopthdreleasev2vw,memGroupName,3,,YES,varchar,varchar(120),""
memgrpcntrtplnopthdreleasev2vw,memGroupContractID,4,"0",NO,bigint,bigint,""
memgrpcntrtplnopthdreleasev2vw,effectiveDate,5,,YES,date,date,""
memgrpcntrtplnopthdreleasev2vw,expirationDate,6,,YES,date,date,""
memgrpcntrtplnopthdreleasev2vw,memGroupContractOptID,7,"0",NO,bigint,bigint,""
memgrpcntrtplnopthdreleasev2vw,contractOptID,8,,YES,bigint,bigint,""
memgrpcntrtplnopthdreleasev2vw,contractOptStatus,9,,YES,char,char(1),""
memgrpcntrtplnopthdreleasev2vw,holdCode,10,,YES,char,char(6),""
memgrpcntrtplnopthdreleasev2vw,memGroupPlanOptHoldEffectiveDate,11,,YES,date,date,""
memgrpcntrtplnopthdreleasev2vw,memGroupPlanOptHoldExpirationDate,12,,YES,date,date,""
memgrpcntrtplnopthdreleasev2vw,originalHoldReleaseDate,13,,YES,date,date,""
memgrpcntrtplnopthdreleasev2vw,memGroupContractPlanOptionID,14,,YES,bigint,bigint,""
memgrpcntrtplnopthdreleasev2vw,holdReleaseInd,15,,YES,smallint,smallint,""
memgrpcntrtplnopthdreleasev2vw,planOptionID,16,,YES,varchar,varchar(8),""
memgrpcontractaffiloptpopview,memGroupContractAffilID,1,,NO,bigint,bigint,""
memgrpcontractaffiloptpopview,memGroupID,2,,YES,bigint,bigint,""
memgrpcontractaffiloptpopview,owningMemGroupID,3,,YES,bigint,bigint,""
memgrpcontractaffiloptpopview,contractAffiliationEffectiveDate,4,,YES,date,date,""
memgrpcontractaffiloptpopview,contractAffiliationExpirationDate,5,,YES,date,date,""
memgrpcontractaffiloptpopview,memGroupContractID,6,,YES,bigint,bigint,""
memgrpcontractaffiloptpopview,memGroupContractAffilOptID,7,,NO,bigint,bigint,""
memgrpcontractaffiloptpopview,memGroupContractOptID,8,,YES,bigint,bigint,""
memgrpcontractaffiloptpopview,contractOptType,9,,YES,varchar,varchar(2),""
memgrpcontractaffiloptpopview,memGroupPopulationID,10,,YES,bigint,bigint,""
memgrpcontractaffiloptpopview,populationName,11,,YES,varchar,varchar(30),""
memgrpcontractaffiloptpopview,memGroupPopCategoryID,12,,YES,bigint,bigint,""
memgrpcontractaffiloptpopview,externalPopulationID,13,,YES,varchar,varchar(50),""
memgrpcontractaffiloptpopview,memGroupPopulationEffectiveDate,14,,YES,date,date,""
memgrpcontractaffiloptpopview,memGroupPopulationExpirationDate,15,,YES,date,date,""
memgrpcontractaffiloptpopview,productType,16,,YES,varchar,varchar(2),""
memgrpcontractaffiloptpopview,populationType,17,,NO,varchar,varchar(3),""
memgrpcontractaffiloptpopview,memGroupPopCategoryEffectiveDate,18,,YES,date,date,""
memgrpcontractaffiloptpopview,memGroupPopCategoryExpirationDate,19,,YES,date,date,""
memgrpcontractaffiloptpopview,populationAssignmentType,20,,YES,varchar,varchar(4),""
memgrpcontractaffiloptpopview,deleteInd,21,,YES,smallint,smallint,""
memgrpcontractaffiloptpopview,optionDescription,22,,YES,varchar,varchar(80),""
memgrpcontractaffiloptpopview,contractOptID,23,,YES,bigint,bigint,""
memgrpcontractaffiloptpopview,contractOptEffectiveDate,24,,YES,date,date,""
memgrpcontractaffiloptpopview,contractOptExpirationDate,25,,YES,date,date,""
memgrpcontractaffiloptpopview,benefitBundleOptionID,26,,YES,bigint,bigint,""
memgrpcontractaffiloptpopview,planOptionDescription,27,,YES,varchar,varchar(80),""
memgrpcontractaffiloptpopview,planOptionID,28,,YES,varchar,varchar(8),""
memgrpctctphassgnmemgrpview,memGroupContactID,1,,YES,bigint,bigint,""
memgrpctctphassgnmemgrpview,memGroupContactPhoneID,2,"0",NO,bigint,bigint,""
memgrpctctphassgnmemgrpview,phoneType,3,,YES,varchar,varchar(2),""
memgrpctctphassgnmemgrpview,phoneNum,4,,YES,varchar,varchar(30),""
memgrpctctphassgnmemgrpview,preferredInd,5,,YES,smallint,smallint,""
memgrpctctphassgnmemgrpview,assignToMemGroup,6,"0",NO,int,int,""
memgrpctctphassgnmemgrpview,memGroupID,7,,YES,bigint,bigint,""
memgrpctctphassgnmemgrpview,phoneExt,8,,YES,char,char(8),""
memgrpctrtbillprefcontactvw,memGroupID,1,,YES,bigint,bigint,""
memgrpctrtbillprefcontactvw,memGroupContactID,2,,YES,bigint,bigint,""
memgrpctrtbillprefcontactvw,roleType,3,,YES,varchar,varchar(3),""
memgrpctrtbillprefcontactvw,effectiveDate,4,,YES,date,date,""
memgrpctrtbillprefcontactvw,expirationDate,5,,YES,date,date,""
memgrpctrtbillprefcontactvw,preferredInd,6,,YES,smallint,smallint,""
memgrpctrtbillprefcontactvw,nameFirst,7,,YES,varchar,varchar(35),""
memgrpctrtbillprefcontactvw,nameLast,8,,YES,varchar,varchar(60),""
memgrpctrtbillprefcontactvw,memGroupContactAddressID,9,"0",YES,bigint,bigint,""
memgrpctrtbillprefcontactvw,addressType,10,,YES,char,char(4),""
memgrpctrtbillprefcontactvw,address1,11,,YES,varchar,varchar(55),""
memgrpctrtbillprefcontactvw,address2,12,,YES,varchar,varchar(55),""
memgrpctrtbillprefcontactvw,city,13,,YES,varchar,varchar(50),""
memgrpctrtbillprefcontactvw,state,14,,YES,char,char(2),""
memgrpctrtbillprefcontactvw,postalCode,15,,YES,varchar,varchar(20),""
memgrpctrtbillprefcontactvw,memGroupContactPhoneID,16,"0",YES,bigint,bigint,""
memgrpctrtbillprefcontactvw,phoneType,17,,YES,varchar,varchar(2),""
memgrpctrtbillprefcontactvw,phoneNum,18,,YES,varchar,varchar(30),""
memgrpctrtbillprefcontactvw,memGroupContactElectronicComID,19,"0",YES,bigint,bigint,""
memgrpctrtbillprefcontactvw,electronicCommunicationType,20,,YES,varchar,varchar(10),""
memgrpctrtbillprefcontactvw,communicationText,21,,YES,varchar,varchar(254),""
memgrpctrtbillprefcontactvw,mgcPhAsgnPreferredInd,22,,YES,smallint,smallint,""
memgrpctrtbillprefcontactvw,mgcElecCommAsgnPreferredInd,23,,YES,smallint,smallint,""
mgaffiliatedcontractsuiview,memGroupName,1,,YES,varchar,varchar(120),""
mgaffiliatedcontractsuiview,contractDescription,2,,YES,varchar,varchar(120),""
mgaffiliatedcontractsuiview,contractAffilID,3,,YES,bigint,bigint,""
mgaffiliatedcontractsuiview,contractAffilStatus,4,,YES,varchar,varchar(2),""
mgaffiliatedcontractsuiview,contractAffilVersion,5,,YES,int,int,""
mgaffiliatedcontractsuiview,deleteInd,6,"0",YES,smallint,smallint,""
mgaffiliatedcontractsuiview,effectiveDate,7,,YES,date,date,""
mgaffiliatedcontractsuiview,expirationDate,8,,YES,date,date,""
mgaffiliatedcontractsuiview,logicalDeleteReason,9,,YES,varchar,varchar(3),""
mgaffiliatedcontractsuiview,memGroupContractAffilID,10,,NO,bigint,bigint,""
mgaffiliatedcontractsuiview,memGroupContractID,11,,YES,bigint,bigint,""
mgaffiliatedcontractsuiview,memGroupID,12,,YES,bigint,bigint,""
mgaffiliatedcontractsuiview,owningMemGroupID,13,,YES,bigint,bigint,""
mgaffiliatedcontractsuiview,contractOptType,14,,YES,varchar,varchar(2),""
mgaffiliatedcontractsuiview,memGroupContractAffilTypeID,15,,NO,bigint,bigint,""
mgaffiliatedcontractsuiview,productType,16,,YES,varchar,varchar(2),""
mgaffiliatedgroupsview,memGroupName,1,,YES,varchar,varchar(120),""
mgaffiliatedgroupsview,effectiveDate,2,,YES,date,date,""
mgaffiliatedgroupsview,expirationDate,3,,YES,date,date,""
mgaffiliatedgroupsview,memGroupID,4,,YES,bigint,bigint,""
mgaffiliatedgroupsview,parentMemGroupID,5,,YES,bigint,bigint,""
mgcaffilandcontractoptfpvw,memGroupID,1,,YES,bigint,bigint,""
mgcaffilandcontractoptfpvw,mgcaDeleteInd,2,"0",YES,smallint,smallint,""
mgcaffilandcontractoptfpvw,mgcDeleteInd,3,,YES,smallint,smallint,""
mgcaffilandcontractoptfpvw,mgcoDeleteInd,4,,YES,smallint,smallint,""
mgcaffilandcontractoptfpvw,contractAffilStatus,5,,YES,varchar,varchar(2),""
mgcaffilandcontractoptfpvw,productType,6,,YES,varchar,varchar(2),""
mgcaffilandcontractoptfpvw,mgcaChangeDateTime,7,"0000-00-00 00:00:00.000",NO,timestamp,timestamp(3),""
mgcaffilandplanoptfpvw,memGroupContractPlanOptionID,1,"0",NO,bigint,bigint,""
mgcaffilandplanoptfpvw,planOptionID,2,,YES,varchar,varchar(8),""
mgcaffilandplanoptfpvw,carrierLobPlanID,3,,YES,bigint,bigint,""
mgcaffilandplanoptfpvw,memGroupContractOptID,4,"0",NO,bigint,bigint,""
mgcaffilandplanoptfpvw,contractOptStatus,5,,YES,char,char(1),""
mgcaffilandplanoptfpvw,contractOptType,6,,YES,varchar,varchar(2),""
mgcaffilandplanoptfpvw,contractOptEffectiveDate,7,,YES,date,date,""
mgcaffilandplanoptfpvw,contractOptExpirationDate,8,,YES,date,date,""
mgcaffilandplanoptfpvw,contractAffilStatus,9,,YES,varchar,varchar(2),""
mgcaffilandplanoptfpvw,memGroupContractID,10,,YES,bigint,bigint,""
mgcaffilandplanoptfpvw,contractAffiliationEffectiveDate,11,,YES,date,date,""
mgcaffilandplanoptfpvw,contractAffiliationExpirationDate,12,,YES,date,date,""
mgcaffilandplanoptfpvw,memGroupID,13,,YES,bigint,bigint,""
mgcaffilandplanoptfpvw,memGroupContractAffilOptID,14,,NO,bigint,bigint,""
mgcaffilandplanoptfpvw,mgcaChangeDate,15,,YES,date,date,""
mgcaffilandplanoptfpvw,mgcaoChangeDate,16,,YES,date,date,""
mgcaffilandplanoptfpvw,mgcoChangeDate,17,,YES,date,date,""
mgcaffilandplanoptfpvw,mgcpoChangeDate,18,,YES,date,date,""
mgcaffilandplanoptfpvw,mgcaChangeDateTime,19,"0000-00-00 00:00:00.000",NO,timestamp,timestamp(3),""
mgcaffilandplanoptfpvw,mgcaoChangeDateTime,20,"0000-00-00 00:00:00.000",NO,timestamp,timestamp(3),""
mgcaffilandplanoptfpvw,mgcoChangeDateTime,21,"0000-00-00 00:00:00.000",NO,timestamp,timestamp(3),""
mgcaffilandplanoptfpvw,mgcpoChangeDateTime,22,"0000-00-00 00:00:00.000",NO,timestamp,timestamp(3),""
mgcaffilandplanoptfpvw,productType,23,,YES,varchar,varchar(2),""
mgcaffilandplanoptvwv3,contractAffilStatus,1,,YES,varchar,varchar(2),""
mgcaffilandplanoptvwv3,memGroupContractID,2,,YES,bigint,bigint,""
mgcaffilandplanoptvwv3,contractAffiliationEffectiveDate,3,,YES,date,date,""
mgcaffilandplanoptvwv3,contractAffiliationExpirationDate,4,,YES,date,date,""
mgcaffilandplanoptvwv3,memGroupID,5,,YES,bigint,bigint,""
mgcaffilandplanoptvwv3,memGroupContractOptID,6,"0",NO,bigint,bigint,""
mgcaffilandplanoptvwv3,contractOptStatus,7,,YES,char,char(1),""
mgcaffilandplanoptvwv3,contractOptType,8,,YES,varchar,varchar(2),""
mgcaffilandplanoptvwv3,contractOptEffectiveDate,9,,YES,date,date,""
mgcaffilandplanoptvwv3,contractOptExpirationDate,10,,YES,date,date,""
mgcaffilandplanoptvwv3,memGroupContractAffilOptID,11,,NO,bigint,bigint,""
mgcaffilandplanoptvwv3,memGroupContractPlanOptionID,12,"0",NO,bigint,bigint,""
mgcaffilandplanoptvwv3,planOptionID,13,,YES,varchar,varchar(8),""
mgcaffilandplanoptvwv3,carrierLobPlanID,14,,YES,bigint,bigint,""
mgcaffilandplanoptvwv3,mgcaChangeDate,15,,YES,date,date,""
mgcaffilandplanoptvwv3,mgcaoChangeDate,16,,YES,date,date,""
mgcaffilandplanoptvwv3,mgcoChangeDate,17,,YES,date,date,""
mgcaffilandplanoptvwv3,mgcpoChangeDate,18,,YES,date,date,""
mgcaffilandplanoptvwv3,mgcaChangeDateTime,19,"0000-00-00 00:00:00.000",NO,timestamp,timestamp(3),""
mgcaffilandplanoptvwv3,mgcaoChangeDateTime,20,"0000-00-00 00:00:00.000",NO,timestamp,timestamp(3),""
mgcaffilandplanoptvwv3,mgcoChangeDateTime,21,"0000-00-00 00:00:00.000",NO,timestamp,timestamp(3),""
mgcaffilandplanoptvwv3,mgcpoChangeDateTime,22,"0000-00-00 00:00:00.000",NO,timestamp,timestamp(3),""
mgcaffilcntractopttypproducrvw,memGroupID,1,,YES,bigint,bigint,""
mgcaffilcntractopttypproducrvw,owningMemGroupID,2,,YES,bigint,bigint,""
mgcaffilcntractopttypproducrvw,contractAffilStatus,3,,YES,varchar,varchar(2),""
mgcaffilcntractopttypproducrvw,memGroupContractID,4,,YES,bigint,bigint,""
mgcaffilcntractopttypproducrvw,memGroupContractOptID,5,,YES,bigint,bigint,""
mgcaffilcntractopttypproducrvw,validInd,6,"0",YES,smallint,smallint,""
mgcaffilcntractopttypproducrvw,memGroupContractAffilID,7,,YES,bigint,bigint,""
mgcaffilcntractopttypproducrvw,contractOptType,8,,YES,varchar,varchar(2),""
mgcaffilinheritproducersview,memGroupID,1,,YES,bigint,bigint,""
mgcaffilinheritproducersview,memGroupContractID,2,,YES,bigint,bigint,""
mgcaffilinheritproducersview,memGroupContractProducerID,3,"0",NO,bigint,bigint,""
mgcaffilinheritproducersview,affilMemGroupID,4,"0",YES,bigint,bigint,""
mgcaffilinheritproducersview,memGroupContractAffilID,5,,NO,bigint,bigint,""
mgcaffilinheritproducersview,producerID,6,,YES,bigint,bigint,""
mgcaffilinheritproducersview,producerType,7,,YES,varchar,varchar(3),""
mgcaffilinheritproducersview,pctOfCommission,8,,YES,decimal,"decimal(7,4)",""
mgcaffilinheritproducersview,effectiveDate,9,,YES,date,date,""
mgcaffilinheritproducersview,expirationDate,10,,YES,date,date,""
mgcaffiloptcntractoptplanoptvw,memGroupContractAffilID,1,,YES,bigint,bigint,""
mgcaffiloptcntractoptplanoptvw,memGroupContractAffilOptID,2,,NO,bigint,bigint,""
mgcaffiloptcntractoptplanoptvw,memGroupContractID,3,,YES,bigint,bigint,""
mgcaffiloptcntractoptplanoptvw,memGroupContractOptID,4,,YES,bigint,bigint,""
mgcaffiloptcntractoptplanoptvw,memGroupID,5,,YES,bigint,bigint,""
mgcaffiloptcntractoptplanoptvw,owningMemGroupID,6,,YES,bigint,bigint,""
mgcaffiloptcntractoptplanoptvw,validInd,7,"0",YES,smallint,smallint,""
mgcaffiloptcntractoptplanoptvw,contractOptStatus,8,,YES,char,char(1),""
mgcaffiloptcntractoptplanoptvw,effectiveDate,9,,YES,date,date,""
mgcaffiloptcntractoptplanoptvw,expirationDate,10,,YES,date,date,""
mgcaffiloptcntractoptplanoptvw,planOptionID,11,,YES,varchar,varchar(8),""
mgcntrctaffilownedcontractsvw,memGroupName,1,,YES,varchar,varchar(120),""
mgcntrctaffilownedcontractsvw,contractDescription,2,,YES,varchar,varchar(120),""
mgcntrctaffilownedcontractsvw,effectiveDate,3,,YES,date,date,""
mgcntrctaffilownedcontractsvw,expirationDate,4,,YES,date,date,""
mgcntrctaffilownedcontractsvw,logicalDeleteReason,5,,YES,varchar,varchar(3),""
mgcntrctaffilownedcontractsvw,deleteInd,6,"0",YES,smallint,smallint,""
mgcntrctaffilownedcontractsvw,memGroupContractAffilID,7,,NO,bigint,bigint,""
mgcntrctaffilownedcontractsvw,memGroupContractID,8,,YES,bigint,bigint,""
mgcntrctaffilownedcontractsvw,memGroupID,9,,YES,bigint,bigint,""
mgcntrctaffilownedcontractsvw,owningMemGroupID,10,,YES,bigint,bigint,""
mgcntrctoptplanoptrateloadvw,contractOptID,1,,YES,bigint,bigint,""
mgcntrctoptplanoptrateloadvw,contractOptType,2,,YES,varchar,varchar(2),""
mgcntrctoptplanoptrateloadvw,contractOptVersion,3,,YES,int,int,""
mgcntrctoptplanoptrateloadvw,effectiveDate,4,,YES,date,date,""
mgcntrctoptplanoptrateloadvw,expirationDate,5,,YES,date,date,""
mgcntrctoptplanoptrateloadvw,memGroupContractID,6,,YES,bigint,bigint,""
mgcntrctoptplanoptrateloadvw,memGroupContractOptID,7,"0",NO,bigint,bigint,""
mgcntrctoptplanoptrateloadvw,memGroupID,8,,YES,bigint,bigint,""
mgcntrctoptplanoptrateloadvw,situsState,9,,YES,char,char(2),""
mgcntrctoptplanoptrateloadvw,benefitBundleID,10,,YES,bigint,bigint,""
mgcntrctoptplanoptrateloadvw,benefitBundleOptionID,11,,YES,bigint,bigint,""
mgcntrctoptplanoptrateloadvw,memGroupContractPlanOptionID,12,"0",NO,bigint,bigint,""
mgcntrctoptplanoptrateloadvw,planOptionID,13,,YES,varchar,varchar(8),""
mgcntrctoptplanoptrateloadvw,sellingCarrierID,14,,YES,bigint,bigint,""
mgcontractoptplanoptionview,effectiveDate,1,,YES,date,date,""
mgcontractoptplanoptionview,expirationDate,2,,YES,date,date,""
mgcontractoptplanoptionview,memGroupID,3,,YES,bigint,bigint,""
mgcontractoptplanoptionview,benefitBundleID,4,,YES,bigint,bigint,""
mgcontractoptplanoptionview,benefitBundleOptionID,5,,YES,bigint,bigint,""
mgcontractoptplanoptionview,changeDateTime,6,"0000-00-00 00:00:00.000",NO,timestamp,timestamp(3),""
mgcontractoptplanoptionview,memGroupContractPlanOptionID,7,"0",NO,bigint,bigint,""
mgcontractoptplanoptionview,planOptionDescription,8,,YES,varchar,varchar(80),""
mgcontractoptplanoptionview,planOptionID,9,,YES,varchar,varchar(8),""
mgcontractoptplanoptpopextview,memGroupID,1,,YES,bigint,bigint,""
mgcontractoptplanoptpopextview,memGroupContractID,2,"0",NO,bigint,bigint,""
mgcontractoptplanoptpopextview,memGroupContractOptID,3,"0",NO,bigint,bigint,""
mgcontractoptplanoptpopextview,contractOptID,4,,YES,bigint,bigint,""
mgcontractoptplanoptpopextview,memGroupContractPlanOptionID,5,"0",NO,bigint,bigint,""
mgcontractoptplanoptpopextview,memGroupPopulationID,6,,YES,bigint,bigint,""
mgcontractoptplanoptpopextview,planOptionID,7,,YES,varchar,varchar(8),""
mgcontractoptplanoptpopextview,sellingCarrierID,8,,YES,bigint,bigint,""
mgcontractoptplanoptpopextview,lineOfBusinessID,9,,YES,bigint,bigint,""
mgcontractoptplanoptpopextview,contractOptStatus,10,,YES,char,char(1),""
mgcontractoptplanoptpopextview,contractOptType,11,,YES,varchar,varchar(2),""
mgcontractoptplanoptpopextview,productType,12,,YES,varchar,varchar(2),""
mgcontractoptplanoptpopextview,effectiveDate,13,,YES,date,date,""
mgcontractoptplanoptpopextview,expirationDate,14,,YES,date,date,""
mgcontractoptplanoptpopextview,planOptionDescription,15,,YES,varchar,varchar(80),""
mgcontractoptplanoptpopextview,finProtectPlanCodeID,16,,YES,varchar,varchar(30),""
mgcontractoptplanoptpopextview,finProtectPlanName,17,,YES,varchar,varchar(80),""
mgcontractoptplanoptpopextview,finProtectPlanType,18,,YES,varchar,varchar(2),""
mgcontractoptplanoptpopextview,originalSourceSystemType,19,,YES,varchar,varchar(4),""
mgcontractoptplanoptpopextview,originalSourceSystemID,20,,YES,varchar,varchar(80),""
mgcontractoptpopopenenrollview,memGroupContractOptPopID,1,"0",NO,bigint,bigint,""
mgcontractoptpopopenenrollview,memGroupContractOptID,2,,YES,bigint,bigint,""
mgcontractoptpopopenenrollview,memGroupContractID,3,,YES,bigint,bigint,""
mgcontractoptpopopenenrollview,memGroupID,4,,YES,bigint,bigint,""
mgcontractoptpopopenenrollview,memGroupContractOpenEnrollID,5,"0",YES,bigint,bigint,""
mgcontractoptpopopenenrollview,effectiveDate,6,,YES,date,date,""
mgcontractoptpopopenenrollview,expirationDate,7,,YES,date,date,""
mgcontractoptpopopenenrollview,openEnrollmentExpirationDate,8,,YES,date,date,""
mgcontractoptpopopenenrollview,openEnrollmentEffectiveDate,9,,YES,date,date,""
mgcontractoptpopopenenrollview,memGroupPopulationID,10,"0",YES,bigint,bigint,""
mgcontractoptpopopenenrollview,populationName,11,,YES,varchar,varchar(30),""
mgcontractoptpopopenenrollview,enrollmentPeriodType,12,OE,YES,varchar,varchar(3),""
mgcoptandplanoptionvw,contractOptStatus,1,,YES,char,char(1),""
mgcoptandplanoptionvw,contractOptType,2,,YES,varchar,varchar(2),""
mgcoptandplanoptionvw,contractOptEffectiveDate,3,,YES,date,date,""
mgcoptandplanoptionvw,contractOptExpirationDateV2,4,,YES,date,date,""
mgcoptandplanoptionvw,deleteInd,5,,YES,smallint,smallint,""
mgcoptandplanoptionvw,memGroupContractID,6,,YES,bigint,bigint,""
mgcoptandplanoptionvw,memGroupContractPlanOptionID,7,"0",NO,bigint,bigint,""
mgcoptandplanoptionvw,memGroupID,8,,YES,bigint,bigint,""
mgcoptandplanoptionvw,planOptionID,9,,YES,varchar,varchar(8),""
mgcoptplanoptplanoptreservevw,contractOptID,1,,YES,bigint,bigint,""
mgcoptplanoptplanoptreservevw,effectiveDate,2,,YES,date,date,""
mgcoptplanoptplanoptreservevw,expirationDate,3,,YES,date,date,""
mgcoptplanoptplanoptreservevw,memGroupContractOptID,4,"0",NO,bigint,bigint,""
mgcoptplanoptplanoptreservevw,memGroupID,5,,YES,bigint,bigint,""
mgcoptplanoptplanoptreservevw,memGroupContractPlanOptionID,6,"0",NO,bigint,bigint,""
mgcoptplanoptplanoptreservevw,planOptionID,7,,YES,varchar,varchar(8),""
mgcoptplanoptplanoptreservevw,entityReserveID,8,,YES,bigint,bigint,""
mgcoptplanoptplanoptreservevw,memGroupContractPlanOptReserveID,9,,NO,bigint,bigint,""
mgcplanbillrateratingpopview,memGroupContractPlanPopBillRtID,1,,NO,bigint,bigint,""
mgcplanbillrateratingpopview,memGroupContractPlanBillRtID,2,,YES,bigint,bigint,""
mgcplanbillrateratingpopview,memGroupContractOptID,3,,YES,bigint,bigint,""
mgcplanbillrateratingpopview,memGroupContractID,4,,YES,bigint,bigint,""
mgcplanbillrateratingpopview,memGroupContractPlanOptionID,5,,YES,bigint,bigint,""
mgcplanbillrateratingpopview,memGroupID,6,,YES,bigint,bigint,""
mgcplanbillrateratingpopview,memGroupPopulationID,7,,YES,bigint,bigint,""
mgcplanbillrateratingpopview,memGroupPopCategoryID,8,,YES,bigint,bigint,""
mgcplanbillrateratingpopview,populationType,9,,NO,varchar,varchar(3),""
mgcplanbillrateratingpopview,varyRatesByPopulationInd,10,"0",YES,smallint,smallint,""
mgctagmonitordetail,mgcTagMonitorDetailID,1,"0",NO,bigint,bigint,PRI
mgctagmonitordetail,mgcTagMonitorHeaderID,2,,YES,bigint,bigint,MUL
mgctagmonitordetail,memGroupID,3,,YES,bigint,bigint,""
mgctagmonitordetail,memGroupContractID,4,,YES,bigint,bigint,""
mgctagmonitordetail,memGroupContractOptID,5,,YES,bigint,bigint,""
mgctagmonitordetail,memGroupContractAffilID,6,,YES,bigint,bigint,""
mgctagmonitordetail,memGroupContractAffilOptID,7,,YES,bigint,bigint,""
mgctagmonitordetail,finTagDetailStatus,8,,YES,varchar,varchar(2),""
mgctagmonitordetail,completeInd,9,,YES,smallint,smallint,""
mgctagmonitordetail,changeDateTime,10,"0000-00-00 00:00:00.000",NO,timestamp,timestamp(3),MUL
mgctagmonitordetail,changeUserID,11,,YES,varchar,varchar(20),""
mgctagmonitordetail,createDateTime,12,"0000-00-00 00:00:00.000",NO,timestamp,timestamp(3),""
mgctagmonitordetail,createUserID,13,,YES,varchar,varchar(20),""
mgctagmonitordetail,updateVersion,14,,YES,int,int,""
mgctagmonitordetail,transID,15,,YES,varchar,varchar(80),""
mgctagmonitorheader,mgcTagMonitorHeaderID,1,"0",NO,bigint,bigint,PRI
mgctagmonitorheader,memGroupID,2,,YES,bigint,bigint,""
mgctagmonitorheader,memGroupContractID,3,,YES,bigint,bigint,""
mgctagmonitorheader,memGroupContractOptID,4,,YES,bigint,bigint,""
mgctagmonitorheader,recordCount,5,,YES,int,int,""
mgctagmonitorheader,completeInd,6,,YES,smallint,smallint,""
mgctagmonitorheader,finTagHeaderStatus,7,,YES,varchar,varchar(2),""
mgctagmonitorheader,changeDateTime,8,"0000-00-00 00:00:00.000",NO,timestamp,timestamp(3),MUL
mgctagmonitorheader,changeUserID,9,,YES,varchar,varchar(20),""
mgctagmonitorheader,createDateTime,10,"0000-00-00 00:00:00.000",NO,timestamp,timestamp(3),""
mgctagmonitorheader,createUserID,11,,YES,varchar,varchar(20),""
mgctagmonitorheader,updateVersion,12,,YES,int,int,""
mgpopandpopcatandpoptypeview,memGroupID,1,,YES,bigint,bigint,""
mgpopandpopcatandpoptypeview,memGroupPopCategoryID,2,,NO,bigint,bigint,""
mgpopandpopcatandpoptypeview,populationType,3,,NO,varchar,varchar(3),""
mgpopandpopcatandpoptypeview,memGroupPopulationID,4,"0",NO,bigint,bigint,""
mgpremperentityrsvreqreadyvw,memGroupPremiumPeriodID,1,,NO,bigint,bigint,""
pcmtactivemgcplanoptgblvwv2,mgcaMemGroupID,1,,YES,bigint,bigint,""
pcmtactivemgcplanoptgblvwv2,mgcoMemGroupID,2,,YES,bigint,bigint,""
pcmtactivemgcplanoptgblvwv2,contractAffilEffectiveDate,3,,YES,date,date,""
pcmtactivemgcplanoptgblvwv2,contractAffilExpirationDate,4,,YES,date,date,""
pcmtactivemgcplanoptgblvwv2,mgcaChangeDateTime,5,"0000-00-00 00:00:00.000",NO,timestamp,timestamp(3),""
pcmtactivemgcplanoptgblvwv2,mgcaContractAffilStatus,6,,YES,varchar,varchar(2),""
pcmtactivemgcplanoptgblvwv2,mgcoMemGroupContractID,7,,YES,bigint,bigint,""
pcmtactivemgcplanoptgblvwv2,mgcoMemGroupContractOptID,8,"0",NO,bigint,bigint,""
pcmtactivemgcplanoptgblvwv2,contractOptEffectiveDate,9,,YES,date,date,""
pcmtactivemgcplanoptgblvwv2,contractOptExpirationDate,10,,YES,date,date,""
pcmtactivemgcplanoptgblvwv2,contractOptHasBeenActivatedInd,11,,YES,smallint,smallint,""
pcmtactivemgcplanoptgblvwv2,mgcoChangeDateTime,12,"0000-00-00 00:00:00.000",NO,timestamp,timestamp(3),""
pcmtactivemgcplanoptgblvwv2,mgcoContractOptStatus,13,,YES,char,char(1),""
pcmtactivemgcplanoptgblvwv2,memGroupContractPlanOptionID,14,"0",NO,bigint,bigint,""
pcmtactivemgcplanoptgblvwv2,planOptionID,15,,YES,varchar,varchar(8),""
pcmtactivemgcplanoptgblvwv2,memGroupContractAffilOptID,16,,NO,bigint,bigint,""
pcmtactivemgcplanoptgblvwv2,mgcaDeleteInd,17,"0",YES,smallint,smallint,""
pcmtactivemgcplanoptgblvwv2,mgcoDeleteInd,18,,YES,smallint,smallint,""
pcmtactivemgcplanoptgblvwv2,mgcpoDeleteInd,19,,YES,smallint,smallint,""
pcmtactivemgcplanoptgblvwv2,mgcChangeDateTime,20,"0000-00-00 00:00:00.000",NO,timestamp,timestamp(3),""
pcmtactivemgcplanoptgblvwv2,mgcaoChangeDateTime,21,"0000-00-00 00:00:00.000",NO,timestamp,timestamp(3),""
pcmtactivemgcplanoptgblvwv2,mgcpoChangeDateTime,22,"0000-00-00 00:00:00.000",NO,timestamp,timestamp(3),""
pcmtextractmgcplanoptgblvw,mgcaMemGroupID,1,,YES,bigint,bigint,""
pcmtextractmgcplanoptgblvw,mgcoMemGroupID,2,,YES,bigint,bigint,""
pcmtextractmgcplanoptgblvw,contractAffilEffectiveDate,3,,YES,date,date,""
pcmtextractmgcplanoptgblvw,contractAffilExpirationDate,4,,YES,date,date,""
pcmtextractmgcplanoptgblvw,mgcaChangeDateTime,5,"0000-00-00 00:00:00.000",NO,timestamp,timestamp(3),""
pcmtextractmgcplanoptgblvw,mgcaContractAffilStatus,6,,YES,varchar,varchar(2),""
pcmtextractmgcplanoptgblvw,mgcoMemGroupContractID,7,,YES,bigint,bigint,""
pcmtextractmgcplanoptgblvw,mgcoMemGroupContractOptID,8,"0",NO,bigint,bigint,""
pcmtextractmgcplanoptgblvw,contractOptEffectiveDate,9,,YES,date,date,""
pcmtextractmgcplanoptgblvw,contractOptExpirationDate,10,,YES,date,date,""
pcmtextractmgcplanoptgblvw,contractOptHasBeenActivatedInd,11,,YES,smallint,smallint,""
pcmtextractmgcplanoptgblvw,mgcoChangeDateTime,12,"0000-00-00 00:00:00.000",NO,timestamp,timestamp(3),""
pcmtextractmgcplanoptgblvw,mgcoContractOptStatus,13,,YES,char,char(1),""
pcmtextractmgcplanoptgblvw,memGroupContractPlanOptionID,14,"0",NO,bigint,bigint,""
pcmtextractmgcplanoptgblvw,planOptionID,15,,YES,varchar,varchar(8),""
pcmtextractmgcplanoptgblvw,memGroupContractAffilOptID,16,,NO,bigint,bigint,""
producercompmessage,transID,1,,NO,varchar,varchar(80),PRI
producercompmessage,memGroupID,2,,YES,bigint,bigint,""
producercompmessage,msgTimestamp,3,,YES,timestamp,timestamp(3),""
producercompmessage,producerCompMessageStatus,4,,YES,varchar,varchar(1),""
producercompmessage,producerCompPayload,5,,YES,text,text,""
producercompmessage,changeDateTime,6,"0000-00-00 00:00:00.000",NO,timestamp,timestamp(3),MUL
producercompmessage,changeUserID,7,,YES,varchar,varchar(20),""
producercompmessage,createDateTime,8,"0000-00-00 00:00:00.000",NO,timestamp,timestamp(3),""
producercompmessage,createUserID,9,,YES,varchar,varchar(20),""
producercompmessage,updateVersion,10,,YES,int,int,""
producercomptimestamp,memGroupID,1,,NO,bigint,bigint,PRI
producercomptimestamp,msgTimestamp,2,,YES,timestamp,timestamp(3),""
producercomptimestamp,changeDateTime,3,"0000-00-00 00:00:00.000",NO,timestamp,timestamp(3),MUL
producercomptimestamp,changeUserID,4,,YES,varchar,varchar(20),""
producercomptimestamp,createDateTime,5,"0000-00-00 00:00:00.000",NO,timestamp,timestamp(3),""
producercomptimestamp,createUserID,6,,YES,varchar,varchar(20),""
producercomptimestamp,updateVersion,7,,YES,int,int,""
