"TABLE_NAME","COLUMN_NAME","ORDINAL_POSITION","COLUMN_DEFAULT","IS_NULLABLE","DATA_TYPE","COLUMN_TYPE","COLUMN_KEY"
_schema_data_version,installed_rank,1,,NO,int,int,PRI
_schema_data_version,version,2,,YES,varchar,varchar(50),""
_schema_data_version,description,3,,NO,varchar,varchar(200),""
_schema_data_version,type,4,,NO,varchar,varchar(20),""
_schema_data_version,script,5,,NO,varchar,varchar(1000),""
_schema_data_version,checksum,6,,YES,int,int,""
_schema_data_version,installed_by,7,,NO,varchar,varchar(100),""
_schema_data_version,installed_on,8,CURRENT_TIMESTAMP,NO,timestamp,timestamp,""
_schema_data_version,execution_time,9,,NO,int,int,""
_schema_data_version,success,10,,NO,tinyint,tinyint(1),MUL
chkpoint,id,1,,NO,varchar,varchar(100),PRI
chkpoint,sourceposition,2,,YES,blob,blob,""
chkpoint,pendingddl,3,,YES,bit,bit(1),""
chkpoint,ddl,4,,YES,longtext,longtext,""
clinicalaccumsharingerradtdtl,auditDetailID,1,"0",NO,bigint,bigint,PRI
clinicalaccumsharingerradtdtl,clinicalAccumSharingErrorID,2,,YES,bigint,bigint,MUL
clinicalaccumsharingerradtdtl,umExternalID,3,,YES,varchar,varchar(80),""
clinicalaccumsharingerradtdtl,createDateTime,4,"0000-00-00 00:00:00.000",NO,timestamp,timestamp(3),""
clinicalaccumsharingerradtdtl,createUserID,5,,YES,varchar,varchar(20),""
clinicalaccumsharingerradtdtl,changeDateTime,6,"0000-00-00 00:00:00.000",NO,timestamp,timestamp(3),MUL
clinicalaccumsharingerradtdtl,changeUserID,7,,YES,varchar,varchar(20),""
clinicalaccumsharingerradtdtl,updateVersion,8,,YES,int,int,""
clinicalaccumsharingerradtdtl,auditText,9,,YES,varchar,varchar(4000),""
clinicalaccumsharingerradtdtl,tableName,10,,YES,varchar,varchar(32),""
clinicalaccumsharingerror,clinicalAccumSharingErrorID,1,"0",NO,bigint,bigint,PRI
clinicalaccumsharingerror,umReferralID,2,,YES,bigint,bigint,""
clinicalaccumsharingerror,umExternalID,3,,YES,varchar,varchar(80),""
clinicalaccumsharingerror,externalSourceID,4,,YES,varchar,varchar(80),""
clinicalaccumsharingerror,externalClaimID,5,,YES,varchar,varchar(55),""
clinicalaccumsharingerror,approvedUnitCount,6,,YES,int,int,""
clinicalaccumsharingerror,appliedUnitCount,7,,YES,int,int,""
clinicalaccumsharingerror,remainingUnitCount,8,,YES,int,int,""
clinicalaccumsharingerror,clinicalAccumErrorStatus,9,,YES,varchar,varchar(10),""
clinicalaccumsharingerror,clinicalAccumErrorType,10,,YES,varchar,varchar(10),""
clinicalaccumsharingerror,errorMessage,11,,YES,varchar,varchar(2000),""
clinicalaccumsharingerror,transID,12,,YES,varchar,varchar(80),""
clinicalaccumsharingerror,closeNotes,13,,YES,varchar,varchar(2000),""
clinicalaccumsharingerror,lockUserID,14,,YES,char,char(20),""
clinicalaccumsharingerror,closeDateTime,15,,YES,timestamp,timestamp(3),""
clinicalaccumsharingerror,clinicalAccumSharingIbndName,16,,YES,varchar,varchar(100),""
clinicalaccumsharingerror,createDateTime,17,"0000-00-00 00:00:00.000",NO,timestamp,timestamp(3),""
clinicalaccumsharingerror,createUserID,18,,YES,varchar,varchar(20),""
clinicalaccumsharingerror,changeDateTime,19,"0000-00-00 00:00:00.000",NO,timestamp,timestamp(3),MUL
clinicalaccumsharingerror,changeUserID,20,,YES,varchar,varchar(20),""
clinicalaccumsharingerror,updateVersion,21,,YES,int,int,""
clinicalaccumsharingerror,umAuthID,22,,YES,bigint,bigint,""
clinicalaccumsharingerror,umAuthServiceID,23,,YES,bigint,bigint,""
clinicalaccumsharingerror,clinicalAccumType,24,,YES,varchar,varchar(10),""
clinicalaccumsharingerror,itOwnedInd,25,,YES,smallint,smallint,""
clinicalaccumsharingibndadtdtl,auditDetailID,1,"0",NO,bigint,bigint,PRI
clinicalaccumsharingibndadtdtl,clinicalAccumSharingInboundID,2,,YES,bigint,bigint,MUL
clinicalaccumsharingibndadtdtl,auditText,3,,YES,varchar,varchar(4000),""
clinicalaccumsharingibndadtdtl,createDateTime,4,"0000-00-00 00:00:00.000",NO,timestamp,timestamp(3),""
clinicalaccumsharingibndadtdtl,createUserID,5,,YES,varchar,varchar(20),""
clinicalaccumsharingibndadtdtl,changeDateTime,6,"0000-00-00 00:00:00.000",NO,timestamp,timestamp(3),MUL
clinicalaccumsharingibndadtdtl,changeUserID,7,,YES,varchar,varchar(20),""
clinicalaccumsharingibndadtdtl,updateVersion,8,,YES,int,int,""
clinicalaccumsharingibndadtdtl,tableName,9,,YES,varchar,varchar(32),""
clinicalaccumsharinginbound,clinicalAccumSharingInboundID,1,"0",NO,bigint,bigint,PRI
clinicalaccumsharinginbound,clinicalAccumSharingIbndName,2,,YES,varchar,varchar(100),""
clinicalaccumsharinginbound,exceededUnitsErrorType,3,,YES,varchar,varchar(10),""
clinicalaccumsharinginbound,remainingUnitsErrorType,4,,YES,varchar,varchar(10),""
clinicalaccumsharinginbound,createDateTime,5,"0000-00-00 00:00:00.000",NO,timestamp,timestamp(3),""
clinicalaccumsharinginbound,createUserID,6,,YES,varchar,varchar(20),""
clinicalaccumsharinginbound,changeDateTime,7,"0000-00-00 00:00:00.000",NO,timestamp,timestamp(3),MUL
clinicalaccumsharinginbound,changeUserID,8,,YES,varchar,varchar(20),""
clinicalaccumsharinginbound,updateVersion,9,,YES,int,int,""
clinicalaccumsharinginbound,naturalKeyUuid,10,,YES,varchar,varchar(36),""
clinicalaccumsharinginbound,noRecordExistsErrorType,11,,YES,varchar,varchar(10),""
clinicalaccumsharingobndadtdtl,auditDetailID,1,"0",NO,bigint,bigint,PRI
clinicalaccumsharingobndadtdtl,clinicalAccumSharingOutboundID,2,,YES,bigint,bigint,MUL
clinicalaccumsharingobndadtdtl,auditText,3,,YES,varchar,varchar(4000),""
clinicalaccumsharingobndadtdtl,createDateTime,4,"0000-00-00 00:00:00.000",NO,timestamp,timestamp(3),""
clinicalaccumsharingobndadtdtl,createUserID,5,,YES,varchar,varchar(20),""
clinicalaccumsharingobndadtdtl,changeDateTime,6,"0000-00-00 00:00:00.000",NO,timestamp,timestamp(3),MUL
clinicalaccumsharingobndadtdtl,changeUserID,7,,YES,varchar,varchar(20),""
clinicalaccumsharingobndadtdtl,updateVersion,8,,YES,int,int,""
clinicalaccumsharingobndadtdtl,tableName,9,,YES,varchar,varchar(32),""
clinicalaccumsharingoutbound,clinicalAccumSharingOutboundID,1,"0",NO,bigint,bigint,PRI
clinicalaccumsharingoutbound,clinicalAccumType,2,,YES,varchar,varchar(10),""
clinicalaccumsharingoutbound,memGroupExternalIDType,3,,YES,varchar,varchar(4),""
clinicalaccumsharingoutbound,tradingPartnerProfileID,4,,YES,bigint,bigint,""
clinicalaccumsharingoutbound,effectiveDate,5,,YES,date,date,""
clinicalaccumsharingoutbound,expirationDate,6,,YES,date,date,""
clinicalaccumsharingoutbound,createDateTime,7,"0000-00-00 00:00:00.000",NO,timestamp,timestamp(3),""
clinicalaccumsharingoutbound,createUserID,8,,YES,varchar,varchar(20),""
clinicalaccumsharingoutbound,changeDateTime,9,"0000-00-00 00:00:00.000",NO,timestamp,timestamp(3),MUL
clinicalaccumsharingoutbound,changeUserID,10,,YES,varchar,varchar(20),""
clinicalaccumsharingoutbound,updateVersion,11,,YES,int,int,""
clinicalaccumsharingtrans,clinicalAccumSharingTransID,1,"0",NO,bigint,bigint,PRI
clinicalaccumsharingtrans,umReferralID,2,,YES,bigint,bigint,""
clinicalaccumsharingtrans,externalSourceID,3,,YES,varchar,varchar(80),""
clinicalaccumsharingtrans,claimID,4,,YES,bigint,bigint,""
clinicalaccumsharingtrans,claimEventID,5,,YES,bigint,bigint,""
clinicalaccumsharingtrans,externalClaimID,6,,YES,varchar,varchar(55),""
clinicalaccumsharingtrans,txDirection,7,,YES,varchar,varchar(1),""
clinicalaccumsharingtrans,transID,8,,YES,varchar,varchar(80),""
clinicalaccumsharingtrans,accumUmReferralTxID,9,,YES,bigint,bigint,""
clinicalaccumsharingtrans,visitStartDate,10,,YES,date,date,""
clinicalaccumsharingtrans,visitEndDate,11,,YES,date,date,""
clinicalaccumsharingtrans,processDateTime,12,,YES,timestamp,timestamp(3),""
clinicalaccumsharingtrans,createDateTime,13,"0000-00-00 00:00:00.000",NO,timestamp,timestamp(3),""
clinicalaccumsharingtrans,createUserID,14,,YES,varchar,varchar(20),""
clinicalaccumsharingtrans,changeDateTime,15,"0000-00-00 00:00:00.000",NO,timestamp,timestamp(3),MUL
clinicalaccumsharingtrans,changeUserID,16,,YES,varchar,varchar(20),""
clinicalaccumsharingtrans,updateVersion,17,,YES,int,int,""
clinicalaccumsharingtrans,umAuthID,18,,YES,bigint,bigint,""
clinicalaccumsharingtrans,umAuthServiceID,19,,YES,bigint,bigint,""
clinicalaccumsharingtrans,clinicalAccumType,20,,YES,varchar,varchar(10),""
clinicalaccumsharingtrans,accumUmAuthOutpatientTxID,21,,YES,bigint,bigint,""
clinicalaccumsharingtrans,processInd,22,"0",YES,smallint,smallint,""
database_name_1,dbname,1,,NO,varchar,varchar(128),""
database_name_1,id,2,,NO,int,int,PRI
database_name_1,id1,3,,NO,int,int,""
enrollattribderivrule,enrollAttribDerivRuleID,1,,NO,bigint,bigint,PRI
enrollattribderivrule,enrollAttribDerivSchedDetailID,2,,YES,bigint,bigint,MUL
enrollattribderivrule,enrollAttribDerivSchedVersionID,3,,YES,bigint,bigint,""
enrollattribderivrule,enrollAttribDerivRuleType,4,,YES,varchar,varchar(3),""
enrollattribderivrule,processOrderNumber,5,,YES,int,int,""
enrollattribderivrule,derivedTargetAttributeType,6,,YES,varchar,varchar(3),""
enrollattribderivrule,memberAttributeName,7,,YES,varchar,varchar(50),""
enrollattribderivrule,memberCustomAttributeName,8,,YES,varchar,varchar(60),""
enrollattribderivrule,ruleSetName,9,,YES,varchar,varchar(80),""
enrollattribderivrule,calculateBySubscriberInd,10,,YES,smallint,smallint,""
enrollattribderivrule,deleteInd,11,,YES,smallint,smallint,""
enrollattribderivrule,changeDateTime,12,"0000-00-00 00:00:00.000",NO,timestamp,timestamp(3),MUL
enrollattribderivrule,changeUserID,13,,YES,varchar,varchar(20),""
enrollattribderivrule,createDateTime,14,"0000-00-00 00:00:00.000",NO,timestamp,timestamp(3),""
enrollattribderivrule,createUserID,15,,YES,varchar,varchar(20),""
enrollattribderivrule,updateVersion,16,,YES,int,int,""
enrollattribderivrule,enrollAttribDerivType,17,,YES,varchar,varchar(3),""
enrollattribderivrule,memGroupSupplFileID,18,,YES,bigint,bigint,""
enrollattribderivruleextident,enrollAttribDerivRuleExtIdentID,1,,NO,bigint,bigint,PRI
enrollattribderivruleextident,enrollAttribDerivRuleID,2,,YES,bigint,bigint,MUL
enrollattribderivruleextident,enrollAttribDerivSchedDetailID,3,,YES,bigint,bigint,""
enrollattribderivruleextident,enrollAttribDerivSchedVersionID,4,,YES,bigint,bigint,""
enrollattribderivruleextident,memberCustomAttributeName,5,,YES,varchar,varchar(60),""
enrollattribderivruleextident,deleteInd,6,,YES,smallint,smallint,""
enrollattribderivruleextident,changeDateTime,7,"0000-00-00 00:00:00.000",NO,timestamp,timestamp(3),MUL
enrollattribderivruleextident,changeUserID,8,,YES,varchar,varchar(20),""
enrollattribderivruleextident,createDateTime,9,"0000-00-00 00:00:00.000",NO,timestamp,timestamp(3),""
enrollattribderivruleextident,createUserID,10,,YES,varchar,varchar(20),""
enrollattribderivruleextident,updateVersion,11,,YES,int,int,""
enrollattribderivruleextident,concatenateAttributeInd,12,"0",YES,smallint,smallint,""
enrollattribderivruleextident,concatenateOrder,13,,YES,int,int,""
enrollattribderivrulefileident,enrollAttribDerivRuleFileIdentID,1,,NO,bigint,bigint,PRI
enrollattribderivrulefileident,enrollAttribDerivRuleID,2,,YES,bigint,bigint,MUL
enrollattribderivrulefileident,enrollAttribDerivSchedDetailID,3,,YES,bigint,bigint,""
enrollattribderivrulefileident,enrollAttribDerivSchedVersionID,4,,YES,bigint,bigint,""
enrollattribderivrulefileident,inputMemberIdentifier,5,,YES,char,char(3),""
enrollattribderivrulefileident,deleteInd,6,,YES,smallint,smallint,""
enrollattribderivrulefileident,changeDateTime,7,"0000-00-00 00:00:00.000",NO,timestamp,timestamp(3),MUL
enrollattribderivrulefileident,changeUserID,8,,YES,varchar,varchar(20),""
enrollattribderivrulefileident,createDateTime,9,"0000-00-00 00:00:00.000",NO,timestamp,timestamp(3),""
enrollattribderivrulefileident,createUserID,10,,YES,varchar,varchar(20),""
enrollattribderivrulefileident,updateVersion,11,,YES,int,int,""
enrollattribderivruleoptassign,enrollAttribDerivRuleOptAssignID,1,,NO,bigint,bigint,PRI
enrollattribderivruleoptassign,enrollAttribDerivRuleID,2,,YES,bigint,bigint,MUL
enrollattribderivruleoptassign,enrollAttribDerivSchedDetailID,3,,YES,bigint,bigint,""
enrollattribderivruleoptassign,enrollAttribDerivSchedVersionID,4,,YES,bigint,bigint,""
enrollattribderivruleoptassign,contractOptType,5,,YES,varchar,varchar(2),""
enrollattribderivruleoptassign,deleteInd,6,,YES,smallint,smallint,""
enrollattribderivruleoptassign,changeDateTime,7,"0000-00-00 00:00:00.000",NO,timestamp,timestamp(3),MUL
enrollattribderivruleoptassign,changeUserID,8,,YES,varchar,varchar(20),""
enrollattribderivruleoptassign,createDateTime,9,"0000-00-00 00:00:00.000",NO,timestamp,timestamp(3),""
enrollattribderivruleoptassign,createUserID,10,,YES,varchar,varchar(20),""
enrollattribderivruleoptassign,updateVersion,11,,YES,int,int,""
enrollattribderivsched,enrollAttribDerivSchedVersionID,1,,NO,bigint,bigint,PRI
enrollattribderivsched,enrollAttribDerivSchedID,2,,YES,varchar,varchar(40),MUL
enrollattribderivsched,versionNumber,3,,YES,smallint,smallint,""
enrollattribderivsched,versionStatus,4,,YES,char,char(1),""
enrollattribderivsched,schedDescription,5,,YES,varchar,varchar(200),""
enrollattribderivsched,effectiveDate,6,,YES,date,date,""
enrollattribderivsched,expirationDate,7,,YES,date,date,""
enrollattribderivsched,ownerGroupID,8,,YES,varchar,varchar(30),""
enrollattribderivsched,assignedInd,9,,YES,smallint,smallint,""
enrollattribderivsched,activationDateTime,10,,YES,timestamp,timestamp(3),""
enrollattribderivsched,deactivationDateTime,11,,YES,timestamp,timestamp(3),""
enrollattribderivsched,changeDateTime,12,"0000-00-00 00:00:00.000",NO,timestamp,timestamp(3),MUL
enrollattribderivsched,changeUserID,13,,YES,varchar,varchar(20),""
enrollattribderivsched,createDateTime,14,"0000-00-00 00:00:00.000",NO,timestamp,timestamp(3),""
enrollattribderivsched,createUserID,15,,YES,varchar,varchar(20),""
enrollattribderivsched,updateVersion,16,,YES,int,int,""
enrollattribderivschedauditdtl,auditDetailID,1,,NO,bigint,bigint,PRI
enrollattribderivschedauditdtl,enrollAttribDerivSchedVersionID,2,,YES,bigint,bigint,""
enrollattribderivschedauditdtl,tableName,3,,YES,varchar,varchar(32),""
enrollattribderivschedauditdtl,auditText,4,,YES,varchar,varchar(4000),""
enrollattribderivschedauditdtl,changeDateTime,5,"0000-00-00 00:00:00.000",NO,timestamp,timestamp(3),MUL
enrollattribderivschedauditdtl,changeUserID,6,,YES,varchar,varchar(20),""
enrollattribderivschedauditdtl,createDateTime,7,"0000-00-00 00:00:00.000",NO,timestamp,timestamp(3),""
enrollattribderivschedauditdtl,createUserID,8,,YES,varchar,varchar(20),""
enrollattribderivschedauditdtl,updateVersion,9,,YES,int,int,""
enrollattribderivscheddetail,enrollAttribDerivSchedDetailID,1,,NO,bigint,bigint,PRI
enrollattribderivscheddetail,enrollAttribDerivSchedVersionID,2,,YES,bigint,bigint,MUL
enrollattribderivscheddetail,effectiveDate,3,,YES,date,date,""
enrollattribderivscheddetail,expirationDate,4,,YES,date,date,""
enrollattribderivscheddetail,deleteInd,5,,YES,smallint,smallint,""
enrollattribderivscheddetail,changeDateTime,6,"0000-00-00 00:00:00.000",NO,timestamp,timestamp(3),MUL
enrollattribderivscheddetail,changeUserID,7,,YES,varchar,varchar(20),""
enrollattribderivscheddetail,createDateTime,8,"0000-00-00 00:00:00.000",NO,timestamp,timestamp(3),""
enrollattribderivscheddetail,createUserID,9,,YES,varchar,varchar(20),""
enrollattribderivscheddetail,updateVersion,10,,YES,int,int,""
enrollattribderivschednote,noteID,1,,NO,bigint,bigint,PRI
enrollattribderivschednote,enrollAttribDerivSchedVersionID,2,,YES,bigint,bigint,MUL
enrollattribderivschednote,noteSubject,3,,YES,varchar,varchar(50),""
enrollattribderivschednote,noteType,4,,YES,char,char(2),""
enrollattribderivschednote,noteText,5,,YES,varchar,varchar(4000),""
enrollattribderivschednote,changeDateTime,6,"0000-00-00 00:00:00.000",NO,timestamp,timestamp(3),MUL
enrollattribderivschednote,changeUserID,7,,YES,varchar,varchar(20),""
enrollattribderivschednote,createDateTime,8,"0000-00-00 00:00:00.000",NO,timestamp,timestamp(3),""
enrollattribderivschednote,createUserID,9,,YES,varchar,varchar(20),""
enrollattribderivschednote,updateVersion,10,,YES,int,int,""
enrollattribderivschedruleview,enrollAttribDerivSchedVersionID,1,,NO,bigint,bigint,""
enrollattribderivschedruleview,enrollAttribDerivSchedID,2,,YES,varchar,varchar(40),""
enrollattribderivschedruleview,versionNumber,3,,YES,smallint,smallint,""
enrollattribderivschedruleview,versionStatus,4,,YES,char,char(1),""
enrollattribderivschedruleview,schedDescription,5,,YES,varchar,varchar(200),""
enrollattribderivschedruleview,enrollAttribDerivSchedEffectiveDate,6,,YES,date,date,""
enrollattribderivschedruleview,enrollAttribDerivSchedExpirationDate,7,,YES,date,date,""
enrollattribderivschedruleview,ownerGroupID,8,,YES,varchar,varchar(30),""
enrollattribderivschedruleview,assignedInd,9,,YES,smallint,smallint,""
enrollattribderivschedruleview,enrollAttribDerivSchedDetailID,10,,NO,bigint,bigint,""
enrollattribderivschedruleview,enrollAttribDerivSchedDetailEffDate,11,,YES,date,date,""
enrollattribderivschedruleview,enrollAttribDerivSchedDetailExpDate,12,,YES,date,date,""
enrollattribderivschedruleview,enrollAttribDerivSchedDetailDeleteInd,13,,YES,smallint,smallint,""
enrollattribderivschedruleview,enrollAttribDerivRuleID,14,,NO,bigint,bigint,""
enrollattribderivschedruleview,enrollAttribDerivRuleType,15,,YES,varchar,varchar(3),""
enrollattribderivschedruleview,processOrderNumber,16,,YES,int,int,""
enrollattribderivschedruleview,derivedTargetAttributeType,17,,YES,varchar,varchar(3),""
enrollattribderivschedruleview,memberAttributeName,18,,YES,varchar,varchar(50),""
enrollattribderivschedruleview,memberCustomAttributeName,19,,YES,varchar,varchar(60),""
enrollattribderivschedruleview,ruleSetName,20,,YES,varchar,varchar(80),""
enrollattribderivschedruleview,calculateBySubscriberInd,21,,YES,smallint,smallint,""
enrollattribderivschedruleview,enrollAttribDerivRuleDeleteInd,22,,YES,smallint,smallint,""
enrollattribderivschedruleview,enrollAttribDerivType,23,,YES,varchar,varchar(3),""
enrollattribderivschedruleview,memGroupSupplFileID,24,,YES,bigint,bigint,""
enrollattribruleoptassignvw,enrollAttribDerivRuleID,1,,NO,bigint,bigint,""
enrollattribruleoptassignvw,enrollAttribDerivSchedDetailID,2,,YES,bigint,bigint,""
enrollattribruleoptassignvw,enrollAttribDerivSchedVersionID,3,,YES,bigint,bigint,""
enrollattribruleoptassignvw,enrollAttribDerivRuleType,4,,YES,varchar,varchar(3),""
enrollattribruleoptassignvw,processOrderNumber,5,,YES,int,int,""
enrollattribruleoptassignvw,derivedTargetAttributeType,6,,YES,varchar,varchar(3),""
enrollattribruleoptassignvw,memberAttributeName,7,,YES,varchar,varchar(50),""
enrollattribruleoptassignvw,memberCustomAttributeName,8,,YES,varchar,varchar(60),""
enrollattribruleoptassignvw,ruleSetName,9,,YES,varchar,varchar(80),""
enrollattribruleoptassignvw,calculateBySubscriberInd,10,,YES,smallint,smallint,""
enrollattribruleoptassignvw,enrollAttribDerivType,11,,YES,varchar,varchar(3),""
enrollattribruleoptassignvw,memGroupSupplFileID,12,,YES,bigint,bigint,""
enrollattribruleoptassignvw,deleteInd,13,,YES,smallint,smallint,""
enrollattribruleoptassignvw,enrollAttribDerivRuleOptAssignID,14,,YES,bigint,bigint,""
enrollattribruleoptassignvw,contractOptType,15,,YES,varchar,varchar(2),""
enrollmemapplcriteria,enrollMemApplCriteriaID,1,,NO,bigint,bigint,PRI
enrollmemapplcriteria,enrollMemApplSchedDetailID,2,,YES,bigint,bigint,MUL
enrollmemapplcriteria,enrollMemApplSchedVersionID,3,,YES,bigint,bigint,MUL
enrollmemapplcriteria,memberAttributeName,4,,YES,varchar,varchar(50),""
enrollmemapplcriteria,memberAttributeRefCode,5,,YES,varchar,varchar(100),""
enrollmemapplcriteria,deleteInd,6,,YES,smallint,smallint,""
enrollmemapplcriteria,changeDateTime,7,"0000-00-00 00:00:00.000",NO,timestamp,timestamp(3),MUL
enrollmemapplcriteria,changeUserID,8,,YES,varchar,varchar(20),""
enrollmemapplcriteria,createDateTime,9,"0000-00-00 00:00:00.000",NO,timestamp,timestamp(3),""
enrollmemapplcriteria,createUserID,10,,YES,varchar,varchar(20),""
enrollmemapplcriteria,updateVersion,11,,YES,int,int,""
enrollmemapplcriteria,criteriaDescription,12,Using Benefit Status Code for finding members in Cirrus for update,YES,varchar,varchar(1000),""
enrollmemapplcriteriadetail,enrollMemApplCriteriaDetailID,1,,NO,bigint,bigint,PRI
enrollmemapplcriteriadetail,criteriaAttributeType,2,STD,YES,varchar,varchar(10),""
enrollmemapplcriteriadetail,memberAttributeName,3,,YES,varchar,varchar(50),""
enrollmemapplcriteriadetail,memberCustomAttributeName,4,,YES,varchar,varchar(60),""
enrollmemapplcriteriadetail,enrollMemApplCriteriaID,5,,YES,bigint,bigint,MUL
enrollmemapplcriteriadetail,enrollMemApplSchedVersionID,6,,YES,bigint,bigint,MUL
enrollmemapplcriteriadetail,enrollMemApplSchedDetailID,7,,YES,bigint,bigint,MUL
enrollmemapplcriteriadetail,createUserID,8,,YES,varchar,varchar(20),""
enrollmemapplcriteriadetail,createDateTime,9,"0000-00-00 00:00:00.000",NO,timestamp,timestamp(3),""
enrollmemapplcriteriadetail,changeUserID,10,,YES,varchar,varchar(20),""
enrollmemapplcriteriadetail,changeDateTime,11,"0000-00-00 00:00:00.000",NO,timestamp,timestamp(3),MUL
enrollmemapplcriteriadetail,updateVersion,12,,YES,int,int,""
enrollmemapplcriteriadetail,deleteInd,13,,YES,smallint,smallint,""
enrollmemapplcriteriadetailval,enrollMemApplCriteriaDetailValID,1,,NO,bigint,bigint,PRI
enrollmemapplcriteriadetailval,memberAttributeValue,2,,YES,varchar,varchar(100),""
enrollmemapplcriteriadetailval,memberCustomAttributeVal,3,,YES,varchar,varchar(50),""
enrollmemapplcriteriadetailval,enrollMemApplCriteriaDetailID,4,,YES,bigint,bigint,MUL
enrollmemapplcriteriadetailval,enrollMemApplSchedVersionID,5,,YES,bigint,bigint,MUL
enrollmemapplcriteriadetailval,enrollMemApplSchedDetailID,6,,YES,bigint,bigint,MUL
enrollmemapplcriteriadetailval,createUserID,7,,YES,varchar,varchar(20),""
enrollmemapplcriteriadetailval,createDateTime,8,"0000-00-00 00:00:00.000",NO,timestamp,timestamp(3),""
enrollmemapplcriteriadetailval,changeUserID,9,,YES,varchar,varchar(20),""
enrollmemapplcriteriadetailval,changeDateTime,10,"0000-00-00 00:00:00.000",NO,timestamp,timestamp(3),MUL
enrollmemapplcriteriadetailval,updateVersion,11,,YES,int,int,""
enrollmemapplcriteriadetailval,deleteInd,12,,YES,smallint,smallint,""
enrollmemapplsched,enrollMemApplSchedVersionID,1,,NO,bigint,bigint,PRI
enrollmemapplsched,enrollMemApplSchedID,2,,YES,varchar,varchar(40),MUL
enrollmemapplsched,schedDescription,3,,YES,varchar,varchar(200),""
enrollmemapplsched,versionStatus,4,,YES,char,char(1),""
enrollmemapplsched,versionNumber,5,,YES,smallint,smallint,""
enrollmemapplsched,effectiveDate,6,,YES,date,date,""
enrollmemapplsched,expirationDate,7,,YES,date,date,""
enrollmemapplsched,assignedInd,8,,YES,smallint,smallint,""
enrollmemapplsched,activationDateTime,9,,YES,timestamp,timestamp(3),""
enrollmemapplsched,deactivationDateTime,10,,YES,timestamp,timestamp(3),""
enrollmemapplsched,ownerGroupID,11,,YES,varchar,varchar(30),""
enrollmemapplsched,deleteInd,12,,YES,smallint,smallint,""
enrollmemapplsched,changeDateTime,13,"0000-00-00 00:00:00.000",NO,timestamp,timestamp(3),MUL
enrollmemapplsched,changeUserID,14,,YES,varchar,varchar(20),""
enrollmemapplsched,createDateTime,15,"0000-00-00 00:00:00.000",NO,timestamp,timestamp(3),""
enrollmemapplsched,createUserID,16,,YES,varchar,varchar(20),""
enrollmemapplsched,updateVersion,17,,YES,int,int,""
enrollmemapplschedauditdetail,auditDetailID,1,,NO,bigint,bigint,PRI
enrollmemapplschedauditdetail,enrollMemApplSchedVersionID,2,,YES,bigint,bigint,""
enrollmemapplschedauditdetail,tableName,3,,YES,varchar,varchar(32),""
enrollmemapplschedauditdetail,auditText,4,,YES,varchar,varchar(4000),""
enrollmemapplschedauditdetail,changeDateTime,5,"0000-00-00 00:00:00.000",NO,timestamp,timestamp(3),MUL
enrollmemapplschedauditdetail,changeUserID,6,,YES,varchar,varchar(20),""
enrollmemapplschedauditdetail,createDateTime,7,"0000-00-00 00:00:00.000",NO,timestamp,timestamp(3),""
enrollmemapplschedauditdetail,createUserID,8,,YES,varchar,varchar(20),""
enrollmemapplschedauditdetail,updateVersion,9,,YES,int,int,""
enrollmemapplschedcriteriadtvw,enrollMemApplSchedVersionID,1,,NO,bigint,bigint,""
enrollmemapplschedcriteriadtvw,enrollMemApplSchedID,2,,YES,varchar,varchar(40),""
enrollmemapplschedcriteriadtvw,versionStatus,3,,YES,char,char(1),""
enrollmemapplschedcriteriadtvw,applSchedEffectiveDate,4,,YES,date,date,""
enrollmemapplschedcriteriadtvw,applSchedExpirationDate,5,,YES,date,date,""
enrollmemapplschedcriteriadtvw,enrollMemApplSchedDetailID,6,,NO,bigint,bigint,""
enrollmemapplschedcriteriadtvw,applSchedDetailEffectiveDate,7,,YES,date,date,""
enrollmemapplschedcriteriadtvw,applSchedDetailExpirationDate,8,,YES,date,date,""
enrollmemapplschedcriteriadtvw,memberSelection,9,INC,YES,varchar,varchar(10),""
enrollmemapplschedcriteriadtvw,enrollMemApplCriteriaID,10,,NO,bigint,bigint,""
enrollmemapplschedcriteriadtvw,criteriaDescription,11,Using Benefit Status Code for finding members in Cirrus for update,YES,varchar,varchar(1000),""
enrollmemapplschedcriteriadtvw,enrollMemApplCriteriaDetailID,12,,NO,bigint,bigint,""
enrollmemapplschedcriteriadtvw,criteriaAttributeType,13,STD,YES,varchar,varchar(10),""
enrollmemapplschedcriteriadtvw,memberAttributeName,14,,YES,varchar,varchar(50),""
enrollmemapplschedcriteriadtvw,memberCustomAttributeName,15,,YES,varchar,varchar(60),""
enrollmemapplschedcriteriadtvw,updateVersion,16,,YES,int,int,""
enrollmemapplschedcriteriadtvw,deleteInd,17,,YES,smallint,smallint,""
enrollmemapplschedcriteriadtvw,enrollMemApplCriteriaDetailValID,18,,NO,bigint,bigint,""
enrollmemapplschedcriteriadtvw,memberAttributeValue,19,,YES,varchar,varchar(100),""
enrollmemapplschedcriteriadtvw,memberCustomAttributeVal,20,,YES,varchar,varchar(50),""
enrollmemapplscheddetail,enrollMemApplSchedDetailID,1,,NO,bigint,bigint,PRI
enrollmemapplscheddetail,enrollMemApplSchedVersionID,2,,YES,bigint,bigint,MUL
enrollmemapplscheddetail,effectiveDate,3,,YES,date,date,""
enrollmemapplscheddetail,expirationDate,4,,YES,date,date,""
enrollmemapplscheddetail,deleteInd,5,,YES,smallint,smallint,""
enrollmemapplscheddetail,changeDateTime,6,"0000-00-00 00:00:00.000",NO,timestamp,timestamp(3),MUL
enrollmemapplscheddetail,changeUserID,7,,YES,varchar,varchar(20),""
enrollmemapplscheddetail,createDateTime,8,"0000-00-00 00:00:00.000",NO,timestamp,timestamp(3),""
enrollmemapplscheddetail,createUserID,9,,YES,varchar,varchar(20),""
enrollmemapplscheddetail,updateVersion,10,,YES,int,int,""
enrollmemapplscheddetail,memberSelection,11,INC,YES,varchar,varchar(10),""
enrollmemapplschednote,noteID,1,,NO,bigint,bigint,PRI
enrollmemapplschednote,enrollMemApplSchedVersionID,2,,YES,bigint,bigint,MUL
enrollmemapplschednote,noteSubject,3,,YES,varchar,varchar(50),""
enrollmemapplschednote,noteType,4,,YES,char,char(2),""
enrollmemapplschednote,noteText,5,,YES,varchar,varchar(4000),""
enrollmemapplschednote,changeDateTime,6,"0000-00-00 00:00:00.000",NO,timestamp,timestamp(3),MUL
enrollmemapplschednote,changeUserID,7,,YES,varchar,varchar(20),""
enrollmemapplschednote,createDateTime,8,"0000-00-00 00:00:00.000",NO,timestamp,timestamp(3),""
enrollmemapplschednote,createUserID,9,,YES,varchar,varchar(20),""
enrollmemapplschednote,updateVersion,10,,YES,int,int,""
enrollmemapplschedview,enrollMemApplSchedVersionID,1,,NO,bigint,bigint,""
enrollmemapplschedview,enrollMemApplSchedID,2,,YES,varchar,varchar(40),""
enrollmemapplschedview,versionStatus,3,,YES,char,char(1),""
enrollmemapplschedview,effectiveDate,4,,YES,date,date,""
enrollmemapplschedview,expirationDate,5,,YES,date,date,""
enrollmemapplschedview,enrollMemApplSchedDetailID,6,,NO,bigint,bigint,""
enrollmemapplschedview,applSchedDetailEffectiveDate,7,,YES,date,date,""
enrollmemapplschedview,applSchedDetailExpirationDate,8,,YES,date,date,""
enrollmemapplschedview,enrollMemApplCriteriaID,9,,NO,bigint,bigint,""
enrollmemapplschedview,memberAttributeName,10,,YES,varchar,varchar(50),""
enrollmemapplschedview,memberAttributeRefCode,11,,YES,varchar,varchar(100),""
enrollnotifsched,enrollNotifSchedVersionID,1,,NO,bigint,bigint,PRI
enrollnotifsched,enrollNotifSchedID,2,,YES,varchar,varchar(40),""
enrollnotifsched,schedDescription,3,,YES,varchar,varchar(200),""
enrollnotifsched,versionStatus,4,,YES,char,char(1),""
enrollnotifsched,versionNumber,5,,YES,smallint,smallint,""
enrollnotifsched,effectiveDate,6,,YES,date,date,""
enrollnotifsched,expirationDate,7,,YES,date,date,""
enrollnotifsched,assignedInd,8,,YES,smallint,smallint,""
enrollnotifsched,ownerGroupID,9,,YES,varchar,varchar(30),""
enrollnotifsched,activationDateTime,10,,YES,timestamp,timestamp(3),""
enrollnotifsched,deactivationDateTime,11,,YES,timestamp,timestamp(3),""
enrollnotifsched,createDateTime,12,"0000-00-00 00:00:00.000",NO,timestamp,timestamp(3),""
enrollnotifsched,changeDateTime,13,"0000-00-00 00:00:00.000",NO,timestamp,timestamp(3),MUL
enrollnotifsched,createUserID,14,,YES,varchar,varchar(20),""
enrollnotifsched,changeUserID,15,,YES,varchar,varchar(20),""
enrollnotifsched,updateVersion,16,,YES,int,int,""
enrollnotifschedauditdetail,auditDetailID,1,,NO,bigint,bigint,PRI
enrollnotifschedauditdetail,enrollNotifSchedVersionID,2,,YES,bigint,bigint,MUL
enrollnotifschedauditdetail,tableName,3,,YES,varchar,varchar(32),""
enrollnotifschedauditdetail,auditText,4,,YES,varchar,varchar(4000),""
enrollnotifschedauditdetail,createUserID,5,,YES,varchar,varchar(20),""
enrollnotifschedauditdetail,changeUserID,6,,YES,varchar,varchar(20),""
enrollnotifschedauditdetail,createDateTime,7,"0000-00-00 00:00:00.000",NO,timestamp,timestamp(3),""
enrollnotifschedauditdetail,changeDateTime,8,"0000-00-00 00:00:00.000",NO,timestamp,timestamp(3),MUL
enrollnotifschedauditdetail,updateVersion,9,,YES,int,int,""
enrollnotifscheddetail,enrollNotifSchedDetailID,1,,NO,bigint,bigint,PRI
enrollnotifscheddetail,enrollNotifSchedVersionID,2,,YES,bigint,bigint,MUL
enrollnotifscheddetail,enrollNotifSchedID,3,,YES,varchar,varchar(40),""
enrollnotifscheddetail,effectiveDate,4,,YES,date,date,""
enrollnotifscheddetail,expirationDate,5,,YES,date,date,""
enrollnotifscheddetail,nameFirst,6,,YES,varchar,varchar(35),""
enrollnotifscheddetail,nameLast,7,,YES,varchar,varchar(60),""
enrollnotifscheddetail,organizationName,8,,YES,varchar,varchar(255),""
enrollnotifscheddetail,contactType,9,,YES,varchar,varchar(10),""
enrollnotifscheddetail,notificationType,10,,YES,varchar,varchar(10),""
enrollnotifscheddetail,phone,11,,YES,varchar,varchar(36),""
enrollnotifscheddetail,phoneExt,12,,YES,char,char(8),""
enrollnotifscheddetail,nonUSPhoneInd,13,,YES,smallint,smallint,""
enrollnotifscheddetail,email,14,,YES,varchar,varchar(80),""
enrollnotifscheddetail,deleteInd,15,,YES,smallint,smallint,""
enrollnotifscheddetail,createDateTime,16,"0000-00-00 00:00:00.000",NO,timestamp,timestamp(3),""
enrollnotifscheddetail,changeDateTime,17,"0000-00-00 00:00:00.000",NO,timestamp,timestamp(3),MUL
enrollnotifscheddetail,createUserID,18,,YES,varchar,varchar(20),""
enrollnotifscheddetail,changeUserID,19,,YES,varchar,varchar(20),""
enrollnotifscheddetail,updateVersion,20,,YES,int,int,""
enrollnotifscheddetail,contactDesc,21,,YES,varchar,varchar(300),""
enrollnotifschedeventassign,enrollNotifSchedEventAssignID,1,,NO,bigint,bigint,PRI
enrollnotifschedeventassign,enrollNotifSchedVersionID,2,,YES,bigint,bigint,MUL
enrollnotifschedeventassign,enrollNotifSchedID,3,,YES,varchar,varchar(40),""
enrollnotifschedeventassign,enrollNotifSchedDetailID,4,,YES,bigint,bigint,""
enrollnotifschedeventassign,memberAssignEventType,5,,YES,varchar,varchar(10),""
enrollnotifschedeventassign,deleteInd,6,,YES,smallint,smallint,""
enrollnotifschedeventassign,createDateTime,7,"0000-00-00 00:00:00.000",NO,timestamp,timestamp(3),""
enrollnotifschedeventassign,changeDateTime,8,"0000-00-00 00:00:00.000",NO,timestamp,timestamp(3),MUL
enrollnotifschedeventassign,createUserID,9,,YES,varchar,varchar(20),""
enrollnotifschedeventassign,changeUserID,10,,YES,varchar,varchar(20),""
enrollnotifschedeventassign,updateVersion,11,,YES,int,int,""
enrollnotifschedeventassign,actionEventType,12,,YES,varchar,varchar(10),""
enrollnotifschednote,noteID,1,,NO,bigint,bigint,PRI
enrollnotifschednote,enrollNotifSchedVersionID,2,,YES,bigint,bigint,MUL
enrollnotifschednote,noteSubject,3,,YES,varchar,varchar(50),""
enrollnotifschednote,noteType,4,,YES,char,char(2),""
enrollnotifschednote,noteText,5,,YES,varchar,varchar(4000),""
enrollnotifschednote,createUserID,6,,YES,varchar,varchar(20),""
enrollnotifschednote,changeUserID,7,,YES,varchar,varchar(20),""
enrollnotifschednote,createDateTime,8,"0000-00-00 00:00:00.000",NO,timestamp,timestamp(3),""
enrollnotifschednote,changeDateTime,9,"0000-00-00 00:00:00.000",NO,timestamp,timestamp(3),MUL
enrollnotifschednote,updateVersion,10,,YES,int,int,""
enrollprocesssched,enrollProcessSchedVersionID,1,,NO,bigint,bigint,PRI
enrollprocesssched,enrollProcessSchedID,2,,YES,varchar,varchar(40),MUL
enrollprocesssched,schedDescription,3,,YES,varchar,varchar(200),""
enrollprocesssched,versionStatus,4,,YES,char,char(1),""
enrollprocesssched,versionNumber,5,,YES,smallint,smallint,""
enrollprocesssched,effectiveDate,6,,YES,date,date,""
enrollprocesssched,expirationDate,7,,YES,date,date,""
enrollprocesssched,assignedInd,8,,YES,smallint,smallint,""
enrollprocesssched,activationDateTime,9,,YES,timestamp,timestamp(3),""
enrollprocesssched,deactivationDateTime,10,,YES,timestamp,timestamp(3),""
enrollprocesssched,ownerGroupID,11,,YES,varchar,varchar(30),""
enrollprocesssched,deleteInd,12,,YES,smallint,smallint,""
enrollprocesssched,changeDateTime,13,"0000-00-00 00:00:00.000",NO,timestamp,timestamp(3),MUL
enrollprocesssched,changeUserID,14,,YES,varchar,varchar(20),""
enrollprocesssched,createDateTime,15,"0000-00-00 00:00:00.000",NO,timestamp,timestamp(3),""
enrollprocesssched,createUserID,16,,YES,varchar,varchar(20),""
enrollprocesssched,updateVersion,17,,YES,int,int,""
enrollprocessschedauditdetail,auditDetailID,1,,NO,bigint,bigint,PRI
enrollprocessschedauditdetail,enrollProcessSchedVersionID,2,,YES,bigint,bigint,MUL
enrollprocessschedauditdetail,tableName,3,,YES,varchar,varchar(32),""
enrollprocessschedauditdetail,auditText,4,,YES,varchar,varchar(4000),""
enrollprocessschedauditdetail,changeDateTime,5,"0000-00-00 00:00:00.000",NO,timestamp,timestamp(3),MUL
enrollprocessschedauditdetail,changeUserID,6,,YES,varchar,varchar(20),""
enrollprocessschedauditdetail,createDateTime,7,"0000-00-00 00:00:00.000",NO,timestamp,timestamp(3),""
enrollprocessschedauditdetail,createUserID,8,,YES,varchar,varchar(20),""
enrollprocessschedauditdetail,updateVersion,9,,YES,int,int,""
enrollprocessschednote,noteID,1,,NO,bigint,bigint,PRI
enrollprocessschednote,enrollProcessSchedVersionID,2,,YES,bigint,bigint,MUL
enrollprocessschednote,noteSubject,3,,YES,varchar,varchar(50),""
enrollprocessschednote,noteType,4,,YES,char,char(2),""
enrollprocessschednote,noteText,5,,YES,varchar,varchar(4000),""
enrollprocessschednote,changeDateTime,6,"0000-00-00 00:00:00.000",NO,timestamp,timestamp(3),MUL
enrollprocessschednote,changeUserID,7,,YES,varchar,varchar(20),""
enrollprocessschednote,createDateTime,8,"0000-00-00 00:00:00.000",NO,timestamp,timestamp(3),""
enrollprocessschednote,createUserID,9,,YES,varchar,varchar(20),""
enrollprocessschednote,updateVersion,10,,YES,int,int,""
enrollprocessschedrestcriteria,enrollProcessSchedRestCriteriaID,1,,NO,bigint,bigint,PRI
enrollprocessschedrestcriteria,enrollTransactionType,2,,YES,varchar,varchar(20),""
enrollprocessschedrestcriteria,enrollProcessSchedVersionID,3,,YES,bigint,bigint,MUL
enrollprocessschedrestcriteria,deleteInd,4,,YES,smallint,smallint,""
enrollprocessschedrestcriteria,changeDateTime,5,"0000-00-00 00:00:00.000",NO,timestamp,timestamp(3),MUL
enrollprocessschedrestcriteria,changeUserID,6,,YES,varchar,varchar(20),""
enrollprocessschedrestcriteria,createDateTime,7,"0000-00-00 00:00:00.000",NO,timestamp,timestamp(3),""
enrollprocessschedrestcriteria,createUserID,8,,YES,varchar,varchar(20),""
enrollprocessschedrestcriteria,updateVersion,9,,YES,int,int,""
enrollprocessschedresttrans,enrollProcessSchedRestTransID,1,,NO,bigint,bigint,PRI
enrollprocessschedresttrans,restrictedActionType,2,,YES,varchar,varchar(20),""
enrollprocessschedresttrans,restrictedTransactionType,3,,YES,varchar,varchar(20),""
enrollprocessschedresttrans,enrollProcessSchedRestCriteriaID,4,,YES,bigint,bigint,MUL
enrollprocessschedresttrans,enrollProcessSchedVersionID,5,,YES,bigint,bigint,MUL
enrollprocessschedresttrans,deleteInd,6,,YES,smallint,smallint,""
enrollprocessschedresttrans,changeDateTime,7,"0000-00-00 00:00:00.000",NO,timestamp,timestamp(3),MUL
enrollprocessschedresttrans,changeUserID,8,,YES,varchar,varchar(20),""
enrollprocessschedresttrans,createDateTime,9,"0000-00-00 00:00:00.000",NO,timestamp,timestamp(3),""
enrollprocessschedresttrans,createUserID,10,,YES,varchar,varchar(20),""
enrollprocessschedresttrans,updateVersion,11,,YES,int,int,""
enrollprocessschedresttrans,ruleSetName,12,,YES,varchar,varchar(80),""
enrollprocessschedrestview,enrollProcessSchedVersionID,1,,NO,bigint,bigint,""
enrollprocessschedrestview,enrollProcessSchedID,2,,YES,varchar,varchar(40),""
enrollprocessschedrestview,versionStatus,3,,YES,char,char(1),""
enrollprocessschedrestview,enrollProcessSchedEffDate,4,,YES,date,date,""
enrollprocessschedrestview,enrollProcessSchedExpDate,5,,YES,date,date,""
enrollprocessschedrestview,enrollProcessSchedRestCriteriaID,6,,NO,bigint,bigint,""
enrollprocessschedrestview,enrollTransactionType,7,,YES,varchar,varchar(20),""
enrollprocessschedrestview,enrollProcessSchedRestTransID,8,,NO,bigint,bigint,""
enrollprocessschedrestview,restrictedActionType,9,,YES,varchar,varchar(20),""
enrollprocessschedrestview,restrictedTransactionType,10,,YES,varchar,varchar(20),""
enrollprocessschedsettings,enrollProcessSchedSettingsID,1,,NO,bigint,bigint,PRI
enrollprocessschedsettings,enrollProcessSchedVersionID,2,,YES,bigint,bigint,MUL
enrollprocessschedsettings,effectiveDate,3,,YES,date,date,""
enrollprocessschedsettings,expirationDate,4,,YES,date,date,""
enrollprocessschedsettings,idCardNumberSuppliedBySourceInd,5,,YES,smallint,smallint,""
enrollprocessschedsettings,changeDateTime,6,"0000-00-00 00:00:00.000",NO,timestamp,timestamp(3),MUL
enrollprocessschedsettings,changeUserID,7,,YES,varchar,varchar(20),""
enrollprocessschedsettings,createDateTime,8,"0000-00-00 00:00:00.000",NO,timestamp,timestamp(3),""
enrollprocessschedsettings,createUserID,9,,YES,varchar,varchar(20),""
enrollprocessschedsettings,updateVersion,10,,YES,int,int,""
enrollprocessschedsettings,allowDeleteMemMiddleNameInd,11,,YES,smallint,smallint,""
enrollprocessschedsettingsview,enrollProcessSchedVersionID,1,,NO,bigint,bigint,""
enrollprocessschedsettingsview,enrollProcessSchedID,2,,YES,varchar,varchar(40),""
enrollprocessschedsettingsview,versionStatus,3,,YES,char,char(1),""
enrollprocessschedsettingsview,enrollProcessSchedSettingsID,4,,NO,bigint,bigint,""
enrollprocessschedsettingsview,effectiveDate,5,,YES,date,date,""
enrollprocessschedsettingsview,expirationDate,6,,YES,date,date,""
enrollprocessschedsettingsview,idCardNumberSuppliedBySourceInd,7,,YES,smallint,smallint,""
enrollprocessschedsettingsview,allowDeleteMemMiddleNameInd,8,,YES,smallint,smallint,""
enrollprocessschedthld,enrollProcessSchedThldID,1,,NO,bigint,bigint,PRI
enrollprocessschedthld,enrollProcessSchedVersionID,2,,YES,bigint,bigint,MUL
enrollprocessschedthld,effectiveDate,3,,YES,date,date,""
enrollprocessschedthld,expirationDate,4,,YES,date,date,""
enrollprocessschedthld,fileType,5,,YES,varchar,varchar(3),""
enrollprocessschedthld,termByOmissionInd,6,,YES,smallint,smallint,""
enrollprocessschedthld,termByOmissionTermDateType,7,,YES,varchar,varchar(2),""
enrollprocessschedthld,termByOmissionProcessDateType,8,,YES,varchar,varchar(2),""
enrollprocessschedthld,deleteInd,9,,YES,smallint,smallint,""
enrollprocessschedthld,changeDateTime,10,"0000-00-00 00:00:00.000",NO,timestamp,timestamp(3),MUL
enrollprocessschedthld,changeUserID,11,,YES,varchar,varchar(20),""
enrollprocessschedthld,createDateTime,12,"0000-00-00 00:00:00.000",NO,timestamp,timestamp(3),""
enrollprocessschedthld,createUserID,13,,YES,varchar,varchar(20),""
enrollprocessschedthld,updateVersion,14,,YES,int,int,""
enrollprocessschedthld,termByOmissionActionType,15,,YES,varchar,varchar(2),""
enrollprocessschedthld,termUnmatchedContractOptTypeInd,16,"1",YES,smallint,smallint,""
enrollprocessschedthlddetail,enrollProcessSchedThldDetailID,1,,NO,bigint,bigint,PRI
enrollprocessschedthlddetail,enrollProcessSchedThldID,2,,YES,bigint,bigint,MUL
enrollprocessschedthlddetail,enrollProcessSchedVersionID,3,,YES,bigint,bigint,""
enrollprocessschedthlddetail,thresholdType,4,,YES,varchar,varchar(3),""
enrollprocessschedthlddetail,thresholdCalculationMethodType,5,,YES,varchar,varchar(2),""
enrollprocessschedthlddetail,effectiveDate,6,,YES,date,date,""
enrollprocessschedthlddetail,expirationDate,7,,YES,date,date,""
enrollprocessschedthlddetail,deleteInd,8,,YES,smallint,smallint,""
enrollprocessschedthlddetail,changeDateTime,9,"0000-00-00 00:00:00.000",NO,timestamp,timestamp(3),MUL
enrollprocessschedthlddetail,changeUserID,10,,YES,varchar,varchar(20),""
enrollprocessschedthlddetail,createDateTime,11,"0000-00-00 00:00:00.000",NO,timestamp,timestamp(3),""
enrollprocessschedthlddetail,createUserID,12,,YES,varchar,varchar(20),""
enrollprocessschedthlddetail,updateVersion,13,,YES,int,int,""
enrollprocessschedthlddetail,thresholdPercentage,14,,YES,decimal,"decimal(4,1)",""
enrollprocessschedthlddetail,thresholdCount,15,,YES,int,int,""
enrollprocessschedview,enrollProcessSchedVersionID,1,,NO,bigint,bigint,""
enrollprocessschedview,enrollProcessSchedID,2,,YES,varchar,varchar(40),""
enrollprocessschedview,versionStatus,3,,YES,char,char(1),""
enrollprocessschedview,enrollProcessSchedEffDate,4,,YES,date,date,""
enrollprocessschedview,enrollProcessSchedExpDate,5,,YES,date,date,""
enrollprocessschedview,enrollProcessSchedThldID,6,,NO,bigint,bigint,""
enrollprocessschedview,termByOmissionInd,7,,YES,smallint,smallint,""
enrollprocessschedview,termByOmissionTermDateType,8,,YES,varchar,varchar(2),""
enrollprocessschedview,termByOmissionProcessDateType,9,,YES,varchar,varchar(2),""
enrollprocessschedview,fileType,10,,YES,varchar,varchar(3),""
enrollprocessschedview,enrollProcessSchedThldEffDate,11,,YES,date,date,""
enrollprocessschedview,enrollProcessSchedThldExpDate,12,,YES,date,date,""
enrollprocessschedview,enrollProcessSchedThldDetailID,13,,NO,bigint,bigint,""
enrollprocessschedview,thresholdCalculationMethodType,14,,YES,varchar,varchar(2),""
enrollprocessschedview,thresholdCount,15,,YES,int,int,""
enrollprocessschedview,thresholdPercentage,16,,YES,decimal,"decimal(4,1)",""
enrollprocessschedview,thresholdType,17,,YES,varchar,varchar(3),""
enrollprocessschedview,enrollProcessSchedThldDtlEffDate,18,,YES,date,date,""
enrollprocessschedview,enrollProcessSchedThldDtlExpDate,19,,YES,date,date,""
enrollprofschedview,enrollProfSetID,1,,YES,varchar,varchar(40),""
enrollprofschedview,enrollProfSetVersionID,2,,YES,bigint,bigint,""
enrollprofschedview,enrollAttribDerivSchedID,3,,YES,varchar,varchar(40),""
enrollprofschedview,enrollAttribDerivSchedVersionID,4,,NO,bigint,bigint,""
enrollprofschedview,effectiveDate,5,,YES,date,date,""
enrollprofschedview,expirationDate,6,,YES,date,date,""
enrollprofschedview,schedDescription,7,,YES,varchar,varchar(200),""
enrollprofschedview,versionStatus,8,,YES,char,char(1),""
enrollprofschedview,versionNumber,9,,YES,smallint,smallint,""
enrollprofschedview,assignedInd,10,,YES,smallint,smallint,""
enrollprofschedview,ownerGroupID,11,,YES,varchar,varchar(30),""
enrollprofset,enrollProfSetVersionID,1,,NO,bigint,bigint,PRI
enrollprofset,enrollProfSetID,2,,YES,varchar,varchar(40),""
enrollprofset,versionNumber,3,,YES,smallint,smallint,""
enrollprofset,setStatus,4,,YES,char,char(1),""
enrollprofset,setDescription,5,,YES,varchar,varchar(100),""
enrollprofset,ownerGroupID,6,,YES,varchar,varchar(30),""
enrollprofset,doNotAssignInd,7,,YES,smallint,smallint,""
enrollprofset,assignedInd,8,,YES,smallint,smallint,""
enrollprofset,lockedMemGroupID,9,,YES,bigint,bigint,""
enrollprofset,activationDateTime,10,,YES,timestamp,timestamp(3),""
enrollprofset,deactivationDateTime,11,,YES,timestamp,timestamp(3),""
enrollprofset,changeDateTime,12,"0000-00-00 00:00:00.000",NO,timestamp,timestamp(3),MUL
enrollprofset,changeUserID,13,,YES,varchar,varchar(20),""
enrollprofset,createDateTime,14,"0000-00-00 00:00:00.000",NO,timestamp,timestamp(3),""
enrollprofset,createUserID,15,,YES,varchar,varchar(20),""
enrollprofset,updateVersion,16,,YES,int,int,""
enrollprofsetauditdetail,auditDetailID,1,,NO,bigint,bigint,PRI
enrollprofsetauditdetail,enrollProfSetVersionID,2,,YES,bigint,bigint,""
enrollprofsetauditdetail,tableName,3,,YES,varchar,varchar(32),""
enrollprofsetauditdetail,auditText,4,,YES,varchar,varchar(4000),""
enrollprofsetauditdetail,changeDateTime,5,"0000-00-00 00:00:00.000",NO,timestamp,timestamp(3),MUL
enrollprofsetauditdetail,changeUserID,6,,YES,varchar,varchar(20),""
enrollprofsetauditdetail,createDateTime,7,"0000-00-00 00:00:00.000",NO,timestamp,timestamp(3),""
enrollprofsetauditdetail,createUserID,8,,YES,varchar,varchar(20),""
enrollprofsetauditdetail,updateVersion,9,,YES,int,int,""
enrollprofsetnote,noteID,1,,NO,bigint,bigint,PRI
enrollprofsetnote,enrollProfSetVersionID,2,,YES,bigint,bigint,MUL
enrollprofsetnote,noteSubject,3,,YES,varchar,varchar(50),""
enrollprofsetnote,noteType,4,,YES,char,char(2),""
enrollprofsetnote,noteText,5,,YES,varchar,varchar(4000),""
enrollprofsetnote,changeDateTime,6,"0000-00-00 00:00:00.000",NO,timestamp,timestamp(3),MUL
enrollprofsetnote,changeUserID,7,,YES,varchar,varchar(20),""
enrollprofsetnote,createDateTime,8,"0000-00-00 00:00:00.000",NO,timestamp,timestamp(3),""
enrollprofsetnote,createUserID,9,,YES,varchar,varchar(20),""
enrollprofsetnote,updateVersion,10,,YES,int,int,""
enrollprofsetschedassign,enrollProfSetSchedAssignID,1,,NO,bigint,bigint,PRI
enrollprofsetschedassign,enrollProfSetVersionID,2,,YES,bigint,bigint,MUL
enrollprofsetschedassign,effectiveDate,3,,YES,date,date,""
enrollprofsetschedassign,expirationDate,4,,YES,date,date,""
enrollprofsetschedassign,deleteInd,5,,YES,smallint,smallint,""
enrollprofsetschedassign,enrollAttribDerivSchedID,6,,YES,varchar,varchar(40),""
enrollprofsetschedassign,defaultSchedInd,7,"0",YES,smallint,smallint,""
enrollprofsetschedassign,bypassAttribDerivSchedInd,8,"0",YES,smallint,smallint,""
enrollprofsetschedassign,changeDateTime,9,"0000-00-00 00:00:00.000",NO,timestamp,timestamp(3),MUL
enrollprofsetschedassign,changeUserID,10,,YES,varchar,varchar(20),""
enrollprofsetschedassign,createDateTime,11,"0000-00-00 00:00:00.000",NO,timestamp,timestamp(3),""
enrollprofsetschedassign,createUserID,12,,YES,varchar,varchar(20),""
enrollprofsetschedassign,updateVersion,13,,YES,int,int,""
enrollprofsetschedassign,enrollMemApplSchedID,14,,YES,varchar,varchar(40),""
enrollprofsetschedassign,bypassMemApplSchedInd,15,,YES,smallint,smallint,""
enrollprofsetschedassign,enrollProcessSchedID,16,,YES,varchar,varchar(40),""
enrollprofsetschedassign,editSchedID,17,,YES,varchar,varchar(40),""
enrollprofsetschedassign,bypassEnrollProcessSchedInd,18,,YES,smallint,smallint,""
enrollprofsetschedassign,enrollNotifSchedID,19,,YES,varchar,varchar(40),""
enrollprofsetschedassign,bypassNotifSchedInd,20,,YES,smallint,smallint,""
enrollprofsetview,enrollProfSetVersionID,1,,NO,bigint,bigint,""
enrollprofsetview,enrollProfSetID,2,,YES,varchar,varchar(40),""
enrollprofsetview,lockedMemGroupID,3,,YES,bigint,bigint,""
enrollprofsetview,setStatus,4,,YES,char,char(1),""
enrollprofsetview,enrollProfSetSchedAssignID,5,,NO,bigint,bigint,""
enrollprofsetview,enrollAttribDerivSchedID,6,,YES,varchar,varchar(40),""
enrollprofsetview,enrollMemApplSchedID,7,,YES,varchar,varchar(40),""
enrollprofsetview,editSchedID,8,,YES,varchar,varchar(40),""
enrollprofsetview,enrollProcessSchedID,9,,YES,varchar,varchar(40),""
enrollprofsetview,enrollNotifSchedID,10,,YES,varchar,varchar(40),""
enrollprofsetview,enrollProfSetSchedAssignEffDate,11,,YES,date,date,""
enrollprofsetview,enrollProfSetSchedAssignExpDate,12,,YES,date,date,""
enrollprofsetview,enrollProfSrcIdentID,13,,NO,bigint,bigint,""
enrollprofsetview,sourceIdentifierType,14,,YES,varchar,varchar(3),""
enrollprofsetview,sourceIdentifierValue,15,,YES,varchar,varchar(50),""
enrollprofsetview,deleteInd,16,,YES,smallint,smallint,""
enrollprofsrcident,enrollProfSrcIdentID,1,,NO,bigint,bigint,PRI
enrollprofsrcident,enrollProfSetSchedAssignID,2,,YES,bigint,bigint,MUL
enrollprofsrcident,enrollProfSetVersionID,3,,YES,bigint,bigint,""
enrollprofsrcident,sourceIdentifierType,4,,YES,varchar,varchar(3),""
enrollprofsrcident,sourceIdentifierValue,5,,YES,varchar,varchar(50),""
enrollprofsrcident,deleteInd,6,,YES,smallint,smallint,""
enrollprofsrcident,changeDateTime,7,"0000-00-00 00:00:00.000",NO,timestamp,timestamp(3),MUL
enrollprofsrcident,changeUserID,8,,YES,varchar,varchar(20),""
enrollprofsrcident,createDateTime,9,"0000-00-00 00:00:00.000",NO,timestamp,timestamp(3),""
enrollprofsrcident,createUserID,10,,YES,varchar,varchar(20),""
enrollprofsrcident,updateVersion,11,,YES,int,int,""
eventlogmember,eventLogID,1,,NO,bigint,bigint,PRI
eventlogmember,eventName,2,,YES,varchar,varchar(300),""
eventlogmember,payload,3,,YES,varchar,varchar(4000),""
eventlogmember,eventStatus,4,,YES,varchar,varchar(100),MUL
eventlogmember,abandonedInd,5,,YES,smallint,smallint,MUL
eventlogmember,transID,6,,YES,varchar,varchar(80),MUL
eventlogmember,previousEventLogID,7,,YES,bigint,bigint,""
eventlogmember,nextEventLogID,8,,YES,bigint,bigint,""
eventlogmember,attemptsToProcessCount,9,,YES,int,int,""
eventlogmember,changeDateTime,10,"0000-00-00 00:00:00.000",NO,timestamp,timestamp(3),MUL
eventlogmember,changeUserID,11,,YES,varchar,varchar(20),""
eventlogmember,createDateTime,12,"0000-00-00 00:00:00.000",NO,timestamp,timestamp(3),MUL
eventlogmember,createUserID,13,,YES,varchar,varchar(20),""
eventlogmember,updateVersion,14,,YES,int,int,""
joinmemberaddressview,memberID,1,"0",NO,bigint,bigint,""
joinmemberaddressview,nameFirst,2,,YES,varchar,varchar(35),""
joinmemberaddressview,nameLast,3,,YES,varchar,varchar(60),""
joinmemberaddressview,nameMiddle,4,,YES,varchar,varchar(60),""
joinmemberaddressview,gender,5,,YES,char,char(1),""
joinmemberaddressview,birthDate,6,,YES,date,date,""
joinmemberaddressview,memberExternalID,7,,YES,varchar,varchar(50),""
joinmemberaddressview,postalCode,8,,YES,varchar,varchar(20),""
joinmemberaddressview,state,9,,YES,char,char(2),""
joinmemberaddressview,memberExternalIDType,10,,YES,char,char(3),""
joinmemberaddressview,nameSuffix,11,,YES,char,char(10),""
joinmemberaddressview,memberAddressID,12,"0",YES,bigint,bigint,""
joinmemberaddressview,addressEffectiveDate,13,,YES,date,date,""
joinmemberaddressview,addressExpirationDate,14,,YES,date,date,""
mbrinterventionpgm,mbrInterventionPgmID,1,,NO,bigint,bigint,PRI
mbrinterventionpgm,memberID,2,,YES,bigint,bigint,MUL
mbrinterventionpgm,providerTIN,3,,YES,varchar,varchar(80),""
mbrinterventionpgm,effectiveDate,4,,YES,date,date,""
mbrinterventionpgm,expirationDate,5,,YES,date,date,""
mbrinterventionpgm,mbrInterventionPgmType,6,,YES,char,char(2),""
mbrinterventionpgm,dcnID,7,,YES,char,char(80),""
mbrinterventionpgm,mbrInterventionPgmState,8,,YES,char,char(2),""
mbrinterventionpgm,applyEOCInd,9,"0",YES,smallint,smallint,""
mbrinterventionpgm,waiveMbrCostShareInd,10,"0",YES,smallint,smallint,""
mbrinterventionpgm,changeDateTime,11,"0000-00-00 00:00:00.000",NO,timestamp,timestamp(3),MUL
mbrinterventionpgm,changeUserID,12,,YES,varchar,varchar(20),""
mbrinterventionpgm,createDateTime,13,"0000-00-00 00:00:00.000",NO,timestamp,timestamp(3),""
mbrinterventionpgm,createUserID,14,,YES,varchar,varchar(20),""
mbrinterventionpgm,updateVersion,15,,YES,int,int,""
mbrinterventionpgmdtl,mbrInterventionPgmDtlID,1,,NO,bigint,bigint,PRI
mbrinterventionpgmdtl,mbrInterventionPgmID,2,,YES,bigint,bigint,MUL
mbrinterventionpgmdtl,serviceType,3,,YES,varchar,varchar(50),""
mbrinterventionpgmdtl,serviceLocation,4,,YES,varchar,varchar(50),""
mbrinterventionpgmdtl,serviceFrequency,5,,YES,varchar,varchar(50),""
mbrinterventionpgmdtl,serviceDuration,6,,YES,varchar,varchar(50),""
mbrinterventionpgmdtl,serviceStartDate,7,,YES,date,date,""
mbrinterventionpgmdtl,serviceEndDate,8,,YES,date,date,""
mbrinterventionpgmdtl,memberID,9,,YES,bigint,bigint,""
mbrinterventionpgmdtl,changeDateTime,10,"0000-00-00 00:00:00.000",NO,timestamp,timestamp(3),MUL
mbrinterventionpgmdtl,changeUserID,11,,YES,varchar,varchar(20),""
mbrinterventionpgmdtl,createDateTime,12,"0000-00-00 00:00:00.000",NO,timestamp,timestamp(3),""
mbrinterventionpgmdtl,createUserID,13,,YES,varchar,varchar(20),""
mbrinterventionpgmdtl,updateVersion,14,,YES,int,int,""
mbrinterventionpgmrvw,mbrInterventionPgmRvwID,1,,NO,bigint,bigint,PRI
mbrinterventionpgmrvw,mbrInterventionPgmID,2,,YES,bigint,bigint,MUL
mbrinterventionpgmrvw,reviewerFirstName,3,,YES,varchar,varchar(35),""
mbrinterventionpgmrvw,reviewerLastName,4,,YES,varchar,varchar(40),""
mbrinterventionpgmrvw,reviewerCredential,5,,YES,varchar,varchar(10),""
mbrinterventionpgmrvw,reviewDeterminationDate,6,,YES,timestamp,timestamp(3),""
mbrinterventionpgmrvw,reviewNoteText,7,,YES,varchar,varchar(4000),""
mbrinterventionpgmrvw,letterSentDate,8,,YES,date,date,""
mbrinterventionpgmrvw,claimID,9,,YES,bigint,bigint,""
mbrinterventionpgmrvw,memberID,10,,YES,bigint,bigint,""
mbrinterventionpgmrvw,changeDateTime,11,"0000-00-00 00:00:00.000",NO,timestamp,timestamp(3),MUL
mbrinterventionpgmrvw,changeUserID,12,,YES,varchar,varchar(20),""
mbrinterventionpgmrvw,createDateTime,13,"0000-00-00 00:00:00.000",NO,timestamp,timestamp(3),""
mbrinterventionpgmrvw,createUserID,14,,YES,varchar,varchar(20),""
mbrinterventionpgmrvw,updateVersion,15,,YES,int,int,""
mbrinterventionpgmrvwdtl,mbrInterventionPgmRvwDtlID,1,,NO,bigint,bigint,PRI
mbrinterventionpgmrvwdtl,mbrInterventionPgmRvwID,2,,YES,bigint,bigint,MUL
mbrinterventionpgmrvwdtl,reviewDecision,3,,YES,char,char(1),""
mbrinterventionpgmrvwdtl,variableContentID,4,,YES,varchar,varchar(10),""
mbrinterventionpgmrvwdtl,serviceStartDate,5,,YES,date,date,""
mbrinterventionpgmrvwdtl,serviceEndDate,6,,YES,date,date,""
mbrinterventionpgmrvwdtl,serviceType,7,,YES,varchar,varchar(50),""
mbrinterventionpgmrvwdtl,memberID,8,,YES,bigint,bigint,""
mbrinterventionpgmrvwdtl,changeDateTime,9,"0000-00-00 00:00:00.000",NO,timestamp,timestamp(3),MUL
mbrinterventionpgmrvwdtl,changeUserID,10,,YES,varchar,varchar(20),""
mbrinterventionpgmrvwdtl,createDateTime,11,"0000-00-00 00:00:00.000",NO,timestamp,timestamp(3),""
mbrinterventionpgmrvwdtl,createUserID,12,,YES,varchar,varchar(20),""
mbrinterventionpgmrvwdtl,updateVersion,13,,YES,int,int,""
mbrinterventionpgmrvwdtl,numberOfApprovedVisits,14,,YES,int,int,""
memaddressduplicatevw,memberAddressID,1,"0",NO,bigint,bigint,""
memaddressduplicatevw,memberID,2,,YES,bigint,bigint,""
memaddressduplicatevw,state,3,,YES,char,char(2),""
memaddressduplicatevw,addressType,4,,YES,char,char(4),""
memaddressduplicatevw,effectiveDate,5,,YES,date,date,""
memaddressduplicatevw,expirationDate,6,,YES,date,date,""
member,memberID,1,"0",NO,bigint,bigint,PRI
member,nameLast,2,,YES,varchar,varchar(60),MUL
member,nameFirst,3,,YES,varchar,varchar(35),""
member,nameMiddle,4,,YES,varchar,varchar(60),""
member,nameSalutation,5,,YES,char,char(10),""
member,birthSequenceNum,6,,YES,int,int,""
member,nameSuffix,7,,YES,char,char(10),""
member,gender,8,,YES,char,char(1),MUL
member,birthDate,9,,YES,date,date,MUL
member,deceasedDate,10,,YES,date,date,""
member,ethnicity,11,,YES,char,char(1),""
member,maritalStatus,12,,YES,char,char(1),""
member,citizenshipStatus,13,,YES,char,char(2),""
member,privacyType,14,,YES,char,char(1),""
member,reviewClaimsInd,15,,YES,smallint,smallint,""
member,changeDateTime,16,"0000-00-00 00:00:00.000",NO,timestamp,timestamp(3),MUL
member,changeUserID,17,,YES,varchar,varchar(20),""
member,createDateTime,18,"0000-00-00 00:00:00.000",NO,timestamp,timestamp(3),""
member,createUserID,19,,YES,varchar,varchar(20),""
member,updateVersion,20,,YES,int,int,""
member,nameSuffixTitle,21,,YES,varchar,varchar(10),""
member,ssnStatusType,22,,YES,varchar,varchar(3),""
member,preferredCommMethodType,23,,YES,varchar,varchar(3),""
member,preferredCorrespondenceType,24,,YES,varchar,varchar(3),""
member,raceEthnicityLangCollectCode,25,,YES,varchar,varchar(3),""
member,nameFirstNoSpecialCharacters,26,,YES,varchar,varchar(35),MUL
member,nameLastNoSpecialCharacters,27,,YES,varchar,varchar(60),MUL
member,nameMiddleNoSpecialCharacters,28,,YES,varchar,varchar(60),""
member,claimAuditType,29,,YES,varchar,varchar(10),""
member,claimAuditInd,30,,YES,smallint,smallint,""
member,appealQueueGroupID,31,,YES,varchar,varchar(30),""
member,alternateNameFirst,32,,YES,varchar,varchar(35),""
member,deleteInd,33,"0",YES,smallint,smallint,""
member_bb_fields,field_name,1,,NO,varchar,varchar(40),PRI
member_bb_fields,data_type,2,,YES,varchar,varchar(50),""
member_bb_fields,field_length,3,,YES,varchar,varchar(50),""
member_bb_fields,field_precision,4,,YES,varchar,varchar(50),""
member_bb_fields,descriptionText,5,,YES,varchar,varchar(2000),""
member_bb_fields,doubleclick_uri,6,,YES,varchar,varchar(500),""
member_bb_fields,doubleclick,7,,YES,varchar,varchar(500),""
member_bb_fields,uppercaseonly,8,,YES,smallint,smallint,""
member_bb_fields,field_xref,9,,YES,varchar,varchar(50),""
member_bb_fields,createDateTime,10,"0000-00-00 00:00:00.000",NO,timestamp,timestamp(3),""
member_bb_fields,createUserID,11,,YES,varchar,varchar(20),""
member_bb_fields,changeDateTime,12,"0000-00-00 00:00:00.000",NO,timestamp,timestamp(3),MUL
member_bb_fields,changeUserID,13,,YES,varchar,varchar(20),""
member_bb_fields,updateVersion,14,,YES,int,int,""
member_bb_message,propertyKey,1,,NO,varchar,varchar(100),PRI
member_bb_message,propertyValue,2,,YES,varchar,varchar(1000),""
member_bb_table_cache,table_name,1,,NO,varchar,varchar(30),PRI
member_bb_table_cache,jmsdest,2,,NO,varchar,varchar(200),PRI
member_bb_table_cache,cachesize,3,,YES,varchar,varchar(20),""
member_bb_table_cache,cachetype,4,,YES,varchar,varchar(6),""
member_bb_table_cache,cacheparams,5,,YES,varchar,varchar(100),""
member_bb_table_cache,cachekey,6,,YES,varchar,varchar(100),""
member_bb_table_fields,table_name,1,,NO,varchar,varchar(30),PRI
member_bb_table_fields,field_name,2,,NO,varchar,varchar(40),PRI
member_bb_table_fields,sort_num,3,,YES,varchar,varchar(50),""
member_bb_table_fields,primary_key,4,,YES,smallint,smallint,""
member_bb_table_fields,incremented_key,5,,YES,smallint,smallint,""
member_bb_table_fields,hilo_block_size,6,,YES,int,int,""
member_bb_table_fields,seq_name,7,,YES,varchar,varchar(50),""
member_bb_table_fields,required,8,,YES,smallint,smallint,""
member_bb_table_fields,phi,9,,YES,smallint,smallint,""
member_bb_table_fields,fkey_table,10,,YES,varchar,varchar(50),""
member_bb_table_fields,fkey_field,11,,YES,varchar,varchar(50),""
member_bb_table_fields,encrypt,12,,YES,smallint,smallint,""
member_bb_table_fields,createDateTime,13,"0000-00-00 00:00:00.000",NO,timestamp,timestamp(3),""
member_bb_table_fields,createUserID,14,,YES,varchar,varchar(20),""
member_bb_table_fields,changeDateTime,15,"0000-00-00 00:00:00.000",NO,timestamp,timestamp(3),MUL
member_bb_table_fields,changeUserID,16,,YES,varchar,varchar(20),""
member_bb_table_fields,updateVersion,17,,YES,int,int,""
member_bb_table_fields,natural_key,18,,YES,smallint,smallint,""
member_bb_table_fields,virtual_column_expression,19,,YES,varchar,varchar(100),""
member_bb_table_fields,dbOnly,20,,YES,smallint,smallint,""
member_bb_table_fields,column_default,21,,YES,varchar,varchar(100),""
member_bb_table_fields,extra,22,,YES,varchar,varchar(100),""
member_bb_tables,table_name,1,,NO,varchar,varchar(30),PRI
member_bb_tables,descriptionText,2,,YES,varchar,varchar(2000),""
member_bb_tables,voclass,3,,YES,varchar,varchar(200),""
member_bb_tables,daoclass,4,,YES,varchar,varchar(100),""
member_bb_tables,daoclassimpl,5,,YES,varchar,varchar(1000),""
member_bb_tables,auditnotestable,6,,YES,varchar,varchar(50),""
member_bb_tables,view_indicator,7,,YES,smallint,smallint,""
member_bb_tables,virtual_indicator,8,,YES,smallint,smallint,""
member_bb_tables,under_construction,9,,YES,smallint,smallint,""
member_bb_tables,secured,10,,YES,smallint,smallint,""
member_bb_tables,logHistory,11,,YES,smallint,smallint,""
member_bb_tables,num_pk_index_partitions,12,,YES,int,int,""
member_bb_tables,dbOnly,13,,YES,smallint,smallint,""
member_bb_tables,createDateTime,14,"0000-00-00 00:00:00.000",NO,timestamp,timestamp(3),""
member_bb_tables,createUserID,15,,YES,varchar,varchar(20),""
member_bb_tables,changeDateTime,16,"0000-00-00 00:00:00.000",NO,timestamp,timestamp(3),MUL
member_bb_tables,changeUserID,17,,YES,varchar,varchar(20),""
member_bb_tables,updateVersion,18,,YES,int,int,""
member_bb_tables,fKeyAlias,19,,YES,varchar,varchar(14),""
member_bb_tables,archiveTableName,20,,YES,varchar,varchar(50),""
member_bb_tables,domain,21,,YES,varchar,varchar(50),""
member_bb_tables,disable_changeDateTime_index,22,,YES,smallint,smallint,""
member_bb_tables,row_format,23,,YES,varchar,varchar(40),""
member_bb_tf_x_f,table_name,1,,NO,varchar,varchar(30),""
member_bb_tf_x_f,field_name,2,,NO,varchar,varchar(40),""
member_bb_tf_x_f,sort_num,3,,YES,varchar,varchar(50),""
member_bb_tf_x_f,data_type,4,,YES,varchar,varchar(50),""
member_bb_tf_x_f,field_length,5,,YES,varchar,varchar(50),""
member_bb_tf_x_f,field_precision,6,,YES,varchar,varchar(50),""
member_bb_tf_x_f,field_descriptiontext,7,,YES,varchar,varchar(2000),""
member_bb_tf_x_f,uppercaseonly,8,,YES,smallint,smallint,""
member_bb_tf_x_f,primary_key,9,,YES,smallint,smallint,""
member_bb_tf_x_f,field_xref,10,,YES,varchar,varchar(50),""
member_bb_tf_x_f,table_descriptiontext,11,,YES,varchar,varchar(2000),""
member_bb_tf_x_f,table_or_view,12,"",NO,varchar,varchar(5),""
member_schema_version,installed_rank,1,,NO,int,int,PRI
member_schema_version,version,2,,YES,varchar,varchar(50),""
member_schema_version,description,3,,NO,varchar,varchar(200),""
member_schema_version,type,4,,NO,varchar,varchar(20),""
member_schema_version,script,5,,NO,varchar,varchar(1000),""
member_schema_version,checksum,6,,YES,int,int,""
member_schema_version,installed_by,7,,NO,varchar,varchar(100),""
member_schema_version,installed_on,8,CURRENT_TIMESTAMP,NO,timestamp,timestamp,""
member_schema_version,execution_time,9,,NO,int,int,""
member_schema_version,success,10,,NO,tinyint,tinyint(1),MUL
memberactionevent,memberActionEventID,1,,NO,bigint,bigint,PRI
memberactionevent,memGroupID,2,,YES,bigint,bigint,MUL
memberactionevent,memberID,3,,YES,bigint,bigint,MUL
memberactionevent,subsAffiliationID,4,,YES,bigint,bigint,MUL
memberactionevent,actionEventType,5,,YES,varchar,varchar(10),""
memberactionevent,actionEventStatus,6,,YES,varchar,varchar(3),""
memberactionevent,scheduledRunDate,7,,YES,date,date,""
memberactionevent,actualRunDate,8,,YES,date,date,""
memberactionevent,eventPayload,9,,YES,text,text,""
memberactionevent,approvedByUserID,10,,YES,varchar,varchar(20),""
memberactionevent,parentMemberActionEventID,11,,YES,bigint,bigint,MUL
memberactionevent,alphaParentMemberActionEventID,12,,YES,bigint,bigint,MUL
memberactionevent,enrollCategory,13,,YES,varchar,varchar(10),""
memberactionevent,enrollTransCategory,14,,YES,varchar,varchar(10),""
memberactionevent,sourceEntityType,15,,YES,varchar,varchar(10),""
memberactionevent,sourceEntityID,16,,YES,varchar,varchar(50),""
memberactionevent,subEventInd,17,,YES,smallint,smallint,""
memberactionevent,serviceJobID,18,,YES,varchar,varchar(256),MUL
memberactionevent,executionID,19,,YES,varchar,varchar(256),MUL
memberactionevent,changeDateTime,20,"0000-00-00 00:00:00.000",NO,timestamp,timestamp(3),MUL
memberactionevent,changeUserID,21,,YES,varchar,varchar(20),""
memberactionevent,createDateTime,22,"0000-00-00 00:00:00.000",NO,timestamp,timestamp(3),""
memberactionevent,createUserID,23,,YES,varchar,varchar(20),""
memberactionevent,updateVersion,24,,YES,int,int,""
memberactionevent,processOrderNumber,25,"1",YES,int,int,""
memberactionevent,parentSubsAffiliationID,26,,YES,bigint,bigint,""
memberactionevent,sourceEventEntityType,27,,YES,varchar,varchar(10),""
memberactionevent,enrollSourceSystemType,28,,YES,varchar,varchar(10),""
memberactioneventarchive,memberActionEventArchiveID,1,,NO,bigint,bigint,PRI
memberactioneventarchive,memberActionEventID,2,,YES,bigint,bigint,""
memberactioneventarchive,memGroupID,3,,YES,bigint,bigint,""
memberactioneventarchive,memberID,4,,YES,bigint,bigint,""
memberactioneventarchive,actionEventType,5,,YES,varchar,varchar(10),""
memberactioneventarchive,jobSeqNum,6,,YES,int,int,""
memberactioneventarchive,changeDateTime,7,"0000-00-00 00:00:00.000",NO,timestamp,timestamp(3),MUL
memberactioneventarchive,changeUserID,8,,YES,varchar,varchar(20),""
memberactioneventarchive,createDateTime,9,"0000-00-00 00:00:00.000",NO,timestamp,timestamp(3),""
memberactioneventarchive,createUserID,10,,YES,varchar,varchar(20),""
memberactioneventarchive,updateVersion,11,,YES,int,int,""
memberactioneventarchive,payloadTransID,12,,YES,varchar,varchar(80),""
memberactioneventprovattrview,actionEventType,1,,YES,varchar,varchar(10),""
memberactioneventprovattrview,memberActionEventStatus,2,,YES,varchar,varchar(3),""
memberactioneventprovattrview,scheduledRunDate,3,,YES,date,date,""
memberactioneventprovattrview,actualRunDate,4,,YES,date,date,""
memberactioneventprovattrview,serviceJobID,5,,YES,varchar,varchar(256),""
memberactioneventprovattrview,memberActionProvAttribID,6,,NO,bigint,bigint,""
memberactioneventprovattrview,memberActionEventID,7,,YES,bigint,bigint,""
memberactioneventprovattrview,memGroupID,8,,YES,bigint,bigint,""
memberactioneventprovattrview,memberID,9,,YES,bigint,bigint,""
memberactioneventprovattrview,subsAffiliationID,10,,YES,bigint,bigint,""
memberactioneventprovattrview,memberProviderID,11,,YES,bigint,bigint,""
memberactioneventprovattrview,memberBenefitID,12,,YES,bigint,bigint,""
memberactioneventprovattrview,memberActionProvAttribStatus,13,,YES,varchar,varchar(3),""
memberactioneventsub,memberActionEventSubID,1,,NO,bigint,bigint,PRI
memberactioneventsub,memberActionEventID,2,,YES,bigint,bigint,MUL
memberactioneventsub,actionEventType,3,,YES,varchar,varchar(10),""
memberactioneventsub,actionEventStatus,4,,YES,varchar,varchar(3),""
memberactioneventsub,processOrderNumber,5,,YES,int,int,""
memberactioneventsub,eventRunDateTime,6,,YES,date,date,""
memberactioneventsub,eventSubPayload,7,,YES,text,text,""
memberactioneventsub,changeDateTime,8,"0000-00-00 00:00:00.000",NO,timestamp,timestamp(3),MUL
memberactioneventsub,changeUserID,9,,YES,varchar,varchar(20),""
memberactioneventsub,createDateTime,10,"0000-00-00 00:00:00.000",NO,timestamp,timestamp(3),""
memberactioneventsub,createUserID,11,,YES,varchar,varchar(20),""
memberactioneventsub,updateVersion,12,,YES,int,int,""
memberactionprovattrib,memberActionProvAttribID,1,,NO,bigint,bigint,PRI
memberactionprovattrib,memberActionEventID,2,,YES,bigint,bigint,MUL
memberactionprovattrib,memGroupID,3,,YES,bigint,bigint,""
memberactionprovattrib,memberID,4,,YES,bigint,bigint,""
memberactionprovattrib,subsAffiliationID,5,,YES,bigint,bigint,MUL
memberactionprovattrib,actionEventStatus,6,,YES,varchar,varchar(3),""
memberactionprovattrib,memberProviderID,7,,YES,bigint,bigint,""
memberactionprovattrib,memberBenefitID,8,,YES,bigint,bigint,MUL
memberactionprovattrib,changeDateTime,9,"0000-00-00 00:00:00.000",NO,timestamp,timestamp(3),MUL
memberactionprovattrib,changeUserID,10,,YES,varchar,varchar(20),""
memberactionprovattrib,createDateTime,11,"0000-00-00 00:00:00.000",NO,timestamp,timestamp(3),""
memberactionprovattrib,createUserID,12,,YES,varchar,varchar(20),""
memberactionprovattrib,updateVersion,13,,YES,int,int,""
memberaddress,memberAddressID,1,"0",NO,bigint,bigint,PRI
memberaddress,memberID,2,,YES,bigint,bigint,MUL
memberaddress,addressType,3,,YES,char,char(4),""
memberaddress,address1,4,,YES,varchar,varchar(55),""
memberaddress,address2,5,,YES,varchar,varchar(55),""
memberaddress,city,6,,YES,varchar,varchar(50),""
memberaddress,state,7,,YES,char,char(2),""
memberaddress,postalCode,8,,YES,varchar,varchar(20),""
memberaddress,country,9,,YES,char,char(3),""
memberaddress,changeDateTime,10,"0000-00-00 00:00:00.000",NO,timestamp,timestamp(3),MUL
memberaddress,changeUserID,11,,YES,varchar,varchar(20),""
memberaddress,createDateTime,12,"0000-00-00 00:00:00.000",NO,timestamp,timestamp(3),""
memberaddress,createUserID,13,,YES,varchar,varchar(20),""
memberaddress,updateVersion,14,,YES,int,int,""
memberaddress,address3,15,,YES,varchar,varchar(55),""
memberaddress,address4,16,,YES,varchar,varchar(55),""
memberaddress,address5,17,,YES,varchar,varchar(55),""
memberaddress,countrySubDivision,18,,YES,char,char(3),""
memberaddress,effectiveDate,19,,YES,date,date,""
memberaddress,expirationDate,20,,YES,date,date,""
memberaddress,attention,21,,YES,varchar,varchar(35),""
memberaddress,locationQualifier,22,,YES,varchar,varchar(5),""
memberaddress,locationIdentifier,23,,YES,varchar,varchar(10),""
memberaddress,attentionNameFirst,24,,YES,varchar,varchar(35),""
memberaddress,attentionNameLast,25,,YES,varchar,varchar(35),""
memberaddress,attentionNameSuffix,26,,YES,varchar,varchar(35),""
memberaddress,attentionNameSalutation,27,,YES,varchar,varchar(35),""
memberaddress,attentionNameMiddle,28,,YES,varchar,varchar(35),""
memberaddress,countyFIPS,29,,YES,char,char(5),""
memberaddress,deleteInd,30,"0",YES,smallint,smallint,""
memberaddress,postalExt,31,,YES,char,char(4),""
memberaddress,latitudeDeg,32,,YES,decimal,"decimal(20,14)",""
memberaddress,longitudeDeg,33,,YES,decimal,"decimal(20,14)",""
memberaddress,matchCode,34,,YES,varchar,varchar(1),""
memberaddress,validationFootNotes,35,,YES,varchar,varchar(32),""
memberaddress,carrierRoute,36,,YES,varchar,varchar(4),""
memberaddress,addressValidationOverride,37,"0",YES,smallint,smallint,""
memberaddressattn,memberAddressAttnID,1,"",NO,varchar,varchar(10),PRI
memberaddressattn,memberAddressID,2,,YES,bigint,bigint,MUL
memberaddressattn,memberID,3,,YES,bigint,bigint,MUL
memberaddressattn,nameLast,4,,YES,varchar,varchar(60),""
memberaddressattn,nameFirst,5,,YES,varchar,varchar(35),""
memberaddressattn,nameMiddle,6,,YES,varchar,varchar(60),""
memberaddressattn,nameSalutation,7,,YES,char,char(10),""
memberaddressattn,nameSuffix,8,,YES,char,char(10),""
memberaddressattn,createUserID,9,,YES,varchar,varchar(20),""
memberaddressattn,createDateTime,10,"0000-00-00 00:00:00.000",NO,timestamp,timestamp(3),""
memberaddressattn,changeUserID,11,,YES,varchar,varchar(20),""
memberaddressattn,changeDateTime,12,"0000-00-00 00:00:00.000",NO,timestamp,timestamp(3),MUL
memberaddressattn,updateVersion,13,,YES,int,int,""
memberaddressbymemgroupaffilvw,memGroupID,1,,NO,bigint,bigint,""
memberaddressbymemgroupaffilvw,memberID,2,,NO,bigint,bigint,""
memberaddressbymemgroupaffilvw,memberAddressID,3,"0",NO,bigint,bigint,""
memberaddressbymemgroupaffilvw,effectiveDate,4,,YES,date,date,""
memberaddressbymemgroupaffilvw,expirationDate,5,,YES,date,date,""
memberaddressbymemgroupaffilvw,maChangeDateTime,6,"0000-00-00 00:00:00.000",NO,timestamp,timestamp(3),""
memberaddressbymemgroupaffilvw,addressType,7,,YES,char,char(4),""
memberaddressbymemgroupaffilvw,state,8,,YES,char,char(2),""
memberaddressdiag,memberAddressDiagID,1,"0",NO,bigint,bigint,PRI
memberaddressdiag,memberAddressID,2,,YES,bigint,bigint,MUL
memberaddressdiag,memberID,3,,YES,bigint,bigint,MUL
memberaddressdiag,systemDiagnosisCategory,4,,YES,varchar,varchar(40),""
memberaddressdiag,effectiveDate,5,,YES,date,date,""
memberaddressdiag,expirationDate,6,,YES,date,date,""
memberaddressdiag,changeDateTime,7,"0000-00-00 00:00:00.000",NO,timestamp,timestamp(3),MUL
memberaddressdiag,changeUserID,8,,YES,varchar,varchar(20),""
memberaddressdiag,createDateTime,9,"0000-00-00 00:00:00.000",NO,timestamp,timestamp(3),""
memberaddressdiag,createUserID,10,,YES,varchar,varchar(20),""
memberaddressdiag,updateVersion,11,,YES,int,int,""
memberaddressdiag,deleteInd,12,"0",YES,smallint,smallint,""
memberaddressprov,memberAddressProvID,1,"0",NO,bigint,bigint,PRI
memberaddressprov,memberAddressID,2,,YES,bigint,bigint,MUL
memberaddressprov,memberID,3,,YES,bigint,bigint,MUL
memberaddressprov,providerID,4,,YES,bigint,bigint,MUL
memberaddressprov,effectiveDate,5,,YES,date,date,""
memberaddressprov,expirationDate,6,,YES,date,date,""
memberaddressprov,changeDateTime,7,"0000-00-00 00:00:00.000",NO,timestamp,timestamp(3),MUL
memberaddressprov,changeUserID,8,,YES,varchar,varchar(20),""
memberaddressprov,createDateTime,9,"0000-00-00 00:00:00.000",NO,timestamp,timestamp(3),""
memberaddressprov,createUserID,10,,YES,varchar,varchar(20),""
memberaddressprov,updateVersion,11,,YES,int,int,""
memberaddressprov,deleteInd,12,"0",YES,smallint,smallint,""
memberaddresssubmitted,memberAddressSubmittedID,1,"0",NO,bigint,bigint,PRI
memberaddresssubmitted,memberID,2,,YES,bigint,bigint,MUL
memberaddresssubmitted,addressType,3,,YES,char,char(4),""
memberaddresssubmitted,address1,4,,YES,varchar,varchar(55),""
memberaddresssubmitted,address2,5,,YES,varchar,varchar(55),""
memberaddresssubmitted,address3,6,,YES,varchar,varchar(55),""
memberaddresssubmitted,address4,7,,YES,varchar,varchar(55),""
memberaddresssubmitted,address5,8,,YES,varchar,varchar(55),""
memberaddresssubmitted,city,9,,YES,varchar,varchar(50),""
memberaddresssubmitted,state,10,,YES,char,char(2),""
memberaddresssubmitted,postalCode,11,,YES,varchar,varchar(20),""
memberaddresssubmitted,country,12,,YES,char,char(3),""
memberaddresssubmitted,attention,13,,YES,varchar,varchar(35),""
memberaddresssubmitted,changeDateTime,14,"0000-00-00 00:00:00.000",NO,timestamp,timestamp(3),MUL
memberaddresssubmitted,changeUserID,15,,YES,varchar,varchar(20),""
memberaddresssubmitted,createDateTime,16,"0000-00-00 00:00:00.000",NO,timestamp,timestamp(3),""
memberaddresssubmitted,createUserID,17,,YES,varchar,varchar(20),""
memberaddresssubmitted,updateVersion,18,,YES,int,int,""
memberaddresssubmitted,deleteInd,19,"0",YES,smallint,smallint,""
memberandmemberaddressview,memberID,1,"0",NO,bigint,bigint,""
memberandmemberaddressview,nameFirst,2,,YES,varchar,varchar(35),""
memberandmemberaddressview,nameFirstNoSpecialCharacters,3,,YES,varchar,varchar(35),""
memberandmemberaddressview,nameLast,4,,YES,varchar,varchar(60),""
memberandmemberaddressview,nameLastNoSpecialCharacters,5,,YES,varchar,varchar(60),""
memberandmemberaddressview,nameMiddle,6,,YES,varchar,varchar(60),""
memberandmemberaddressview,nameMiddleNoSpecialCharacters,7,,YES,varchar,varchar(60),""
memberandmemberaddressview,nameSuffix,8,,YES,char,char(10),""
memberandmemberaddressview,gender,9,,YES,char,char(1),""
memberandmemberaddressview,birthDate,10,,YES,date,date,""
memberandmemberaddressview,state,11,,YES,char,char(2),""
memberandmemberexternalidview,memberID,1,"0",NO,bigint,bigint,""
memberandmemberexternalidview,nameFirst,2,,YES,varchar,varchar(35),""
memberandmemberexternalidview,nameFirstNoSpecialCharacters,3,,YES,varchar,varchar(35),""
memberandmemberexternalidview,nameLast,4,,YES,varchar,varchar(60),""
memberandmemberexternalidview,nameLastNoSpecialCharacters,5,,YES,varchar,varchar(60),""
memberandmemberexternalidview,nameMiddle,6,,YES,varchar,varchar(60),""
memberandmemberexternalidview,nameMiddleNoSpecialCharacters,7,,YES,varchar,varchar(60),""
memberandmemberexternalidview,nameSuffix,8,,YES,char,char(10),""
memberandmemberexternalidview,gender,9,,YES,char,char(1),""
memberandmemberexternalidview,birthDate,10,,YES,date,date,""
memberandmemberexternalidview,externalIDType,11,,YES,char,char(3),""
memberandmemberexternalidview,preferredInd,12,,YES,smallint,smallint,""
memberandmemberexternalidview,deleteInd,13,"0",YES,smallint,smallint,""
memberattribute,memberAttributeID,1,"0",NO,bigint,bigint,PRI
memberattribute,memberAttributeName,2,,YES,varchar,varchar(50),""
memberattribute,memberAttributeDescription,3,,YES,varchar,varchar(100),""
memberattribute,effectiveDate,4,,YES,date,date,""
memberattribute,expirationDate,5,,YES,date,date,""
memberattribute,changeDateTime,6,"0000-00-00 00:00:00.000",NO,timestamp,timestamp(3),MUL
memberattribute,changeUserID,7,,YES,varchar,varchar(20),""
memberattribute,createDateTime,8,"0000-00-00 00:00:00.000",NO,timestamp,timestamp(3),""
memberattribute,createUserID,9,,YES,varchar,varchar(20),""
memberattribute,updateVersion,10,,YES,int,int,""
memberauditdetail,auditDetailID,1,"0",NO,bigint,bigint,PRI
memberauditdetail,createDateTime,2,"0000-00-00 00:00:00.000",NO,timestamp,timestamp(3),""
memberauditdetail,createUserID,3,,YES,varchar,varchar(20),""
memberauditdetail,changeDateTime,4,"0000-00-00 00:00:00.000",NO,timestamp,timestamp(3),MUL
memberauditdetail,changeUserID,5,,YES,varchar,varchar(20),""
memberauditdetail,updateVersion,6,,YES,int,int,""
memberauditdetail,memberID,7,,YES,bigint,bigint,MUL
memberauditdetail,auditText,8,,YES,varchar,varchar(4000),""
memberauditdetail,tableName,9,,YES,varchar,varchar(32),""
memberbanking,memberBankingID,1,"0",NO,bigint,bigint,PRI
memberbanking,memberID,2,,YES,bigint,bigint,MUL
memberbanking,routingNumber,3,,YES,char,char(9),""
memberbanking,accountType,4,,YES,char,char(6),""
memberbanking,changeDateTime,5,"0000-00-00 00:00:00.000",NO,timestamp,timestamp(3),MUL
memberbanking,changeUserID,6,,YES,varchar,varchar(20),""
memberbanking,createDateTime,7,"0000-00-00 00:00:00.000",NO,timestamp,timestamp(3),""
memberbanking,createUserID,8,,YES,varchar,varchar(20),""
memberbanking,updateVersion,9,,YES,int,int,""
memberbanking,acctNum,10,,YES,varchar,varchar(50),""
memberbirthdayfollowingmonthvw,memberID,1,"0",NO,bigint,bigint,""
memberbirthdayfollowingmonthvw,birthDate,2,,YES,date,date,""
memberbirthdayfollowingmonthvw,nameFirst,3,,YES,varchar,varchar(35),""
memberbirthdayfollowingmonthvw,nameLast,4,,YES,varchar,varchar(60),""
membercaserate,memberCaseRateID,1,"0",NO,bigint,bigint,PRI
membercaserate,memberID,2,,YES,bigint,bigint,MUL
membercaserate,caseRateID,3,,YES,char,char(20),""
membercaserate,providerID,4,,YES,bigint,bigint,""
membercaserate,serviceStartDate,5,,YES,date,date,""
membercaserate,serviceEndDate,6,,YES,date,date,""
membercaserate,shortNote,7,,YES,varchar,varchar(264),""
membercaserate,changeDateTime,8,"0000-00-00 00:00:00.000",NO,timestamp,timestamp(3),MUL
membercaserate,changeUserID,9,,YES,varchar,varchar(20),""
membercaserate,createDateTime,10,"0000-00-00 00:00:00.000",NO,timestamp,timestamp(3),""
membercaserate,createUserID,11,,YES,varchar,varchar(20),""
membercaserate,updateVersion,12,,YES,int,int,""
membercob,memberCOBID,1,"0",NO,bigint,bigint,PRI
membercob,memberID,2,,YES,bigint,bigint,MUL
membercob,effectiveDate,3,,YES,date,date,""
membercob,expirationDate,4,,YES,date,date,""
membercob,cobSubscriberID,5,,YES,varchar,varchar(35),""
membercob,changeDateTime,6,"0000-00-00 00:00:00.000",NO,timestamp,timestamp(3),MUL
membercob,changeUserID,7,,YES,varchar,varchar(20),""
membercob,createDateTime,8,"0000-00-00 00:00:00.000",NO,timestamp,timestamp(3),""
membercob,createUserID,9,,YES,varchar,varchar(20),""
membercob,updateVersion,10,,YES,int,int,""
membercob,payerResponsibilitySeqCode,11,,YES,varchar,varchar(1),""
membercob,cobMemberGroupID,12,,YES,varchar,varchar(50),""
membercob,cobMemberGroupName,13,,YES,varchar,varchar(120),""
membercob,cobMemberID,14,,YES,varchar,varchar(50),""
membercob,cobMemberRelationshipType,15,,YES,char,char(2),""
membercob,accountSuffixCode,16,,YES,varchar,varchar(35),""
membercob,cobServiceTypeCode,17,,YES,varchar,varchar(2),""
membercob,cobCoverageType,18,,YES,char,char(4),""
membercob,cobCoverageOriginalEffectiveDate,19,,YES,date,date,""
membercob,cobCoverageEmployeeCount,20,,YES,int,int,""
membercob,govtBenefitType,21,,YES,varchar,varchar(15),""
membercob,cobSubscriberNameFirst,22,,YES,varchar,varchar(35),""
membercob,cobSubscriberNameLast,23,,YES,varchar,varchar(60),""
membercob,cobSubscriberGender,24,,YES,char,char(1),""
membercob,cobSubscriberBirthDate,25,,YES,date,date,""
membercob,cobSubscriberBenefitStatusType,26,,YES,varchar,varchar(2),""
membercob,cobSubscriberSSN,27,,YES,varchar,varchar(10),""
membercob,courtDecreePrimaryInd,28,,YES,smallint,smallint,""
membercob,medicareEligibilityReasonCode,29,,YES,varchar,varchar(2),""
membercob,cobEntityIdentifierCode,30,,YES,varchar,varchar(3),""
membercob,cobEntityTypeQual,31,,YES,char,char(1),""
membercob,cobEntityName,32,,YES,varchar,varchar(80),""
membercob,cobEntityIDCodeQual,33,,YES,varchar,varchar(2),""
membercob,cobRelEntityIDCode,34,,YES,varchar,varchar(80),""
membercob,benefitType,35,,YES,char,char(2),""
membercob,deleteInd,36,,YES,smallint,smallint,""
membercob,carrierID,37,,YES,bigint,bigint,""
membercobrelentityaddress,memberCOBRelEntityAddressID,1,"0",NO,bigint,bigint,PRI
membercobrelentityaddress,memberID,2,,YES,bigint,bigint,MUL
membercobrelentityaddress,memberCOBID,3,,YES,bigint,bigint,""
membercobrelentityaddress,attention,4,,YES,varchar,varchar(35),""
membercobrelentityaddress,addressType,5,,YES,char,char(4),""
membercobrelentityaddress,address1,6,,YES,varchar,varchar(55),""
membercobrelentityaddress,address2,7,,YES,varchar,varchar(55),""
membercobrelentityaddress,address3,8,,YES,varchar,varchar(55),""
membercobrelentityaddress,address4,9,,YES,varchar,varchar(55),""
membercobrelentityaddress,address5,10,,YES,varchar,varchar(55),""
membercobrelentityaddress,city,11,,YES,varchar,varchar(50),""
membercobrelentityaddress,state,12,,YES,char,char(2),""
membercobrelentityaddress,postalCode,13,,YES,varchar,varchar(20),""
membercobrelentityaddress,countyFIPS,14,,YES,char,char(5),""
membercobrelentityaddress,country,15,,YES,char,char(3),""
membercobrelentityaddress,countrySubDivision,16,,YES,char,char(3),""
membercobrelentityaddress,changeDateTime,17,"0000-00-00 00:00:00.000",NO,timestamp,timestamp(3),MUL
membercobrelentityaddress,changeUserID,18,,YES,varchar,varchar(20),""
membercobrelentityaddress,createDateTime,19,"0000-00-00 00:00:00.000",NO,timestamp,timestamp(3),""
membercobrelentityaddress,createUserID,20,,YES,varchar,varchar(20),""
membercobrelentityaddress,updateVersion,21,,YES,int,int,""
membercobrelentityaddress,deleteInd,22,"0",YES,smallint,smallint,""
membercobrelentityelectcom,memberCOBRelEntityElectComID,1,"0",NO,bigint,bigint,PRI
membercobrelentityelectcom,memberID,2,,YES,bigint,bigint,MUL
membercobrelentityelectcom,memberCOBID,3,,YES,bigint,bigint,""
membercobrelentityelectcom,communicationType,4,,YES,varchar,varchar(3),""
membercobrelentityelectcom,communicationText,5,,YES,varchar,varchar(254),""
membercobrelentityelectcom,changeDateTime,6,"0000-00-00 00:00:00.000",NO,timestamp,timestamp(3),MUL
membercobrelentityelectcom,changeUserID,7,,YES,varchar,varchar(20),""
membercobrelentityelectcom,createDateTime,8,"0000-00-00 00:00:00.000",NO,timestamp,timestamp(3),""
membercobrelentityelectcom,createUserID,9,,YES,varchar,varchar(20),""
membercobrelentityelectcom,updateVersion,10,,YES,int,int,""
membercobrelentityelectcom,deleteInd,11,"0",YES,smallint,smallint,""
membercobrelentityphone,memberCOBRelEntityPhoneID,1,"0",NO,bigint,bigint,PRI
membercobrelentityphone,memberID,2,,YES,bigint,bigint,MUL
membercobrelentityphone,memberCOBID,3,,YES,bigint,bigint,""
membercobrelentityphone,phoneType,4,,YES,varchar,varchar(2),""
membercobrelentityphone,phone,5,,YES,varchar,varchar(36),""
membercobrelentityphone,phoneExt,6,,YES,char,char(8),""
membercobrelentityphone,contactPeriod,7,,YES,char,char(1),""
membercobrelentityphone,nonUSPhoneInd,8,,YES,smallint,smallint,""
membercobrelentityphone,changeDateTime,9,"0000-00-00 00:00:00.000",NO,timestamp,timestamp(3),MUL
membercobrelentityphone,changeUserID,10,,YES,varchar,varchar(20),""
membercobrelentityphone,createDateTime,11,"0000-00-00 00:00:00.000",NO,timestamp,timestamp(3),""
membercobrelentityphone,createUserID,12,,YES,varchar,varchar(20),""
membercobrelentityphone,updateVersion,13,,YES,int,int,""
membercobrelentityphone,deleteInd,14,"0",YES,smallint,smallint,""
membercobverification,memberCOBVerificationID,1,"0",NO,bigint,bigint,PRI
membercobverification,memberCOBID,2,,YES,bigint,bigint,MUL
membercobverification,memberID,3,,YES,bigint,bigint,MUL
membercobverification,verificationDate,4,,YES,date,date,""
membercobverification,verificationSource,5,,YES,char,char(1),""
membercobverification,verificationComments,6,,YES,varchar,varchar(1000),""
membercobverification,verificationUserID,7,,YES,varchar,varchar(20),""
membercobverification,verificationOutcomeType,8,,YES,varchar,varchar(2),""
membercobverification,verificationOutcomeReasonType,9,,YES,varchar,varchar(2),""
membercobverification,tieBreakerRuleUsed,10,,YES,varchar,varchar(2),""
membercobverification,changeDateTime,11,"0000-00-00 00:00:00.000",NO,timestamp,timestamp(3),MUL
membercobverification,changeUserID,12,,YES,varchar,varchar(20),""
membercobverification,createDateTime,13,"0000-00-00 00:00:00.000",NO,timestamp,timestamp(3),""
membercobverification,createUserID,14,,YES,varchar,varchar(20),""
membercobverification,updateVersion,15,,YES,int,int,""
membercobverification,deleteInd,16,"0",YES,smallint,smallint,""
membercobverificationview,memberCOBID,1,,YES,bigint,bigint,""
membercobverificationview,memberID,2,,YES,bigint,bigint,""
membercobverificationview,effectiveDate,3,,YES,date,date,""
membercobverificationview,expirationDate,4,,YES,date,date,""
membercobverificationview,payerResponsibilitySeqCode,5,,YES,varchar,varchar(1),""
membercobverificationview,cobServiceTypeCode,6,,YES,varchar,varchar(2),""
membercobverificationview,cobCoverageType,7,,YES,varchar,varchar(4),""
membercobverificationview,cobEntityIdentifierCode,8,,YES,varchar,varchar(3),""
membercobverificationview,cobEntityTypeQual,9,,YES,varchar,varchar(1),""
membercobverificationview,cobEntityName,10,,YES,varchar,varchar(80),""
membercobverificationview,govtBenefitType,11,,YES,varchar,varchar(15),""
membercobverificationview,verificationDate,12,,YES,date,date,""
membercobverificationview,benefitType,13,,YES,varchar,varchar(2),""
membercontact,memberContactID,1,"0",NO,bigint,bigint,PRI
membercontact,memberID,2,,YES,bigint,bigint,MUL
membercontact,nameSalutation,3,,YES,char,char(10),""
membercontact,nameFirst,4,,YES,varchar,varchar(35),""
membercontact,nameMiddle,5,,YES,varchar,varchar(60),""
membercontact,nameLast,6,,YES,varchar,varchar(60),""
membercontact,nameSuffix,7,,YES,char,char(10),""
membercontact,organizationName,8,,YES,varchar,varchar(255),""
membercontact,contactPeriod,9,,YES,char,char(1),""
membercontact,changeDateTime,10,"0000-00-00 00:00:00.000",NO,timestamp,timestamp(3),MUL
membercontact,changeUserID,11,,YES,varchar,varchar(20),""
membercontact,createDateTime,12,"0000-00-00 00:00:00.000",NO,timestamp,timestamp(3),""
membercontact,createUserID,13,,YES,varchar,varchar(20),""
membercontact,updateVersion,14,,YES,int,int,""
membercontact,jobTitle,15,,YES,varchar,varchar(35),""
membercontact,idCodeQual,16,,YES,char,char(2),""
membercontact,idCode,17,,YES,varchar,varchar(80),""
membercontact,memEntityIDCode,18,,YES,varchar,varchar(3),""
membercontact,custodialInd,19,,YES,smallint,smallint,""
membercontact,effectiveDate,20,,YES,date,date,""
membercontact,expirationDate,21,,YES,date,date,""
membercontact,deleteInd,22,"0",YES,smallint,smallint,""
membercontactaddress,memberContactAddressID,1,"0",NO,bigint,bigint,PRI
membercontactaddress,memberContactID,2,,YES,bigint,bigint,MUL
membercontactaddress,memberID,3,,YES,bigint,bigint,MUL
membercontactaddress,addressType,4,,YES,char,char(4),""
membercontactaddress,address1,5,,YES,varchar,varchar(55),""
membercontactaddress,address2,6,,YES,varchar,varchar(55),""
membercontactaddress,address3,7,,YES,varchar,varchar(55),""
membercontactaddress,address4,8,,YES,varchar,varchar(55),""
membercontactaddress,address5,9,,YES,varchar,varchar(55),""
membercontactaddress,city,10,,YES,varchar,varchar(50),""
membercontactaddress,state,11,,YES,char,char(2),""
membercontactaddress,postalCode,12,,YES,varchar,varchar(20),""
membercontactaddress,country,13,,YES,char,char(3),""
membercontactaddress,countrySubDivision,14,,YES,char,char(3),""
membercontactaddress,createUserID,15,,YES,varchar,varchar(20),""
membercontactaddress,createDateTime,16,"0000-00-00 00:00:00.000",NO,timestamp,timestamp(3),""
membercontactaddress,changeUserID,17,,YES,varchar,varchar(20),""
membercontactaddress,changeDateTime,18,"0000-00-00 00:00:00.000",NO,timestamp,timestamp(3),MUL
membercontactaddress,updateVersion,19,,YES,int,int,""
membercontactaddress,attention,20,,YES,varchar,varchar(35),""
membercontactaddress,foreignAddressInd,21,,YES,smallint,smallint,""
membercontactaddress,deleteInd,22,"0",YES,smallint,smallint,""
membercontactelectcomm,memberContactElectCommID,1,"0",NO,bigint,bigint,PRI
membercontactelectcomm,memberContactID,2,,YES,bigint,bigint,MUL
membercontactelectcomm,memberID,3,,YES,bigint,bigint,MUL
membercontactelectcomm,communicationText,4,,YES,varchar,varchar(254),""
membercontactelectcomm,electronicCommunicationType,5,,YES,varchar,varchar(10),""
membercontactelectcomm,primaryInd,6,,YES,smallint,smallint,""
membercontactelectcomm,createUserID,7,,YES,varchar,varchar(20),""
membercontactelectcomm,createDateTime,8,"0000-00-00 00:00:00.000",NO,timestamp,timestamp(3),""
membercontactelectcomm,changeUserID,9,,YES,varchar,varchar(20),""
membercontactelectcomm,changeDateTime,10,"0000-00-00 00:00:00.000",NO,timestamp,timestamp(3),MUL
membercontactelectcomm,updateVersion,11,,YES,int,int,""
membercontactelectcomm,deleteInd,12,"0",YES,smallint,smallint,""
membercontactlanguage,memberContactLanguageID,1,"0",NO,bigint,bigint,PRI
membercontactlanguage,memberContactID,2,,YES,bigint,bigint,MUL
membercontactlanguage,memberID,3,,YES,bigint,bigint,MUL
membercontactlanguage,languageCode,4,,YES,char,char(4),""
membercontactlanguage,languageUse,5,,YES,varchar,varchar(2),""
membercontactlanguage,createUserID,6,,YES,varchar,varchar(20),""
membercontactlanguage,createDateTime,7,"0000-00-00 00:00:00.000",NO,timestamp,timestamp(3),""
membercontactlanguage,changeUserID,8,,YES,varchar,varchar(20),""
membercontactlanguage,changeDateTime,9,"0000-00-00 00:00:00.000",NO,timestamp,timestamp(3),MUL
membercontactlanguage,updateVersion,10,,YES,int,int,""
membercontactlanguage,deleteInd,11,"0",YES,smallint,smallint,""
membercontactphone,memberContactPhoneID,1,"0",NO,bigint,bigint,PRI
membercontactphone,memberContactID,2,,YES,bigint,bigint,MUL
membercontactphone,memberID,3,,YES,bigint,bigint,MUL
membercontactphone,phoneType,4,,YES,varchar,varchar(2),""
membercontactphone,phone,5,,YES,varchar,varchar(36),""
membercontactphone,phoneExt,6,,YES,char,char(8),""
membercontactphone,contactPeriod,7,,YES,char,char(1),""
membercontactphone,primaryInd,8,,YES,smallint,smallint,""
membercontactphone,nonUSPhoneInd,9,,YES,smallint,smallint,""
membercontactphone,createUserID,10,,YES,varchar,varchar(20),""
membercontactphone,createDateTime,11,"0000-00-00 00:00:00.000",NO,timestamp,timestamp(3),""
membercontactphone,changeUserID,12,,YES,varchar,varchar(20),""
membercontactphone,changeDateTime,13,"0000-00-00 00:00:00.000",NO,timestamp,timestamp(3),MUL
membercontactphone,updateVersion,14,,YES,int,int,""
membercontactphone,deleteInd,15,"0",YES,smallint,smallint,""
membercustodial,memberCustodialID,1,"0",NO,bigint,bigint,PRI
membercustodial,memberID,2,,YES,bigint,bigint,MUL
membercustodial,effectiveDate,3,,YES,date,date,""
membercustodial,expirationDate,4,,YES,date,date,""
membercustodial,nameLast,5,,YES,varchar,varchar(60),""
membercustodial,nameFirst,6,,YES,varchar,varchar(35),""
membercustodial,nameMiddle,7,,YES,varchar,varchar(60),""
membercustodial,nameSalutation,8,,YES,char,char(10),""
membercustodial,nameSuffix,9,,YES,char,char(10),""
membercustodial,address1,10,,YES,varchar,varchar(55),""
membercustodial,address2,11,,YES,varchar,varchar(55),""
membercustodial,city,12,,YES,varchar,varchar(50),""
membercustodial,state,13,,YES,char,char(2),""
membercustodial,postalCode,14,,YES,varchar,varchar(20),""
membercustodial,country,15,,YES,char,char(3),""
membercustodial,phone1Type,16,,YES,varchar,varchar(2),""
membercustodial,phone1,17,,YES,varchar,varchar(36),""
membercustodial,phone1Ext,18,,YES,char,char(4),""
membercustodial,phone2Type,19,,YES,varchar,varchar(2),""
membercustodial,phone2,20,,YES,varchar,varchar(36),""
membercustodial,phone2Ext,21,,YES,char,char(4),""
membercustodial,phone3Type,22,,YES,varchar,varchar(2),""
membercustodial,phone3,23,,YES,varchar,varchar(36),""
membercustodial,phone3Ext,24,,YES,char,char(4),""
membercustodial,email,25,,YES,varchar,varchar(80),""
membercustodial,socialSecurityNumber,26,,YES,char,char(9),""
membercustodial,changeDateTime,27,"0000-00-00 00:00:00.000",NO,timestamp,timestamp(3),MUL
membercustodial,changeUserID,28,,YES,varchar,varchar(20),""
membercustodial,createDateTime,29,"0000-00-00 00:00:00.000",NO,timestamp,timestamp(3),""
membercustodial,createUserID,30,,YES,varchar,varchar(20),""
membercustodial,updateVersion,31,,YES,int,int,""
membercustodial,deleteInd,32,"0",YES,smallint,smallint,""
memberdelete,memberID,1,"0",NO,bigint,bigint,PRI
memberdelete,subscriberID,2,,YES,bigint,bigint,""
memberdelete,depRecSeqNum,3,,YES,char,char(2),""
memberdelete,memberDeleteType,4,,YES,char,char(1),""
memberdelete,mergeToMemberID,5,,YES,bigint,bigint,""
memberdelete,changeUserID,6,,YES,varchar,varchar(20),""
memberdelete,createDateTime,7,"0000-00-00 00:00:00.000",NO,timestamp,timestamp(3),MUL
memberdelete,createUserID,8,,YES,varchar,varchar(20),""
memberdelete,updateVersion,9,,YES,int,int,""
memberdelete,nameLast,10,,YES,varchar,varchar(60),""
memberdelete,nameFirst,11,,YES,varchar,varchar(35),""
memberdelete,nameMiddle,12,,YES,varchar,varchar(60),""
memberdelete,birthDate,13,,YES,date,date,""
memberdelete,noteText,14,,YES,varchar,varchar(4000),""
memberdelete,socialSecurityNumber,15,,YES,char,char(9),""
memberdelete,nameSuffix,16,,YES,char,char(10),""
memberdepcert,memberDepCertID,1,"0",NO,bigint,bigint,PRI
memberdepcert,memberID,2,,YES,bigint,bigint,MUL
memberdepcert,dcnID,3,,YES,char,char(80),""
memberdepcert,certType,4,,YES,char,char(1),""
memberdepcert,certReceiptDate,5,,YES,date,date,""
memberdepcert,changeDateTime,6,"0000-00-00 00:00:00.000",NO,timestamp,timestamp(3),MUL
memberdepcert,changeUserID,7,,YES,varchar,varchar(20),""
memberdepcert,createDateTime,8,"0000-00-00 00:00:00.000",NO,timestamp,timestamp(3),""
memberdepcert,createUserID,9,,YES,varchar,varchar(20),""
memberdepcert,updateVersion,10,,YES,int,int,""
memberdepcert,deleteInd,11,"0",YES,smallint,smallint,""
memberdisability,memberDisabilityID,1,"0",NO,bigint,bigint,PRI
memberdisability,memberID,2,,YES,bigint,bigint,MUL
memberdisability,memberIndicatorID,3,,YES,bigint,bigint,MUL
memberdisability,disabilityType,4,,YES,char,char(1),""
memberdisability,diagnosisCode,5,,YES,varchar,varchar(9),""
memberdisability,systemDiagnosisCategory,6,,YES,varchar,varchar(40),""
memberdisability,changeDateTime,7,"0000-00-00 00:00:00.000",NO,timestamp,timestamp(3),MUL
memberdisability,changeUserID,8,,YES,varchar,varchar(20),""
memberdisability,createDateTime,9,"0000-00-00 00:00:00.000",NO,timestamp,timestamp(3),""
memberdisability,createUserID,10,,YES,varchar,varchar(20),""
memberdisability,updateVersion,11,,YES,int,int,""
memberdisability,diagCodeType,12,,YES,varchar,varchar(1),""
memberdisability,skipDiagValidation,13,,YES,smallint,smallint,""
memberdisability,deleteInd,14,"0",YES,smallint,smallint,""
memberdisclosure,memberDisclosureID,1,"0",NO,bigint,bigint,PRI
memberdisclosure,memberID,2,,YES,bigint,bigint,MUL
memberdisclosure,disclosureType,3,,YES,char,char(4),""
memberdisclosure,disclosureDate,4,,YES,date,date,""
memberdisclosure,entityType,5,,YES,char,char(2),""
memberdisclosure,entityID,6,,YES,varchar,varchar(20),""
memberdisclosure,organizationName,7,,YES,varchar,varchar(255),""
memberdisclosure,nameFirst,8,,YES,varchar,varchar(35),""
memberdisclosure,nameLast,9,,YES,varchar,varchar(60),""
memberdisclosure,address1,10,,YES,varchar,varchar(55),""
memberdisclosure,address2,11,,YES,varchar,varchar(55),""
memberdisclosure,city,12,,YES,varchar,varchar(50),""
memberdisclosure,state,13,,YES,char,char(2),""
memberdisclosure,postalCode,14,,YES,varchar,varchar(20),""
memberdisclosure,country,15,,YES,char,char(3),""
memberdisclosure,phone,16,,YES,varchar,varchar(36),""
memberdisclosure,phoneExt,17,,YES,char,char(8),""
memberdisclosure,phoneType,18,,YES,varchar,varchar(2),""
memberdisclosure,email,19,,YES,varchar,varchar(80),""
memberdisclosure,memberAuthInd,20,,YES,smallint,smallint,""
memberdisclosure,shortNote,21,,YES,varchar,varchar(264),""
memberdisclosure,memNameInd,22,,YES,smallint,smallint,""
memberdisclosure,memberIDInd,23,,YES,smallint,smallint,""
memberdisclosure,memSSNInd,24,,YES,smallint,smallint,""
memberdisclosure,memMedRecInd,25,,YES,smallint,smallint,""
memberdisclosure,memAddressInd,26,,YES,smallint,smallint,""
memberdisclosure,memPhoneInd,27,,YES,smallint,smallint,""
memberdisclosure,memFaxInd,28,,YES,smallint,smallint,""
memberdisclosure,memEmailInd,29,,YES,smallint,smallint,""
memberdisclosure,memAgeInd,30,,YES,smallint,smallint,""
memberdisclosure,memAdmitInd,31,,YES,smallint,smallint,""
memberdisclosure,memberDiagInd,32,,YES,smallint,smallint,""
memberdisclosure,memberProcInd,33,,YES,smallint,smallint,""
memberdisclosure,changeDateTime,34,"0000-00-00 00:00:00.000",NO,timestamp,timestamp(3),MUL
memberdisclosure,changeUserID,35,,YES,varchar,varchar(20),""
memberdisclosure,createDateTime,36,"0000-00-00 00:00:00.000",NO,timestamp,timestamp(3),""
memberdisclosure,createUserID,37,,YES,varchar,varchar(20),""
memberdisclosure,updateVersion,38,,YES,int,int,""
memberdisclosure,address3,39,,YES,varchar,varchar(55),""
memberdisclosure,address4,40,,YES,varchar,varchar(55),""
memberdisclosure,address5,41,,YES,varchar,varchar(55),""
memberelectroniccomm,memberElectronicCommID,1,"0",NO,bigint,bigint,PRI
memberelectroniccomm,memberID,2,,YES,bigint,bigint,MUL
memberelectroniccomm,communicationText,3,,YES,varchar,varchar(254),""
memberelectroniccomm,electronicCommunicationType,4,,YES,varchar,varchar(10),""
memberelectroniccomm,primaryInd,5,,YES,smallint,smallint,""
memberelectroniccomm,createUserID,6,,YES,varchar,varchar(20),""
memberelectroniccomm,createDateTime,7,"0000-00-00 00:00:00.000",NO,timestamp,timestamp(3),""
memberelectroniccomm,changeUserID,8,,YES,varchar,varchar(20),""
memberelectroniccomm,changeDateTime,9,"0000-00-00 00:00:00.000",NO,timestamp,timestamp(3),MUL
memberelectroniccomm,updateVersion,10,,YES,int,int,""
memberelectroniccomm,deleteInd,11,"0",YES,smallint,smallint,""
memberexternalid,memberExternalIDID,1,"0",NO,bigint,bigint,PRI
memberexternalid,memberID,2,,YES,bigint,bigint,MUL
memberexternalid,externalIDType,3,,YES,char,char(3),""
memberexternalid,memberExternalID,4,,YES,varchar,varchar(50),MUL
memberexternalid,preferredInd,5,,YES,smallint,smallint,""
memberexternalid,updateVersion,6,,YES,int,int,""
memberexternalid,changeDateTime,7,"0000-00-00 00:00:00.000",NO,timestamp,timestamp(3),MUL
memberexternalid,changeUserID,8,,YES,varchar,varchar(20),""
memberexternalid,createDateTime,9,"0000-00-00 00:00:00.000",NO,timestamp,timestamp(3),""
memberexternalid,createUserID,10,,YES,varchar,varchar(20),""
memberexternalid,deleteInd,11,"0",YES,smallint,smallint,""
membergovernmentbenefit,memberGovernmentBenefitID,1,"0",NO,bigint,bigint,PRI
membergovernmentbenefit,memberID,2,,YES,bigint,bigint,MUL
membergovernmentbenefit,govtBenefitType,3,,YES,varchar,varchar(15),""
membergovernmentbenefit,govtBenefitEligibilityReasonCode,4,,YES,varchar,varchar(3),""
membergovernmentbenefit,govtBenefitEligibilityEffectiveDate,5,,YES,date,date,""
membergovernmentbenefit,govtBenefitEnrollmentDate,6,,YES,date,date,""
membergovernmentbenefit,govtBenefitDisenrollmentDate,7,,YES,date,date,""
membergovernmentbenefit,changeDateTime,8,"0000-00-00 00:00:00.000",NO,timestamp,timestamp(3),MUL
membergovernmentbenefit,changeUserID,9,,YES,varchar,varchar(20),""
membergovernmentbenefit,createDateTime,10,"0000-00-00 00:00:00.000",NO,timestamp,timestamp(3),""
membergovernmentbenefit,createUserID,11,,YES,varchar,varchar(20),""
membergovernmentbenefit,updateVersion,12,,YES,int,int,""
memberimage,memberImageID,1,"0",NO,bigint,bigint,PRI
memberimage,memberID,2,,YES,bigint,bigint,MUL
memberimage,dcnID,3,,YES,char,char(80),""
memberimage,dcnType,4,,YES,varchar,varchar(3),""
memberimage,shortNote,5,,YES,varchar,varchar(264),""
memberimage,receiveDate,6,,YES,date,date,""
memberimage,changeDateTime,7,"0000-00-00 00:00:00.000",NO,timestamp,timestamp(3),MUL
memberimage,changeUserID,8,,YES,varchar,varchar(20),""
memberimage,createDateTime,9,"0000-00-00 00:00:00.000",NO,timestamp,timestamp(3),""
memberimage,createUserID,10,,YES,varchar,varchar(20),""
memberimage,updateVersion,11,,YES,int,int,""
memberimage,deleteInd,12,"0",YES,smallint,smallint,""
memberincent,memberIncentID,1,"0",NO,bigint,bigint,PRI
memberincent,memberID,2,,YES,bigint,bigint,MUL
memberincent,incentID,3,,YES,char,char(20),MUL
memberincent,dateTaken,4,,YES,date,date,""
memberincent,dateCreditIncent,5,,YES,date,date,""
memberincent,changeDateTime,6,"0000-00-00 00:00:00.000",NO,timestamp,timestamp(3),MUL
memberincent,changeUserID,7,,YES,varchar,varchar(20),""
memberincent,createDateTime,8,"0000-00-00 00:00:00.000",NO,timestamp,timestamp(3),""
memberincent,createUserID,9,,YES,varchar,varchar(20),""
memberincent,updateVersion,10,,YES,int,int,""
memberindicator,memberIndicatorID,1,"0",NO,bigint,bigint,PRI
memberindicator,memberID,2,,YES,bigint,bigint,MUL
memberindicator,indicatorCode,3,,YES,char,char(5),""
memberindicator,changeDateTime,4,"0000-00-00 00:00:00.000",NO,timestamp,timestamp(3),MUL
memberindicator,changeUserID,5,,YES,varchar,varchar(20),""
memberindicator,createDateTime,6,"0000-00-00 00:00:00.000",NO,timestamp,timestamp(3),""
memberindicator,createUserID,7,,YES,varchar,varchar(20),""
memberindicator,updateVersion,8,,YES,int,int,""
memberindicator,effectiveDate,9,,YES,date,date,""
memberindicator,expirationDate,10,,YES,date,date,""
memberindicator,deleteInd,11,"0",YES,smallint,smallint,""
memberinstitution,memberInstitutionID,1,"0",NO,bigint,bigint,PRI
memberinstitution,memberIndicatorID,2,,YES,bigint,bigint,MUL
memberinstitution,memberID,3,,YES,bigint,bigint,MUL
memberinstitution,providerID,4,,YES,bigint,bigint,MUL
memberinstitution,providerOrgLocationID,5,,YES,bigint,bigint,""
memberinstitution,changeDateTime,6,"0000-00-00 00:00:00.000",NO,timestamp,timestamp(3),MUL
memberinstitution,changeUserID,7,,YES,varchar,varchar(20),""
memberinstitution,createDateTime,8,"0000-00-00 00:00:00.000",NO,timestamp,timestamp(3),""
memberinstitution,createUserID,9,,YES,varchar,varchar(20),""
memberinstitution,updateVersion,10,,YES,int,int,""
memberinstitution,deleteInd,11,"0",YES,smallint,smallint,""
memberinternaloobplan,memberInternalOOBPlanID,1,"0",NO,bigint,bigint,PRI
memberinternaloobplan,memberID,2,,YES,bigint,bigint,MUL
memberinternaloobplan,subsAffiliationID,3,,YES,bigint,bigint,MUL
memberinternaloobplan,memberBenefitID,4,,YES,bigint,bigint,""
memberinternaloobplan,memberInternalOOBTimelineID,5,,YES,bigint,bigint,MUL
memberinternaloobplan,subscriberID,6,,YES,bigint,bigint,MUL
memberinternaloobplan,benefitTypeSequence,7,,YES,smallint,smallint,""
memberinternaloobplan,riderBenefitTypeSequence,8,,YES,smallint,smallint,""
memberinternaloobplan,changeDateTime,9,"0000-00-00 00:00:00.000",NO,timestamp,timestamp(3),MUL
memberinternaloobplan,changeUserID,10,,YES,varchar,varchar(20),""
memberinternaloobplan,createDateTime,11,"0000-00-00 00:00:00.000",NO,timestamp,timestamp(3),""
memberinternaloobplan,createUserID,12,,YES,varchar,varchar(20),""
memberinternaloobplan,updateVersion,13,,YES,int,int,""
memberinternaloobplan,planOptionID,14,,YES,varchar,varchar(8),""
memberinternaloobtimeline,memberInternalOOBTimelineID,1,"0",NO,bigint,bigint,PRI
memberinternaloobtimeline,memberID,2,,YES,bigint,bigint,MUL
memberinternaloobtimeline,effectiveDate,3,,YES,date,date,""
memberinternaloobtimeline,expirationDate,4,,YES,date,date,""
memberinternaloobtimeline,changeDateTime,5,"0000-00-00 00:00:00.000",NO,timestamp,timestamp(3),MUL
memberinternaloobtimeline,changeUserID,6,,YES,varchar,varchar(20),""
memberinternaloobtimeline,createDateTime,7,"0000-00-00 00:00:00.000",NO,timestamp,timestamp(3),""
memberinternaloobtimeline,createUserID,8,,YES,varchar,varchar(20),""
memberinternaloobtimeline,updateVersion,9,,YES,int,int,""
memberinvaccident,memberInvAccidentID,1,,NO,bigint,bigint,PRI
memberinvaccident,memberID,2,,YES,bigint,bigint,MUL
memberinvaccident,accidentType,3,,YES,char,char(3),""
memberinvaccident,accidentLocationType,4,,YES,char,char(1),""
memberinvaccident,propertyName,5,,YES,varchar,varchar(55),""
memberinvaccident,ownerName,6,,YES,varchar,varchar(55),""
memberinvaccident,ownerPhone1,7,,YES,varchar,varchar(36),""
memberinvaccident,ownerPhone1Ext,8,,YES,char,char(4),""
memberinvaccident,ownerPhone1Type,9,,YES,varchar,varchar(2),""
memberinvaccident,ownerPhone2,10,,YES,varchar,varchar(36),""
memberinvaccident,ownerPhone2Ext,11,,YES,char,char(4),""
memberinvaccident,ownerPhone2Type,12,,YES,varchar,varchar(2),""
memberinvaccident,injuryAddress1,13,,YES,varchar,varchar(55),""
memberinvaccident,injuryAddress2,14,,YES,varchar,varchar(55),""
memberinvaccident,injuryCity,15,,YES,varchar,varchar(50),""
memberinvaccident,injuryState,16,,YES,char,char(2),""
memberinvaccident,injuryPostalCode,17,,YES,varchar,varchar(20),""
memberinvaccident,injuryCountry,18,,YES,char,char(3),""
memberinvaccident,tplDecisionCode,19,,YES,char,char(1),""
memberinvaccident,respPartyName,20,,YES,varchar,varchar(35),""
memberinvaccident,respPartyPhone1,21,,YES,varchar,varchar(36),""
memberinvaccident,respPartyPhone1Ext,22,,YES,char,char(4),""
memberinvaccident,respPartyPhone1Type,23,,YES,varchar,varchar(2),""
memberinvaccident,respPartyPhone2,24,,YES,varchar,varchar(36),""
memberinvaccident,respPartyPhone2Ext,25,,YES,char,char(4),""
memberinvaccident,respPartyPhone2Type,26,,YES,varchar,varchar(2),""
memberinvaccident,respPartyAddress1,27,,YES,varchar,varchar(55),""
memberinvaccident,respPartyAddress2,28,,YES,varchar,varchar(55),""
memberinvaccident,respPartyCity,29,,YES,varchar,varchar(50),""
memberinvaccident,respPartyState,30,,YES,char,char(2),""
memberinvaccident,respPartyPostalCode,31,,YES,varchar,varchar(20),""
memberinvaccident,respPartyCountry,32,,YES,char,char(3),""
memberinvaccident,respPartyCarrier,33,,YES,varchar,varchar(55),""
memberinvaccident,respPartyPolicyID,34,,YES,varchar,varchar(30),""
memberinvaccident,waiveTPLDenyInd,35,,YES,smallint,smallint,""
memberinvaccident,waiveTPLDate,36,,YES,date,date,""
memberinvaccident,waiveTPLReason,37,,YES,char,char(1),""
memberinvaccident,attorneyInd,38,,YES,smallint,smallint,""
memberinvaccident,attorneyFirmName,39,,YES,varchar,varchar(55),""
memberinvaccident,attorneyName,40,,YES,varchar,varchar(35),""
memberinvaccident,attorneyPhone1,41,,YES,varchar,varchar(36),""
memberinvaccident,attorneyPhone1Ext,42,,YES,char,char(4),""
memberinvaccident,attorneyPhone1Type,43,,YES,varchar,varchar(2),""
memberinvaccident,attorneyPhone2,44,,YES,varchar,varchar(36),""
memberinvaccident,attorneyPhone2Ext,45,,YES,char,char(4),""
memberinvaccident,attorneyPhone2Type,46,,YES,varchar,varchar(2),""
memberinvaccident,attorneyAddress1,47,,YES,varchar,varchar(55),""
memberinvaccident,attorneyAddress2,48,,YES,varchar,varchar(55),""
memberinvaccident,attorneyCity,49,,YES,varchar,varchar(50),""
memberinvaccident,attorneyState,50,,YES,char,char(2),""
memberinvaccident,attorneyPostalCode,51,,YES,varchar,varchar(20),""
memberinvaccident,attorneyCountry,52,,YES,char,char(3),""
memberinvaccident,changeDateTime,53,"0000-00-00 00:00:00.000",NO,timestamp,timestamp(3),MUL
memberinvaccident,changeUserID,54,,YES,varchar,varchar(20),""
memberinvaccident,createDateTime,55,"0000-00-00 00:00:00.000",NO,timestamp,timestamp(3),""
memberinvaccident,createUserID,56,,YES,varchar,varchar(20),""
memberinvaccident,updateVersion,57,,YES,int,int,""
memberinvaccident,invAccidentNotes,58,,YES,varchar,varchar(4000),""
memberinvaccident,carrierID,59,,YES,bigint,bigint,""
memberinvaccident,externalCarrierContactName,60,,YES,varchar,varchar(35),""
memberinvaccident,externalCarrierContactPhone,61,,YES,varchar,varchar(36),""
memberinvaccident,externalCarrierContactPhoneExt,62,,YES,char,char(4),""
memberinvaccident,externalCarrierContactPhoneType,63,,YES,varchar,varchar(2),""
memberinvaccident,investigationCoveragePrimacy,64,,YES,varchar,varchar(1),""
memberinvaccident,memberInvestigationID,65,,YES,bigint,bigint,""
memberinvaccident,deleteInd,66,"0",YES,smallint,smallint,""
memberinvaccidentview,memberID,1,,YES,bigint,bigint,""
memberinvaccidentview,memberInvestigationID,2,"0",NO,bigint,bigint,""
memberinvaccidentview,investigationType,3,,YES,char,char(4),""
memberinvaccidentview,accidentDate,4,,YES,date,date,""
memberinvaccidentview,accidentType,5,,YES,char,char(3),""
memberinvcobinsuranceview,memberID,1,,YES,bigint,bigint,""
memberinvcobinsuranceview,memberInvestigationID,2,"0",NO,bigint,bigint,""
memberinvcobinsuranceview,benefitType,3,,YES,char,char(2),""
memberinvcobinsuranceview,carrierID,4,,YES,bigint,bigint,""
memberinvcobinsuranceview,investigationType,5,,YES,char,char(4),""
memberinvcobinsuranceview,investigationStatus,6,,YES,char,char(1),""
memberinvcobinsuranceview,cobDecisionCode,7,,YES,char,char(1),""
memberinvcobinsuranceview,changeDateTime,8,"0000-00-00 00:00:00.000",NO,timestamp,timestamp(3),""
memberinvcobinsuranceview,deleteInd,9,"0",YES,smallint,smallint,""
memberinvcobotherins,memberInvCobOtherInsID,1,"0",NO,bigint,bigint,PRI
memberinvcobotherins,memberID,2,,YES,bigint,bigint,""
memberinvcobotherins,memberInvestigationID,3,,YES,bigint,bigint,MUL
memberinvcobotherins,memberCOBID,4,,YES,bigint,bigint,MUL
memberinvcobotherins,changeDateTime,5,"0000-00-00 00:00:00.000",NO,timestamp,timestamp(3),MUL
memberinvcobotherins,changeUserID,6,,YES,varchar,varchar(20),""
memberinvcobotherins,createDateTime,7,"0000-00-00 00:00:00.000",NO,timestamp,timestamp(3),""
memberinvcobotherins,createUserID,8,,YES,varchar,varchar(20),""
memberinvcobotherins,updateVersion,9,,YES,int,int,""
memberinvcobotherins,deleteInd,10,,YES,smallint,smallint,""
memberinvdates,memberInvDatesID,1,"0",NO,bigint,bigint,PRI
memberinvdates,memberID,2,,YES,bigint,bigint,MUL
memberinvdates,memberInvestigationID,3,,YES,bigint,bigint,MUL
memberinvdates,invOpenDate,4,,YES,date,date,""
memberinvdates,invCloseDate,5,,YES,date,date,""
memberinvdates,changeDateTime,6,"0000-00-00 00:00:00.000",NO,timestamp,timestamp(3),MUL
memberinvdates,changeUserID,7,,YES,varchar,varchar(20),""
memberinvdates,createDateTime,8,"0000-00-00 00:00:00.000",NO,timestamp,timestamp(3),""
memberinvdates,createUserID,9,,YES,varchar,varchar(20),""
memberinvdates,updateVersion,10,,YES,int,int,""
memberinvdates,deleteInd,11,"0",YES,smallint,smallint,""
memberinvdiagnosis,memberInvDiagnosisID,1,"0",NO,bigint,bigint,PRI
memberinvdiagnosis,memberID,2,,YES,bigint,bigint,MUL
memberinvdiagnosis,memberInvestigationID,3,,YES,bigint,bigint,""
memberinvdiagnosis,investigationStatus,4,,YES,char,char(1),""
memberinvdiagnosis,diagnosisCode,5,,YES,varchar,varchar(9),""
memberinvdiagnosis,decisionCode,6,,YES,char,char(1),""
memberinvdiagnosis,lifetimeDenialInd,7,,YES,smallint,smallint,""
memberinvdiagnosis,denialPeriod,8,,YES,smallint,smallint,""
memberinvdiagnosis,durationType,9,,YES,varchar,varchar(1),""
memberinvdiagnosis,shortNote,10,,YES,varchar,varchar(264),""
memberinvdiagnosis,changeDateTime,11,"0000-00-00 00:00:00.000",NO,timestamp,timestamp(3),MUL
memberinvdiagnosis,changeUserID,12,,YES,varchar,varchar(20),""
memberinvdiagnosis,createDateTime,13,"0000-00-00 00:00:00.000",NO,timestamp,timestamp(3),""
memberinvdiagnosis,createUserID,14,,YES,varchar,varchar(20),""
memberinvdiagnosis,updateVersion,15,,YES,int,int,""
memberinvdiagnosis,diagnosisCategory,16,,YES,varchar,varchar(40),""
memberinvdiagnosis,deleteInd,17,"0",YES,smallint,smallint,""
memberinvestigation,memberInvestigationID,1,"0",NO,bigint,bigint,PRI
memberinvestigation,memberID,2,,YES,bigint,bigint,MUL
memberinvestigation,investigationType,3,,YES,char,char(4),""
memberinvestigation,investigationStatus,4,,YES,char,char(1),""
memberinvestigation,planID,5,,YES,varchar,varchar(30),""
memberinvestigation,accidentDate,6,,YES,date,date,""
memberinvestigation,cobDecisionCode,7,,YES,char,char(1),""
memberinvestigation,changeDateTime,8,"0000-00-00 00:00:00.000",NO,timestamp,timestamp(3),MUL
memberinvestigation,changeUserID,9,,YES,varchar,varchar(20),""
memberinvestigation,createDateTime,10,"0000-00-00 00:00:00.000",NO,timestamp,timestamp(3),""
memberinvestigation,createUserID,11,,YES,varchar,varchar(20),""
memberinvestigation,updateVersion,12,,YES,int,int,""
memberinvestigation,accidentExhaustionDate,13,,YES,date,date,""
memberinvestigation,deleteInd,14,"0",YES,smallint,smallint,""
memberinvinvdatesview,memberID,1,,YES,bigint,bigint,""
memberinvinvdatesview,memberInvestigationID,2,"0",NO,bigint,bigint,""
memberinvinvdatesview,investigationStatus,3,,YES,char,char(1),""
memberinvinvdatesview,invOpenDate,4,,YES,date,date,""
memberinvinvdatesview,invCloseDate,5,,YES,date,date,""
memberinvnote,memberInvNoteID,1,"0",NO,bigint,bigint,PRI
memberinvnote,memberID,2,,YES,bigint,bigint,MUL
memberinvnote,memberInvestigationID,3,,YES,bigint,bigint,MUL
memberinvnote,noteText,4,,YES,varchar,varchar(4000),""
memberinvnote,changeDateTime,5,"0000-00-00 00:00:00.000",NO,timestamp,timestamp(3),MUL
memberinvnote,changeUserID,6,,YES,varchar,varchar(20),""
memberinvnote,createDateTime,7,"0000-00-00 00:00:00.000",NO,timestamp,timestamp(3),""
memberinvnote,createUserID,8,,YES,varchar,varchar(20),""
memberinvnote,updateVersion,9,,YES,int,int,""
memberinvnote,deleteInd,10,"0",YES,smallint,smallint,""
memberinvotherinsuranceview,memberID,1,,YES,bigint,bigint,""
memberinvotherinsuranceview,memberInvestigationID,2,"0",NO,bigint,bigint,""
memberinvotherinsuranceview,memberInvCobOtherInsID,3,"0",NO,bigint,bigint,""
memberinvotherinsuranceview,memberCOBID,4,,YES,bigint,bigint,""
memberinvotherinsuranceview,cobEntityName,5,,YES,varchar,varchar(80),""
memberinvotherinsuranceview,payerResponsibilitySeqCode,6,,YES,varchar,varchar(1),""
memberinvotherinsuranceview,cobCoverageType,7,,YES,char,char(4),""
memberinvotherinsuranceview,benefitType,8,,YES,char,char(2),""
memberinvotherinsuranceview,effectiveDate,9,,YES,date,date,""
memberinvotherinsuranceview,expirationDate,10,,YES,date,date,""
memberinvotherinsuranceview,carrierID,11,,YES,bigint,bigint,""
memberinvprovider,memberInvProviderID,1,"0",NO,bigint,bigint,PRI
memberinvprovider,memberID,2,,YES,bigint,bigint,MUL
memberinvprovider,memberInvestigationID,3,,YES,bigint,bigint,""
memberinvprovider,providerID,4,,YES,bigint,bigint,""
memberinvprovider,providerOrgLocationID,5,,YES,bigint,bigint,""
memberinvprovider,nameLast,6,,YES,varchar,varchar(60),""
memberinvprovider,nameFirst,7,,YES,varchar,varchar(35),""
memberinvprovider,nameMiddle,8,,YES,varchar,varchar(60),""
memberinvprovider,nameSalutation,9,,YES,char,char(10),""
memberinvprovider,nameSuffix,10,,YES,char,char(10),""
memberinvprovider,providerContactName,11,,YES,varchar,varchar(60),""
memberinvprovider,phone1,12,,YES,varchar,varchar(36),""
memberinvprovider,phone1Ext,13,,YES,char,char(4),""
memberinvprovider,phone1Type,14,,YES,varchar,varchar(2),""
memberinvprovider,phone2,15,,YES,varchar,varchar(36),""
memberinvprovider,phone2Ext,16,,YES,char,char(4),""
memberinvprovider,phone2Type,17,,YES,varchar,varchar(2),""
memberinvprovider,phone3,18,,YES,varchar,varchar(36),""
memberinvprovider,phone3Ext,19,,YES,char,char(4),""
memberinvprovider,phone3Type,20,,YES,varchar,varchar(2),""
memberinvprovider,address1,21,,YES,varchar,varchar(55),""
memberinvprovider,address2,22,,YES,varchar,varchar(55),""
memberinvprovider,city,23,,YES,varchar,varchar(50),""
memberinvprovider,state,24,,YES,char,char(2),""
memberinvprovider,postalCode,25,,YES,varchar,varchar(20),""
memberinvprovider,country,26,,YES,char,char(3),""
memberinvprovider,email,27,,YES,varchar,varchar(80),""
memberinvprovider,medicalRecordID,28,,YES,varchar,varchar(30),""
memberinvprovider,changeDateTime,29,"0000-00-00 00:00:00.000",NO,timestamp,timestamp(3),MUL
memberinvprovider,changeUserID,30,,YES,varchar,varchar(20),""
memberinvprovider,createDateTime,31,"0000-00-00 00:00:00.000",NO,timestamp,timestamp(3),""
memberinvprovider,createUserID,32,,YES,varchar,varchar(20),""
memberinvprovider,updateVersion,33,,YES,int,int,""
memberinvprovider,deleteInd,34,"0",YES,smallint,smallint,""
memberinvtreatment,memberInvTreatmentID,1,,NO,bigint,bigint,PRI
memberinvtreatment,memberID,2,,YES,bigint,bigint,MUL
memberinvtreatment,memberInvestigationID,3,,YES,bigint,bigint,""
memberinvtreatment,cotType,4,,YES,varchar,varchar(10),""
memberinvtreatment,cotStageType,5,,YES,varchar,varchar(10),""
memberinvtreatment,utilizationProgramOrganType,6,,YES,char,char(10),""
memberinvtreatment,effectiveDate,7,,YES,date,date,""
memberinvtreatment,expirationDate,8,,YES,date,date,""
memberinvtreatment,changeDateTime,9,"0000-00-00 00:00:00.000",NO,timestamp,timestamp(3),MUL
memberinvtreatment,changeUserID,10,,YES,varchar,varchar(20),""
memberinvtreatment,createDateTime,11,"0000-00-00 00:00:00.000",NO,timestamp,timestamp(3),""
memberinvtreatment,createUserID,12,,YES,varchar,varchar(20),""
memberinvtreatment,updateVersion,13,,YES,int,int,""
memberinvtreatment,deleteInd,14,"0",YES,smallint,smallint,""
memberlanguage,memberLanguageID,1,"0",NO,bigint,bigint,PRI
memberlanguage,memberID,2,,YES,bigint,bigint,MUL
memberlanguage,languageCode,3,,YES,char,char(4),""
memberlanguage,languageUse,4,,YES,varchar,varchar(2),""
memberlanguage,createUserID,5,,YES,varchar,varchar(20),""
memberlanguage,createDateTime,6,"0000-00-00 00:00:00.000",NO,timestamp,timestamp(3),""
memberlanguage,changeUserID,7,,YES,varchar,varchar(20),""
memberlanguage,changeDateTime,8,"0000-00-00 00:00:00.000",NO,timestamp,timestamp(3),MUL
memberlanguage,updateVersion,9,,YES,int,int,""
memberlanguage,deleteInd,10,"0",YES,smallint,smallint,""
membermatchresolutionview,memberID,1,"0",NO,bigint,bigint,""
membermatchresolutionview,nameFirst,2,,YES,varchar,varchar(35),""
membermatchresolutionview,nameLast,3,,YES,varchar,varchar(60),""
membermatchresolutionview,nameMiddle,4,,YES,varchar,varchar(60),""
membermatchresolutionview,gender,5,,YES,char,char(1),""
membermatchresolutionview,birthDate,6,,YES,date,date,""
membermatchresolutionview,socialSecurityNumber,7,,YES,varchar,varchar(50),""
membermatchresolutionview,postalCode,8,,YES,varchar,varchar(20),""
membermatchresolutionview,state,9,,YES,char,char(2),""
membermatchresolutionview,effectiveDate,10,,YES,date,date,""
membermatchresolutionview,expirationDate,11,,YES,date,date,""
membermemgroupaffiliation,memberID,1,,NO,bigint,bigint,PRI
membermemgroupaffiliation,memGroupID,2,,NO,bigint,bigint,PRI
membermemgroupaffiliation,changeDateTime,3,"0000-00-00 00:00:00.000",NO,timestamp,timestamp(3),MUL
membermemgroupaffiliation,changeUserID,4,,YES,varchar,varchar(20),""
membermemgroupaffiliation,createDateTime,5,"0000-00-00 00:00:00.000",NO,timestamp,timestamp(3),""
membermemgroupaffiliation,createUserID,6,,YES,varchar,varchar(20),""
membermemgroupaffiliation,updateVersion,7,,YES,int,int,""
membermemgroupaffiliation,deleteInd,8,"0",YES,smallint,smallint,""
membermemgroupaffiliationview,memberID,1,"0",NO,bigint,bigint,""
membermemgroupaffiliationview,nameFirst,2,,YES,varchar,varchar(35),""
membermemgroupaffiliationview,nameLast,3,,YES,varchar,varchar(60),""
membermemgroupaffiliationview,memGroupID,4,,NO,bigint,bigint,""
membermerge,memberMergeID,1,,NO,bigint,bigint,PRI
membermerge,memberActionEventID,2,,YES,bigint,bigint,MUL
membermerge,mergedToExternalIDType,3,,YES,char,char(3),""
membermerge,mergedToExternalIDValue,4,,YES,varchar,varchar(50),""
membermerge,mergedToMemberID,5,,YES,bigint,bigint,""
membermerge,mergedToSubsAffilID,6,,YES,bigint,bigint,""
membermerge,mergedFromExternalIDType,7,,YES,char,char(3),""
membermerge,mergedFromExternalIDValue,8,,YES,varchar,varchar(50),""
membermerge,mergedFromMemberID,9,,YES,bigint,bigint,""
membermerge,mergedFromSubsAffilID,10,,YES,bigint,bigint,""
membermerge,memberMergeStatus,11,,YES,char,char(40),""
membermerge,transID,12,,YES,varchar,varchar(80),""
membermerge,changeDateTime,13,"0000-00-00 00:00:00.000",NO,timestamp,timestamp(3),MUL
membermerge,changeUserID,14,,YES,varchar,varchar(20),""
membermerge,createDateTime,15,"0000-00-00 00:00:00.000",NO,timestamp,timestamp(3),""
membermerge,createUserID,16,,YES,varchar,varchar(20),""
membermerge,updateVersion,17,,YES,int,int,""
membernote,noteID,1,"0",NO,bigint,bigint,PRI
membernote,memberID,2,,YES,bigint,bigint,MUL
membernote,noteSubject,3,,YES,varchar,varchar(50),""
membernote,noteType,4,,YES,char,char(2),""
membernote,noteText,5,,YES,varchar,varchar(4000),""
membernote,changeUserID,6,,YES,varchar,varchar(20),""
membernote,updateVersion,7,,YES,int,int,""
membernote,createDateTime,8,"0000-00-00 00:00:00.000",NO,timestamp,timestamp(3),""
membernote,createUserID,9,,YES,varchar,varchar(20),""
membernote,changeDateTime,10,"0000-00-00 00:00:00.000",NO,timestamp,timestamp(3),MUL
membernote,deleteInd,11,"0",YES,smallint,smallint,""
memberoocplan,memberOOCPlanID,1,"0",NO,bigint,bigint,PRI
memberoocplan,memberOOCTimelineID,2,,YES,bigint,bigint,MUL
memberoocplan,memberID,3,,YES,bigint,bigint,MUL
memberoocplan,subscriberID,4,,YES,bigint,bigint,""
memberoocplan,memberCOBID,5,,YES,bigint,bigint,""
memberoocplan,cobSequence,6,,YES,smallint,smallint,""
memberoocplan,changeDateTime,7,"0000-00-00 00:00:00.000",NO,timestamp,timestamp(3),MUL
memberoocplan,changeUserID,8,,YES,varchar,varchar(20),""
memberoocplan,createDateTime,9,"0000-00-00 00:00:00.000",NO,timestamp,timestamp(3),""
memberoocplan,createUserID,10,,YES,varchar,varchar(20),""
memberoocplan,updateVersion,11,,YES,int,int,""
memberoocplan,subsAffiliationID,12,,YES,bigint,bigint,""
memberoocplan,planOptionID,13,,YES,varchar,varchar(8),""
memberoocplan,memGroupID,14,,YES,bigint,bigint,""
memberoocplan,externalPlanInd,15,"0",YES,smallint,smallint,""
memberoocplanview,memberOOCPlanID,1,"0",NO,bigint,bigint,""
memberoocplanview,memberOOCTimelineID,2,,YES,bigint,bigint,""
memberoocplanview,memberID,3,,YES,bigint,bigint,""
memberoocplanview,subscriberID,4,,YES,bigint,bigint,""
memberoocplanview,memberCOBID,5,,YES,bigint,bigint,""
memberoocplanview,cobSequence,6,,YES,smallint,smallint,""
memberoocplanview,changeDateTime,7,"0000-00-00 00:00:00.000",NO,timestamp,timestamp(3),""
memberoocplanview,changeUserID,8,,YES,varchar,varchar(20),""
memberoocplanview,createDateTime,9,"0000-00-00 00:00:00.000",NO,timestamp,timestamp(3),""
memberoocplanview,createUserID,10,,YES,varchar,varchar(20),""
memberoocplanview,updateVersion,11,,YES,int,int,""
memberoocplanview,memGroupID,12,,YES,bigint,bigint,""
memberoocplanview,subsAffiliationID,13,,YES,bigint,bigint,""
memberoocplanview,planOptionID,14,,YES,varchar,varchar(8),""
memberoocplanview,cobEntityName,15,,YES,varchar,varchar(80),""
memberoocplanview,benefitType,16,,YES,char,char(2),""
memberoocplanview,govtBenefitType,17,,YES,varchar,varchar(15),""
memberoocplanview,payerResponsibilitySeqCode,18,,YES,varchar,varchar(1),""
memberoocplanview,carrierID,19,,YES,bigint,bigint,""
memberooctimeline,memberOOCTimelineID,1,"0",NO,bigint,bigint,PRI
memberooctimeline,memberID,2,,YES,bigint,bigint,MUL
memberooctimeline,effectiveDate,3,,YES,date,date,""
memberooctimeline,expirationDate,4,,YES,date,date,""
memberooctimeline,changeDateTime,5,"0000-00-00 00:00:00.000",NO,timestamp,timestamp(3),MUL
memberooctimeline,changeUserID,6,,YES,varchar,varchar(20),""
memberooctimeline,createDateTime,7,"0000-00-00 00:00:00.000",NO,timestamp,timestamp(3),""
memberooctimeline,createUserID,8,,YES,varchar,varchar(20),""
memberooctimeline,updateVersion,9,,YES,int,int,""
memberooctimeline,cobEngineLockInd,10,,YES,smallint,smallint,""
memberotherincome,memberOtherIncomeID,1,"0",NO,bigint,bigint,PRI
memberotherincome,memberID,2,,YES,bigint,bigint,MUL
memberotherincome,incomeType,3,,YES,char,char(3),""
memberotherincome,incomeAmt,4,,YES,decimal,"decimal(9,2)",""
memberotherincome,frequencyCode,5,,YES,char,char(1),""
memberotherincome,effectiveDate,6,,YES,date,date,""
memberotherincome,expirationDate,7,,YES,date,date,""
memberotherincome,changeDateTime,8,"0000-00-00 00:00:00.000",NO,timestamp,timestamp(3),MUL
memberotherincome,changeUserID,9,,YES,varchar,varchar(20),""
memberotherincome,createDateTime,10,"0000-00-00 00:00:00.000",NO,timestamp,timestamp(3),""
memberotherincome,createUserID,11,,YES,varchar,varchar(20),""
memberotherincome,updateVersion,12,,YES,int,int,""
memberotherincome,deleteInd,13,"0",YES,smallint,smallint,""
memberperiochart,memberPerioChartID,1,"0",NO,bigint,bigint,PRI
memberperiochart,memberID,2,,YES,bigint,bigint,MUL
memberperiochart,dentalQuadrant,3,,YES,char,char(2),""
memberperiochart,procedureCode,4,,YES,varchar,varchar(15),""
memberperiochart,procedureDate,5,,YES,date,date,""
memberperiochart,procCodeType,6,,YES,varchar,varchar(2),""
memberperiochart,actualSvcsProcessed,7,,YES,smallint,smallint,""
memberperiochart,changeDateTime,8,"0000-00-00 00:00:00.000",NO,timestamp,timestamp(3),MUL
memberperiochart,changeUserID,9,,YES,varchar,varchar(20),""
memberperiochart,createDateTime,10,"0000-00-00 00:00:00.000",NO,timestamp,timestamp(3),""
memberperiochart,createUserID,11,,YES,varchar,varchar(20),""
memberperiochart,updateVersion,12,,YES,int,int,""
memberperiomeasure,memberPerioMeasureID,1,"0",NO,bigint,bigint,PRI
memberperiomeasure,memberPerioPocketID,2,,YES,bigint,bigint,MUL
memberperiomeasure,memberID,3,"0",NO,bigint,bigint,PRI
memberperiomeasure,toothID,4,"",NO,char,char(2),PRI
memberperiomeasure,surface1,5,,YES,smallint,smallint,""
memberperiomeasure,surface2,6,,YES,smallint,smallint,""
memberperiomeasure,surface3,7,,YES,smallint,smallint,""
memberperiomeasure,surface4,8,,YES,smallint,smallint,""
memberperiomeasure,surface5,9,,YES,smallint,smallint,""
memberperiomeasure,surface6,10,,YES,smallint,smallint,""
memberperiomeasure,surface7,11,,YES,smallint,smallint,""
memberperiomeasure,surface8,12,,YES,smallint,smallint,""
memberperiomeasure,changeDateTime,13,"0000-00-00 00:00:00.000",NO,timestamp,timestamp(3),MUL
memberperiomeasure,changeUserID,14,,YES,varchar,varchar(20),""
memberperiomeasure,createDateTime,15,"0000-00-00 00:00:00.000",NO,timestamp,timestamp(3),""
memberperiomeasure,createUserID,16,,YES,varchar,varchar(20),""
memberperiomeasure,updateVersion,17,,YES,int,int,""
memberperiomeasure,measurementDate,18,,YES,date,date,""
memberperiopocket,memberPerioPocketID,1,"0",NO,bigint,bigint,PRI
memberperiopocket,memberID,2,,YES,bigint,bigint,MUL
memberperiopocket,measurementDate,3,,YES,date,date,""
memberperiopocket,pocketLR,4,,YES,smallint,smallint,""
memberperiopocket,pocketLL,5,,YES,smallint,smallint,""
memberperiopocket,pocketUR,6,,YES,smallint,smallint,""
memberperiopocket,pocketUL,7,,YES,smallint,smallint,""
memberperiopocket,changeDateTime,8,"0000-00-00 00:00:00.000",NO,timestamp,timestamp(3),MUL
memberperiopocket,changeUserID,9,,YES,varchar,varchar(20),""
memberperiopocket,createDateTime,10,"0000-00-00 00:00:00.000",NO,timestamp,timestamp(3),""
memberperiopocket,createUserID,11,,YES,varchar,varchar(20),""
memberperiopocket,updateVersion,12,,YES,int,int,""
memberphone,memberID,1,,YES,bigint,bigint,MUL
memberphone,phoneType,2,,YES,varchar,varchar(2),""
memberphone,phone,3,,YES,varchar,varchar(36),""
memberphone,phoneExt,4,,YES,char,char(8),""
memberphone,contactPeriod,5,,YES,char,char(1),""
memberphone,changeDateTime,6,"0000-00-00 00:00:00.000",NO,timestamp,timestamp(3),MUL
memberphone,changeUserID,7,,YES,varchar,varchar(20),""
memberphone,createDateTime,8,"0000-00-00 00:00:00.000",NO,timestamp,timestamp(3),""
memberphone,createUserID,9,,YES,varchar,varchar(20),""
memberphone,updateVersion,10,,YES,int,int,""
memberphone,memberPhoneID,11,"0",NO,bigint,bigint,PRI
memberphone,primaryInd,12,,YES,smallint,smallint,""
memberphone,nonUSPhoneInd,13,,YES,smallint,smallint,""
memberphone,deleteInd,14,"0",YES,smallint,smallint,""
memberpreferredcommunication,memberPreferredCommunicationID,1,"0",NO,bigint,bigint,PRI
memberpreferredcommunication,memberID,2,,YES,bigint,bigint,MUL
memberpreferredcommunication,correspondenceTypeCode,3,,YES,varchar,varchar(3),""
memberpreferredcommunication,paperlessOptInInd,4,,YES,smallint,smallint,""
memberpreferredcommunication,lastUpdateByConsumerDate,5,,YES,date,date,""
memberpreferredcommunication,administrationSource,6,,YES,varchar,varchar(50),""
memberpreferredcommunication,deleteInd,7,,YES,smallint,smallint,""
memberpreferredcommunication,createDateTime,8,"0000-00-00 00:00:00.000",NO,timestamp,timestamp(3),""
memberpreferredcommunication,createUserID,9,,YES,varchar,varchar(20),""
memberpreferredcommunication,changeDateTime,10,"0000-00-00 00:00:00.000",NO,timestamp,timestamp(3),MUL
memberpreferredcommunication,changeUserID,11,,YES,varchar,varchar(20),""
memberpreferredcommunication,updateVersion,12,,YES,int,int,""
memberssnview,memberID,1,"0",NO,bigint,bigint,""
memberssnview,nameLast,2,,YES,varchar,varchar(60),""
memberssnview,nameFirst,3,,YES,varchar,varchar(35),""
memberssnview,nameMiddle,4,,YES,varchar,varchar(60),""
memberssnview,nameSalutation,5,,YES,char,char(10),""
memberssnview,birthSequenceNum,6,,YES,int,int,""
memberssnview,nameSuffix,7,,YES,char,char(10),""
memberssnview,socialSecurityNumber,8,,YES,varchar,varchar(50),""
memberssnview,medicareID,9,,YES,varchar,varchar(50),""
memberssnview,gender,10,,YES,char,char(1),""
memberssnview,birthDate,11,,YES,date,date,""
memberssnview,deceasedDate,12,,YES,date,date,""
memberssnview,ethnicity,13,,YES,char,char(1),""
memberssnview,maritalStatus,14,,YES,char,char(1),""
memberssnview,citizenshipStatus,15,,YES,char,char(2),""
memberssnview,privacyType,16,,YES,char,char(1),""
memberssnview,reviewClaimsInd,17,,YES,smallint,smallint,""
memberssnview,nameSuffixTitle,18,,YES,varchar,varchar(10),""
memberssnview,ssnStatusType,19,,YES,varchar,varchar(3),""
memberssnview,preferredCommMethodType,20,,YES,varchar,varchar(3),""
memberssnview,preferredCorrespondenceType,21,,YES,varchar,varchar(3),""
memberssnview,changeDateTime,22,"0000-00-00 00:00:00.000",NO,timestamp,timestamp(3),""
memberssnview,changeUserID,23,,YES,varchar,varchar(20),""
memberssnview,createDateTime,24,"0000-00-00 00:00:00.000",NO,timestamp,timestamp(3),""
memberssnview,createUserID,25,,YES,varchar,varchar(20),""
memberssnview,updateVersion,26,,YES,int,int,""
memberssnview,raceEthnicityLangCollectCode,27,,YES,varchar,varchar(3),""
memberssnview,claimAuditType,28,,YES,varchar,varchar(10),""
memberssnview,claimAuditInd,29,,YES,smallint,smallint,""
memberssnview,appealQueueGroupID,30,,YES,varchar,varchar(30),""
memberssnview,alternateNameFirst,31,,YES,varchar,varchar(35),""
memberssnview,deleteInd,32,"0",YES,smallint,smallint,""
memberstudent,memberStudentID,1,"0",NO,bigint,bigint,PRI
memberstudent,memberIndicatorID,2,,YES,bigint,bigint,MUL
memberstudent,memberID,3,,YES,bigint,bigint,MUL
memberstudent,studentStatus,4,,YES,char,char(1),""
memberstudent,schoolName,5,,YES,varchar,varchar(35),""
memberstudent,changeDateTime,6,"0000-00-00 00:00:00.000",NO,timestamp,timestamp(3),MUL
memberstudent,changeUserID,7,,YES,varchar,varchar(20),""
memberstudent,createDateTime,8,"0000-00-00 00:00:00.000",NO,timestamp,timestamp(3),""
memberstudent,createUserID,9,,YES,varchar,varchar(20),""
memberstudent,updateVersion,10,,YES,int,int,""
memberstudent,graduationDate,11,,YES,date,date,""
memberstudent,deleteInd,12,"0",YES,smallint,smallint,""
membersupertooth,memberSuperToothID,1,"0",NO,bigint,bigint,PRI
membersupertooth,memberID,2,,YES,bigint,bigint,MUL
membersupertooth,supernumeraryToothID,3,,YES,char,char(2),""
membersupertooth,toothType,4,,YES,char,char(1),""
membersupertooth,toothRegion,5,,YES,char,char(1),""
membersupertooth,toothArch,6,,YES,char,char(1),""
membersupertooth,dentalQuadrant,7,,YES,char,char(2),""
membersupertooth,surfaceO,8,,YES,smallint,smallint,""
membersupertooth,surfaceM,9,,YES,smallint,smallint,""
membersupertooth,surfaceLa,10,,YES,smallint,smallint,""
membersupertooth,surfaceL,11,,YES,smallint,smallint,""
membersupertooth,surfaceI,12,,YES,smallint,smallint,""
membersupertooth,surfaceF,13,,YES,smallint,smallint,""
membersupertooth,surfaceD,14,,YES,smallint,smallint,""
membersupertooth,surfaceB,15,,YES,smallint,smallint,""
membersupertooth,changeDateTime,16,"0000-00-00 00:00:00.000",NO,timestamp,timestamp(3),MUL
membersupertooth,changeUserID,17,,YES,varchar,varchar(20),""
membersupertooth,createDateTime,18,"0000-00-00 00:00:00.000",NO,timestamp,timestamp(3),""
membersupertooth,createUserID,19,,YES,varchar,varchar(20),""
membersupertooth,updateVersion,20,,YES,int,int,""
membersupertoothid,memberSuperToothIDID,1,"0",NO,bigint,bigint,PRI
membersupertoothid,memberID,2,"0",NO,bigint,bigint,PRI
membersupertoothid,supernumeraryToothID,3,"",NO,char,char(2),PRI
membersupertoothid,providerToothID,4,,YES,char,char(2),""
membersupertoothid,providerID,5,"0",NO,bigint,bigint,PRI
membersupertoothid,changeDateTime,6,"0000-00-00 00:00:00.000",NO,timestamp,timestamp(3),MUL
membersupertoothid,changeUserID,7,,YES,varchar,varchar(20),""
membersupertoothid,createDateTime,8,"0000-00-00 00:00:00.000",NO,timestamp,timestamp(3),""
membersupertoothid,createUserID,9,,YES,varchar,varchar(20),""
membersupertoothid,updateVersion,10,,YES,int,int,""
memberswithage65or70vw,memberID,1,"0",NO,bigint,bigint,""
memberswithbirthdatein91days,memberID,1,"0",NO,bigint,bigint,""
memberswithbirthdatein91days,nameLast,2,,YES,varchar,varchar(60),""
memberswithbirthdatein91days,nameFirst,3,,YES,varchar,varchar(35),""
memberswithbirthdatein91days,birthDate,4,,YES,date,date,""
memberswithbirthdatein91days,gender,5,,YES,char,char(1),""
memberswithbirthdatein91days,memGroupID,6,,NO,bigint,bigint,""
membertoothchart,memberToothChartID,1,"0",NO,bigint,bigint,PRI
membertoothchart,memberID,2,,YES,bigint,bigint,MUL
membertoothchart,procedureCode,3,,YES,varchar,varchar(15),""
membertoothchart,procedureDate,4,,YES,date,date,""
membertoothchart,toothID,5,,YES,char,char(2),MUL
membertoothchart,supernumeraryInd,6,,YES,smallint,smallint,""
membertoothchart,procCodeType,7,,YES,varchar,varchar(2),""
membertoothchart,actualSvcsProcessed,8,,YES,smallint,smallint,""
membertoothchart,toothType,9,,YES,char,char(1),""
membertoothchart,changeDateTime,10,"0000-00-00 00:00:00.000",NO,timestamp,timestamp(3),MUL
membertoothchart,changeUserID,11,,YES,varchar,varchar(20),""
membertoothchart,createDateTime,12,"0000-00-00 00:00:00.000",NO,timestamp,timestamp(3),""
membertoothchart,createUserID,13,,YES,varchar,varchar(20),""
membertoothchart,updateVersion,14,,YES,int,int,""
membertransfer,memberTransferID,1,"0",NO,bigint,bigint,PRI
membertransfer,memberID,2,,YES,bigint,bigint,MUL
membertransfer,transferInCarrier,3,,YES,varchar,varchar(10),""
membertransfer,transferOutCarrier,4,,YES,varchar,varchar(10),""
membertransfer,transferInDate,5,,YES,date,date,""
membertransfer,transferOutDate,6,,YES,date,date,""
membertransfer,primingBalSentAmt,7,,YES,decimal,"decimal(9,2)",""
membertransfer,primingBalRcvdAmt,8,,YES,decimal,"decimal(9,2)",""
membertransfer,primingBalSentDate,9,,YES,date,date,""
membertransfer,primingBalRcvdDate,10,,YES,date,date,""
membertransfer,allocationSentAmt,11,,YES,decimal,"decimal(9,2)",""
membertransfer,allocationRcvdAmt,12,,YES,decimal,"decimal(9,2)",""
membertransfer,allocationSentDate,13,,YES,date,date,""
membertransfer,allocationRcvdDate,14,,YES,date,date,""
membertransfer,rolloverSentAmt,15,,YES,decimal,"decimal(9,2)",""
membertransfer,rolloverRcvdAmt,16,,YES,decimal,"decimal(9,2)",""
membertransfer,rolloverSentDate,17,,YES,date,date,""
membertransfer,rolloverRcvdDate,18,,YES,date,date,""
membertransfer,changeDateTime,19,"0000-00-00 00:00:00.000",NO,timestamp,timestamp(3),MUL
membertransfer,changeUserID,20,,YES,varchar,varchar(20),""
membertransfer,createDateTime,21,"0000-00-00 00:00:00.000",NO,timestamp,timestamp(3),""
membertransfer,createUserID,22,,YES,varchar,varchar(20),""
membertransfer,updateVersion,23,,YES,int,int,""
membertransfer,lastAllocSentDate,24,,YES,date,date,""
membertransfer,lastAllocRcvdDate,25,,YES,date,date,""
membertransfer,invalidInd,26,,YES,smallint,smallint,""
membertransfer,roPrimingBalSentAmt,27,,YES,decimal,"decimal(9,2)",""
membertransfer,roPrimingBalRcvdAmt,28,,YES,decimal,"decimal(9,2)",""
membertransfer,roPrimingBalSentDate,29,,YES,date,date,""
membertransfer,roPrimingBalRcvdDate,30,,YES,date,date,""
membertransfer,rolloverBalAmt,31,,YES,decimal,"decimal(9,2)",""
membertransfer,rolloverBalDate,32,,YES,date,date,""
membertransfer,totalHRACUsed,33,,YES,decimal,"decimal(12,2)",""
membertransfer,totalHRARUsed,34,,YES,decimal,"decimal(12,2)",""
membervitals,memberVitalsID,1,"0",NO,bigint,bigint,PRI
membervitals,memberIndicatorID,2,,YES,bigint,bigint,MUL
membervitals,memberID,3,,YES,bigint,bigint,MUL
membervitals,weight,4,,YES,decimal,"decimal(10,2)",""
membervitals,height,5,,YES,decimal,"decimal(4,2)",""
membervitals,systolicBP,6,,YES,smallint,smallint,""
membervitals,diastolicBP,7,,YES,smallint,smallint,""
membervitals,totalCholesterol,8,,YES,smallint,smallint,""
membervitals,hdlCholesterol,9,,YES,smallint,smallint,""
membervitals,ldlCholesterol,10,,YES,smallint,smallint,""
membervitals,triglycerides,11,,YES,smallint,smallint,""
membervitals,whiteBloodCount,12,,YES,int,int,""
membervitals,redBloodCount,13,,YES,decimal,"decimal(2,1)",""
membervitals,hematocritLevel,14,,YES,smallint,smallint,""
membervitals,hemaglobinLevel,15,,YES,smallint,smallint,""
membervitals,plateletCount,16,,YES,int,int,""
membervitals,glucoseLevel,17,,YES,smallint,smallint,""
membervitals,changeDateTime,18,"0000-00-00 00:00:00.000",NO,timestamp,timestamp(3),MUL
membervitals,changeUserID,19,,YES,varchar,varchar(20),""
membervitals,createDateTime,20,"0000-00-00 00:00:00.000",NO,timestamp,timestamp(3),""
membervitals,createUserID,21,,YES,varchar,varchar(20),""
membervitals,updateVersion,22,,YES,int,int,""
membervitals,deleteInd,23,"0",YES,smallint,smallint,""
memexpensecodemax,memExpenseCodeMaxID,1,"0",NO,bigint,bigint,PRI
memexpensecodemax,memberID,2,,YES,bigint,bigint,MUL
memexpensecodemax,msaID,3,,YES,varchar,varchar(30),""
memexpensecodemax,expenseCode,4,,YES,char,char(10),""
memexpensecodemax,expenseCodeSeqNum,5,,YES,int,int,""
memexpensecodemax,famMemberID,6,,YES,bigint,bigint,""
memexpensecodemax,maxPeriodStartDate,7,,YES,date,date,""
memexpensecodemax,maxPeriodEndDate,8,,YES,date,date,""
memexpensecodemax,durationType,9,,YES,varchar,varchar(1),""
memexpensecodemax,maxAccumAmt,10,,YES,decimal,"decimal(10,2)",""
memexpensecodemax,changeDateTime,11,"0000-00-00 00:00:00.000",NO,timestamp,timestamp(3),MUL
memexpensecodemax,changeUserID,12,,YES,varchar,varchar(20),""
memexpensecodemax,createDateTime,13,"0000-00-00 00:00:00.000",NO,timestamp,timestamp(3),""
memexpensecodemax,createUserID,14,,YES,varchar,varchar(20),""
memexpensecodemax,updateVersion,15,,YES,int,int,""
memexpensecodemaxhx,memExpenseCodeMaxHxID,1,"0",NO,bigint,bigint,PRI
memexpensecodemaxhx,memExpenseCodeMaxID,2,,YES,bigint,bigint,MUL
memexpensecodemaxhx,memberID,3,,YES,bigint,bigint,""
memexpensecodemaxhx,msaID,4,,YES,varchar,varchar(30),""
memexpensecodemaxhx,expenseCode,5,,YES,char,char(10),""
memexpensecodemaxhx,expenseCodeSeqNum,6,,YES,int,int,""
memexpensecodemaxhx,famMemberID,7,,YES,bigint,bigint,""
memexpensecodemaxhx,claimLineAdjudicationID,8,,YES,bigint,bigint,MUL
memexpensecodemaxhx,claimID,9,,YES,bigint,bigint,""
memexpensecodemaxhx,claimLineNum,10,,YES,int,int,""
memexpensecodemaxhx,claNum,11,,YES,int,int,""
memexpensecodemaxhx,maxAccumAmt,12,,YES,decimal,"decimal(10,2)",""
memexpensecodemaxhx,changeDateTime,13,CURRENT_TIMESTAMP(3),NO,timestamp,timestamp(3),MUL
memexpensecodemaxhx,changeUserID,14,,YES,varchar,varchar(20),""
memexpensecodemaxhx,createDateTime,15,"0000-00-00 00:00:00.000",NO,timestamp,timestamp(3),""
memexpensecodemaxhx,createUserID,16,,YES,varchar,varchar(20),""
memexpensecodemaxhx,updateVersion,17,,YES,int,int,""
memhealthcodemax,memHealthCodeMaxID,1,"0",NO,bigint,bigint,PRI
memhealthcodemax,memberID,2,,YES,bigint,bigint,MUL
memhealthcodemax,msaID,3,,YES,varchar,varchar(30),""
memhealthcodemax,benefitCode,4,,YES,varchar,varchar(60),""
memhealthcodemax,healthCodeSeqNum,5,,YES,int,int,""
memhealthcodemax,famMemberID,6,,YES,bigint,bigint,""
memhealthcodemax,maxPeriodStartDate,7,,YES,date,date,""
memhealthcodemax,maxPeriodEndDate,8,,YES,date,date,""
memhealthcodemax,durationType,9,,YES,varchar,varchar(1),""
memhealthcodemax,maxAccumAmt,10,,YES,decimal,"decimal(10,2)",""
memhealthcodemax,changeDateTime,11,"0000-00-00 00:00:00.000",NO,timestamp,timestamp(3),MUL
memhealthcodemax,changeUserID,12,,YES,varchar,varchar(20),""
memhealthcodemax,createDateTime,13,"0000-00-00 00:00:00.000",NO,timestamp,timestamp(3),""
memhealthcodemax,createUserID,14,,YES,varchar,varchar(20),""
memhealthcodemax,updateVersion,15,,YES,int,int,""
memhealthcodemaxhx,memHealthCodeMaxHxID,1,"0",NO,bigint,bigint,PRI
memhealthcodemaxhx,memHealthCodeMaxID,2,,YES,bigint,bigint,MUL
memhealthcodemaxhx,memberID,3,,YES,bigint,bigint,""
memhealthcodemaxhx,msaID,4,,YES,varchar,varchar(30),""
memhealthcodemaxhx,benefitCode,5,,YES,varchar,varchar(60),""
memhealthcodemaxhx,healthCodeSeqNum,6,,YES,int,int,""
memhealthcodemaxhx,famMemberID,7,,YES,bigint,bigint,""
memhealthcodemaxhx,claimLineAdjudicationID,8,,YES,bigint,bigint,MUL
memhealthcodemaxhx,claimID,9,,YES,bigint,bigint,""
memhealthcodemaxhx,claimLineNum,10,,YES,int,int,""
memhealthcodemaxhx,claNum,11,,YES,int,int,""
memhealthcodemaxhx,maxAccumAmt,12,,YES,decimal,"decimal(10,2)",""
memhealthcodemaxhx,changeDateTime,13,CURRENT_TIMESTAMP(3),NO,timestamp,timestamp(3),MUL
memhealthcodemaxhx,changeUserID,14,,YES,varchar,varchar(20),""
memhealthcodemaxhx,createDateTime,15,"0000-00-00 00:00:00.000",NO,timestamp,timestamp(3),""
memhealthcodemaxhx,createUserID,16,,YES,varchar,varchar(20),""
memhealthcodemaxhx,updateVersion,17,,YES,int,int,""
notiftemplatesched,notifTemplateSchedID,1,,NO,varchar,varchar(40),PRI
notiftemplatesched,schedDescription,2,,YES,varchar,varchar(200),""
notiftemplatesched,entityType,3,,YES,char,char(2),""
notiftemplatesched,effectiveDate,4,,YES,date,date,""
notiftemplatesched,expirationDate,5,,YES,date,date,""
notiftemplatesched,assignedInd,6,,YES,smallint,smallint,""
notiftemplatesched,activationDateTime,7,,YES,timestamp,timestamp(3),""
notiftemplatesched,deactivationDateTime,8,,YES,timestamp,timestamp(3),""
notiftemplatesched,ownerGroupID,9,,YES,varchar,varchar(30),""
notiftemplatesched,scheduleStatus,10,,YES,varchar,varchar(1),""
notiftemplatesched,changeDateTime,11,"0000-00-00 00:00:00.000",NO,timestamp,timestamp(3),MUL
notiftemplatesched,changeUserID,12,,YES,varchar,varchar(20),""
notiftemplatesched,createDateTime,13,"0000-00-00 00:00:00.000",NO,timestamp,timestamp(3),""
notiftemplatesched,createUserID,14,,YES,varchar,varchar(20),""
notiftemplatesched,updateVersion,15,,YES,int,int,""
notiftemplateschedauditdetail,auditDetailID,1,,NO,bigint,bigint,PRI
notiftemplateschedauditdetail,tableName,2,,YES,varchar,varchar(32),""
notiftemplateschedauditdetail,auditText,3,,YES,varchar,varchar(4000),""
notiftemplateschedauditdetail,notifTemplateSchedID,4,,YES,varchar,varchar(40),""
notiftemplateschedauditdetail,changeDateTime,5,"0000-00-00 00:00:00.000",NO,timestamp,timestamp(3),MUL
notiftemplateschedauditdetail,changeUserID,6,,YES,varchar,varchar(20),""
notiftemplateschedauditdetail,createDateTime,7,"0000-00-00 00:00:00.000",NO,timestamp,timestamp(3),""
notiftemplateschedauditdetail,createUserID,8,,YES,varchar,varchar(20),""
notiftemplateschedauditdetail,updateVersion,9,,YES,int,int,""
notiftemplatescheddetail,notifTemplateSchedDetailID,1,,NO,bigint,bigint,PRI
notiftemplatescheddetail,notificationType,2,,YES,varchar,varchar(10),""
notiftemplatescheddetail,notificationTemplateType,3,,YES,varchar,varchar(10),""
notiftemplatescheddetail,notifTemplateSchedEventID,4,,YES,bigint,bigint,MUL
notiftemplatescheddetail,notifTemplateSchedID,5,,YES,varchar,varchar(40),""
notiftemplatescheddetail,changeDateTime,6,"0000-00-00 00:00:00.000",NO,timestamp,timestamp(3),MUL
notiftemplatescheddetail,changeUserID,7,,YES,varchar,varchar(20),""
notiftemplatescheddetail,createDateTime,8,"0000-00-00 00:00:00.000",NO,timestamp,timestamp(3),""
notiftemplatescheddetail,createUserID,9,,YES,varchar,varchar(20),""
notiftemplatescheddetail,updateVersion,10,,YES,int,int,""
notiftemplatescheddetail,notifTemplateContent,11,,YES,varchar,varchar(4000),""
notiftemplateschedevent,notifTemplateSchedEventID,1,,NO,bigint,bigint,PRI
notiftemplateschedevent,effectiveDate,2,,YES,date,date,""
notiftemplateschedevent,expirationDate,3,,YES,date,date,""
notiftemplateschedevent,actionEventType,4,,YES,varchar,varchar(10),""
notiftemplateschedevent,notifTemplateSchedID,5,,YES,varchar,varchar(40),MUL
notiftemplateschedevent,fileSubmissionType,6,,YES,varchar,varchar(10),""
notiftemplateschedevent,changeDateTime,7,"0000-00-00 00:00:00.000",NO,timestamp,timestamp(3),MUL
notiftemplateschedevent,changeUserID,8,,YES,varchar,varchar(20),""
notiftemplateschedevent,createDateTime,9,"0000-00-00 00:00:00.000",NO,timestamp,timestamp(3),""
notiftemplateschedevent,createUserID,10,,YES,varchar,varchar(20),""
notiftemplateschedevent,updateVersion,11,,YES,int,int,""
notiftemplateschedeventview,notifTemplateSchedID,1,,NO,varchar,varchar(40),""
notiftemplateschedeventview,entityType,2,,YES,char,char(2),""
notiftemplateschedeventview,schedEffectiveDate,3,,YES,date,date,""
notiftemplateschedeventview,schedExpirationDate,4,,YES,date,date,""
notiftemplateschedeventview,ownerGroupID,5,,YES,varchar,varchar(30),""
notiftemplateschedeventview,scheduleStatus,6,,YES,varchar,varchar(1),""
notiftemplateschedeventview,notifTemplateSchedEventID,7,,NO,bigint,bigint,""
notiftemplateschedeventview,eventEffectiveDate,8,,YES,date,date,""
notiftemplateschedeventview,eventExpirationDate,9,,YES,date,date,""
notiftemplateschedeventview,actionEventType,10,,YES,varchar,varchar(10),""
notiftemplateschedeventview,fileSubmissionType,11,,YES,varchar,varchar(10),""
provassignrulecomponent,provAssignRuleComponentID,1,,NO,bigint,bigint,PRI
provassignrulecomponent,alternateComponentID,2,,YES,varchar,varchar(20),""
provassignrulecomponent,componentName,3,,YES,varchar,varchar(100),""
provassignrulecomponent,componentDescription,4,,YES,varchar,varchar(255),""
provassignrulecomponent,designationType,5,,YES,varchar,varchar(20),""
provassignrulecomponent,memberRequestedInd,6,,YES,smallint,smallint,""
provassignrulecomponent,providerIDInd,7,,YES,smallint,smallint,""
provassignrulecomponent,providerOrgIDInd,8,,YES,smallint,smallint,""
provassignrulecomponent,locationIDInd,9,,YES,smallint,smallint,""
provassignrulecomponent,networkIDInd,10,,YES,smallint,smallint,""
provassignrulecomponent,currentAssignedRiskProfile,11,,YES,varchar,varchar(20),""
provassignrulecomponent,radiusBandingValidation,12,,YES,varchar,varchar(20),""
provassignrulecomponent,networkLevelingValidationInd,13,,YES,smallint,smallint,""
provassignrulecomponent,tieringValidation,14,,YES,varchar,varchar(20),""
provassignrulecomponent,premiumDesignationValidationInd,15,,YES,smallint,smallint,""
provassignrulecomponent,includeOptionalAssignmentInd,16,,YES,smallint,smallint,""
provassignrulecomponent,bypassCapacityLimitInd,17,,YES,smallint,smallint,""
provassignrulecomponent,bypassMemGrpInsRuleInd,18,,YES,smallint,smallint,""
provassignrulecomponent,bypassProviderExclusion,19,,YES,smallint,smallint,""
provassignrulecomponent,effectiveDate,20,,YES,date,date,""
provassignrulecomponent,expirationDate,21,,YES,date,date,""
provassignrulecomponent,deleteInd,22,,YES,smallint,smallint,""
provassignrulecomponent,createDateTime,23,"0000-00-00 00:00:00.000",NO,timestamp,timestamp(3),""
provassignrulecomponent,changeDateTime,24,"0000-00-00 00:00:00.000",NO,timestamp,timestamp(3),MUL
provassignrulecomponent,createUserID,25,,YES,varchar,varchar(20),""
provassignrulecomponent,changeUserID,26,,YES,varchar,varchar(20),""
provassignrulecomponent,updateVersion,27,,YES,int,int,""
provassignrulecomponentadtdtl,auditDetailID,1,"0",NO,bigint,bigint,PRI
provassignrulecomponentadtdtl,auditText,2,,YES,varchar,varchar(4000),""
provassignrulecomponentadtdtl,createUserID,3,,YES,varchar,varchar(20),""
provassignrulecomponentadtdtl,createDateTime,4,"0000-00-00 00:00:00.000",NO,timestamp,timestamp(3),""
provassignrulecomponentadtdtl,changeUserID,5,,YES,varchar,varchar(20),""
provassignrulecomponentadtdtl,changeDateTime,6,"0000-00-00 00:00:00.000",NO,timestamp,timestamp(3),MUL
provassignrulecomponentadtdtl,updateVersion,7,,YES,int,int,""
provassignrulecomponentadtdtl,alternateComponentID,8,,YES,varchar,varchar(20),""
provassignrulecomponentadtdtl,tableName,9,,YES,varchar,varchar(32),""
provassignruleschedadtdtl,auditDetailID,1,"0",NO,bigint,bigint,PRI
provassignruleschedadtdtl,auditText,2,,YES,varchar,varchar(4000),""
provassignruleschedadtdtl,createUserID,3,,YES,varchar,varchar(20),""
provassignruleschedadtdtl,createDateTime,4,"0000-00-00 00:00:00.000",NO,timestamp,timestamp(3),""
provassignruleschedadtdtl,changeUserID,5,,YES,varchar,varchar(20),""
provassignruleschedadtdtl,changeDateTime,6,"0000-00-00 00:00:00.000",NO,timestamp,timestamp(3),MUL
provassignruleschedadtdtl,updateVersion,7,,YES,int,int,""
provassignruleschedadtdtl,provAssignRuleScheduleHdrID,8,,YES,bigint,bigint,""
provassignruleschedadtdtl,tableName,9,,YES,varchar,varchar(32),""
provassignrulescheduledtl,provAssignRuleScheduleDtlID,1,,NO,bigint,bigint,PRI
provassignrulescheduledtl,provAssignRuleScheduleHdrID,2,,YES,bigint,bigint,MUL
provassignrulescheduledtl,provAssignRuleComponentID,3,,YES,bigint,bigint,MUL
provassignrulescheduledtl,processOrderNumber,4,,YES,int,int,""
provassignrulescheduledtl,effectiveDate,5,,YES,date,date,""
provassignrulescheduledtl,expirationDate,6,,YES,date,date,""
provassignrulescheduledtl,deleteInd,7,,YES,smallint,smallint,""
provassignrulescheduledtl,createDateTime,8,"0000-00-00 00:00:00.000",NO,timestamp,timestamp(3),""
provassignrulescheduledtl,changeDateTime,9,"0000-00-00 00:00:00.000",NO,timestamp,timestamp(3),MUL
provassignrulescheduledtl,createUserID,10,,YES,varchar,varchar(20),""
provassignrulescheduledtl,changeUserID,11,,YES,varchar,varchar(20),""
provassignrulescheduledtl,updateVersion,12,,YES,int,int,""
provassignruleschedulehdr,provAssignRuleScheduleHdrID,1,,NO,bigint,bigint,PRI
provassignruleschedulehdr,alternateAssignmentScheduleHdrID,2,,YES,varchar,varchar(20),""
provassignruleschedulehdr,scheduleName,3,,YES,varchar,varchar(80),""
provassignruleschedulehdr,scheduleDescription,4,,YES,varchar,varchar(225),""
provassignruleschedulehdr,doNotAssignAfterDate,5,,YES,date,date,""
provassignruleschedulehdr,effectiveDate,6,,YES,date,date,""
provassignruleschedulehdr,expirationDate,7,,YES,date,date,""
provassignruleschedulehdr,assignedInd,8,,YES,smallint,smallint,""
provassignruleschedulehdr,createDateTime,9,"0000-00-00 00:00:00.000",NO,timestamp,timestamp(3),""
provassignruleschedulehdr,changeDateTime,10,"0000-00-00 00:00:00.000",NO,timestamp,timestamp(3),MUL
provassignruleschedulehdr,createUserID,11,,YES,varchar,varchar(20),""
provassignruleschedulehdr,changeUserID,12,,YES,varchar,varchar(20),""
provassignruleschedulehdr,updateVersion,13,,YES,int,int,""
provassignruleview,provAssignRuleComponentID,1,,YES,bigint,bigint,""
provassignruleview,provAssignRuleScheduleDtlID,2,,NO,bigint,bigint,""
provassignruleview,provAssignRuleScheduleHdrID,3,,YES,bigint,bigint,""
provassignruleview,processOrderNumber,4,,YES,int,int,""
provassignruleview,schedDtlEffectiveDate,5,,YES,date,date,""
provassignruleview,schedDtlExpirationDate,6,,YES,date,date,""
provassignruleview,schedDtlDeleteInd,7,,YES,smallint,smallint,""
provassignruleview,alternateComponentID,8,,YES,varchar,varchar(20),""
provassignruleview,componentName,9,,YES,varchar,varchar(100),""
provassignruleview,componentDescription,10,,YES,varchar,varchar(255),""
provassignruleview,componentEffectiveDate,11,,YES,date,date,""
provassignruleview,componentExpirationDate,12,,YES,date,date,""
provassignruleview,componentDeleteInd,13,,YES,smallint,smallint,""
subscribercardnumber,cardNumberBase,1,,NO,varchar,varchar(50),PRI
subscribercardnumber,memberID,2,,YES,bigint,bigint,""
subscribercardnumber,memGroupID,3,,YES,bigint,bigint,""
subscribercardnumber,subsAffiliationID,4,,YES,bigint,bigint,""
subscribercardnumber,changeDateTime,5,"0000-00-00 00:00:00.000",NO,timestamp,timestamp(3),MUL
subscribercardnumber,changeUserID,6,,YES,varchar,varchar(20),""
subscribercardnumber,createDateTime,7,"0000-00-00 00:00:00.000",NO,timestamp,timestamp(3),""
subscribercardnumber,createUserID,8,,YES,varchar,varchar(20),""
subscribercardnumber,updateVersion,9,,YES,int,int,""
subscribercardnumber,scCardIDSource,10,,YES,char,char(3),""
tradingpartnerprofileerror,tradingPartnerProfileErrorID,1,"0",NO,bigint,bigint,PRI
tradingpartnerprofileerror,tradingPartnerProfileID,2,,YES,bigint,bigint,""
tradingpartnerprofileerror,tradingPartnerTxType,3,,YES,char,char(5),""
tradingpartnerprofileerror,txDirection,4,,YES,varchar,varchar(1),""
tradingpartnerprofileerror,errorMessage,5,,YES,varchar,varchar(2000),""
tradingpartnerprofileerror,transID,6,,YES,varchar,varchar(80),""
tradingpartnerprofileerror,remediatedInd,7,,YES,smallint,smallint,""
tradingpartnerprofileerror,changeUserID,8,,YES,varchar,varchar(20),""
tradingpartnerprofileerror,changeDateTime,9,"0000-00-00 00:00:00.000",NO,timestamp,timestamp(3),MUL
tradingpartnerprofileerror,createUserID,10,,YES,varchar,varchar(20),""
tradingpartnerprofileerror,createDateTime,11,"0000-00-00 00:00:00.000",NO,timestamp,timestamp(3),""
tradingpartnerprofileerror,updateVersion,12,,YES,int,int,""
umauth,umAuthID,1,"0",NO,bigint,bigint,PRI
umauth,memberID,2,,YES,bigint,bigint,MUL
umauth,originalSourceSystemID,3,,YES,varchar,varchar(80),MUL
umauth,originalSourceSystemType,4,,YES,varchar,varchar(4),""
umauth,clinicalSourceSystemID,5,,YES,varchar,varchar(80),""
umauth,clinicalSourceSystemType,6,,YES,varchar,varchar(4),""
umauth,sourceSystemCreateDateTime,7,,YES,timestamp,timestamp(3),""
umauth,statusType,8,,YES,varchar,varchar(2),""
umauth,serviceSettingType,9,,YES,varchar,varchar(2),""
umauth,benefitBundleOptionID,10,,YES,bigint,bigint,""
umauth,memberExternalID,11,,YES,varchar,varchar(50),MUL
umauth,changeUserID,12,,YES,varchar,varchar(20),""
umauth,changeDateTime,13,"0000-00-00 00:00:00.000",NO,timestamp,timestamp(3),MUL
umauth,createUserID,14,,YES,varchar,varchar(20),""
umauth,createDateTime,15,"0000-00-00 00:00:00.000",NO,timestamp,timestamp(3),""
umauth,updateVersion,16,,YES,int,int,""
umauth,memGroupID,17,,YES,bigint,bigint,""
umauthauditdetail,auditDetailID,1,"0",NO,bigint,bigint,PRI
umauthauditdetail,umAuthID,2,,YES,bigint,bigint,MUL
umauthauditdetail,auditText,3,,YES,varchar,varchar(4000),""
umauthauditdetail,changeUserID,4,,YES,varchar,varchar(20),""
umauthauditdetail,changeDateTime,5,"0000-00-00 00:00:00.000",NO,timestamp,timestamp(3),MUL
umauthauditdetail,createUserID,6,,YES,varchar,varchar(20),""
umauthauditdetail,createDateTime,7,"0000-00-00 00:00:00.000",NO,timestamp,timestamp(3),""
umauthauditdetail,updateVersion,8,,YES,int,int,""
umauthauditdetail,tableName,9,,YES,varchar,varchar(32),""
umauthbeddayrange,umAuthBedDayRangeID,1,"0",NO,bigint,bigint,PRI
umauthbeddayrange,umAuthServiceID,2,,YES,bigint,bigint,MUL
umauthbeddayrange,umAuthID,3,,YES,bigint,bigint,MUL
umauthbeddayrange,startDate,4,,YES,date,date,""
umauthbeddayrange,endDate,5,,YES,date,date,""
umauthbeddayrange,revenueCode,6,,YES,char,char(4),""
umauthbeddayrange,decisionOutcomeType,7,,YES,varchar,varchar(2),""
umauthbeddayrange,clinicalDecisionCode,8,,YES,varchar,varchar(2),""
umauthbeddayrange,claimInstructions,9,,YES,varchar,varchar(4000),""
umauthbeddayrange,negotiatedRate,10,,YES,decimal,"decimal(16,2)",""
umauthbeddayrange,negotiatedRateType,11,,YES,varchar,varchar(2),""
umauthbeddayrange,bedDayDecisionSequenceNumber,12,,YES,varchar,varchar(80),""
umauthbeddayrange,bedDayType,13,,YES,varchar,varchar(3),""
umauthbeddayrange,allowedBedDayCount,14,,YES,int,int,""
umauthbeddayrange,deleteInd,15,"0",YES,smallint,smallint,""
umauthbeddayrange,changeUserID,16,,YES,varchar,varchar(20),""
umauthbeddayrange,changeDateTime,17,"0000-00-00 00:00:00.000",NO,timestamp,timestamp(3),MUL
umauthbeddayrange,createUserID,18,,YES,varchar,varchar(20),""
umauthbeddayrange,createDateTime,19,"0000-00-00 00:00:00.000",NO,timestamp,timestamp(3),""
umauthbeddayrange,updateVersion,20,,YES,int,int,""
umauthdiagnosis,umAuthDiagnosisID,1,"0",NO,bigint,bigint,PRI
umauthdiagnosis,umAuthID,2,,YES,bigint,bigint,MUL
umauthdiagnosis,diagnosisSequenceNumber,3,,YES,varchar,varchar(80),""
umauthdiagnosis,diagCodeType,4,,YES,varchar,varchar(1),""
umauthdiagnosis,diagnosisCode,5,,YES,varchar,varchar(9),""
umauthdiagnosis,diagnosisOtherText,6,,YES,varchar,varchar(60),""
umauthdiagnosis,primaryInd,7,,YES,smallint,smallint,""
umauthdiagnosis,admitInd,8,,YES,smallint,smallint,""
umauthdiagnosis,deleteInd,9,"0",YES,smallint,smallint,""
umauthdiagnosis,changeUserID,10,,YES,varchar,varchar(20),""
umauthdiagnosis,changeDateTime,11,"0000-00-00 00:00:00.000",NO,timestamp,timestamp(3),MUL
umauthdiagnosis,createUserID,12,,YES,varchar,varchar(20),""
umauthdiagnosis,createDateTime,13,"0000-00-00 00:00:00.000",NO,timestamp,timestamp(3),""
umauthdiagnosis,updateVersion,14,,YES,int,int,""
umauthextid,umAuthExtIDID,1,,NO,bigint,bigint,PRI
umauthextid,umAuthID,2,,YES,bigint,bigint,MUL
umauthextid,umExternalID,3,,YES,varchar,varchar(80),""
umauthextid,umExternalIDType,4,,YES,varchar,varchar(10),""
umauthextid,changeUserID,5,,YES,varchar,varchar(20),""
umauthextid,changeDateTime,6,"0000-00-00 00:00:00.000",NO,timestamp,timestamp(3),MUL
umauthextid,createUserID,7,,YES,varchar,varchar(20),""
umauthextid,createDateTime,8,"0000-00-00 00:00:00.000",NO,timestamp,timestamp(3),""
umauthextid,updateVersion,9,,YES,int,int,""
umauthextid,deleteInd,10,"0",YES,smallint,smallint,""
umauthextid,migratedSourceSystem,11,,YES,varchar,varchar(20),""
umauthfacilitydecision,umAuthFacilityDecisionID,1,"0",NO,bigint,bigint,PRI
umauthfacilitydecision,umAuthServiceID,2,,YES,bigint,bigint,MUL
umauthfacilitydecision,umAuthID,3,,YES,bigint,bigint,MUL
umauthfacilitydecision,decisionSequenceNumber,4,,YES,varchar,varchar(80),""
umauthfacilitydecision,decisionOutcomeType,5,,YES,varchar,varchar(2),""
umauthfacilitydecision,clinicalDecisionCode,6,,YES,varchar,varchar(2),""
umauthfacilitydecision,claimInstructions,7,,YES,varchar,varchar(4000),""
umauthfacilitydecision,gapReviewOutcome,8,,YES,varchar,varchar(2),""
umauthfacilitydecision,writtenCommunicationDate,9,,YES,date,date,""
umauthfacilitydecision,deleteInd,10,"0",YES,smallint,smallint,""
umauthfacilitydecision,changeUserID,11,,YES,varchar,varchar(20),""
umauthfacilitydecision,changeDateTime,12,"0000-00-00 00:00:00.000",NO,timestamp,timestamp(3),MUL
umauthfacilitydecision,createUserID,13,,YES,varchar,varchar(20),""
umauthfacilitydecision,createDateTime,14,"0000-00-00 00:00:00.000",NO,timestamp,timestamp(3),""
umauthfacilitydecision,updateVersion,15,,YES,int,int,""
umauthfacilitydecision,decisionRenderedDateTime,16,,YES,timestamp,timestamp(3),""
umauthfacilitydecision,siteOfCarePrefCode,17,,YES,varchar,varchar(2),""
umauthfacilitytype,umAuthFacilityTypeID,1,"0",NO,bigint,bigint,PRI
umauthfacilitytype,umAuthServiceID,2,,YES,bigint,bigint,MUL
umauthfacilitytype,umAuthID,3,,YES,bigint,bigint,MUL
umauthfacilitytype,posCode,4,,YES,char,char(2),""
umauthfacilitytype,serviceDescriptionType,5,,YES,varchar,varchar(2),""
umauthfacilitytype,expectedAdmissionDate,6,,YES,date,date,""
umauthfacilitytype,expectedDischargeDate,7,,YES,date,date,""
umauthfacilitytype,expectedLengthOfStay,8,,YES,int,int,""
umauthfacilitytype,actualAdmissionDate,9,,YES,date,date,""
umauthfacilitytype,actualDischargeDate,10,,YES,date,date,""
umauthfacilitytype,actualLengthOfStay,11,,YES,int,int,""
umauthfacilitytype,retrospectiveNotificationInd,12,,YES,smallint,smallint,""
umauthfacilitytype,deleteInd,13,"0",YES,smallint,smallint,""
umauthfacilitytype,changeUserID,14,,YES,varchar,varchar(20),""
umauthfacilitytype,changeDateTime,15,"0000-00-00 00:00:00.000",NO,timestamp,timestamp(3),MUL
umauthfacilitytype,createUserID,16,,YES,varchar,varchar(20),""
umauthfacilitytype,createDateTime,17,"0000-00-00 00:00:00.000",NO,timestamp,timestamp(3),""
umauthfacilitytype,updateVersion,18,,YES,int,int,""
umauthfacilitytype,advanceNotifyDateTime,19,,YES,timestamp,timestamp(3),""
umauthfacilitytype,admissionNotifyDateTime,20,,YES,timestamp,timestamp(3),""
umauthfacilitytype,dischargeNotifyDateTime,21,,YES,timestamp,timestamp(3),""
umauthfacilitytypeview,umAuthID,1,"0",NO,bigint,bigint,""
umauthfacilitytypeview,serviceSettingType,2,,YES,varchar,varchar(2),""
umauthfacilitytypeview,memberID,3,,YES,bigint,bigint,""
umauthfacilitytypeview,originalSourceSystemID,4,,YES,varchar,varchar(80),""
umauthfacilitytypeview,sourceSystemCreateDateTime,5,,YES,timestamp,timestamp(3),""
umauthfacilitytypeview,createDateTime,6,"0000-00-00 00:00:00.000",NO,timestamp,timestamp(3),""
umauthfacilitytypeview,umAuthFacilityTypeID,7,"0",NO,bigint,bigint,""
umauthfacilitytypeview,umAuthServiceID,8,,YES,bigint,bigint,""
umauthfacilitytypeview,expectedAdmissionDate,9,,YES,date,date,""
umauthfacilitytypeview,expectedDischargeDate,10,,YES,date,date,""
umauthfacilitytypeview,actualAdmissionDate,11,,YES,date,date,""
umauthfacilitytypeview,actualDischargeDate,12,,YES,date,date,""
umauthprovbeddayrangeview,umAuthID,1,"0",NO,bigint,bigint,""
umauthprovbeddayrangeview,memberID,2,,YES,bigint,bigint,""
umauthprovbeddayrangeview,statusType,3,,YES,varchar,varchar(2),""
umauthprovbeddayrangeview,umAuthProviderID,4,"0",NO,bigint,bigint,""
umauthprovbeddayrangeview,providerID,5,,YES,bigint,bigint,""
umauthprovbeddayrangeview,clinicalDecisionCode,6,,YES,varchar,varchar(2),""
umauthprovfacilitydecisionview,umAuthID,1,"0",NO,bigint,bigint,""
umauthprovfacilitydecisionview,memberID,2,,YES,bigint,bigint,""
umauthprovfacilitydecisionview,statusType,3,,YES,varchar,varchar(2),""
umauthprovfacilitydecisionview,umAuthProviderID,4,"0",NO,bigint,bigint,""
umauthprovfacilitydecisionview,providerID,5,,YES,bigint,bigint,""
umauthprovfacilitydecisionview,clinicalDecisionCode,6,,YES,varchar,varchar(2),""
umauthprovider,umAuthProviderID,1,"0",NO,bigint,bigint,PRI
umauthprovider,umAuthID,2,,YES,bigint,bigint,MUL
umauthprovider,providerSequenceNumber,3,,YES,varchar,varchar(80),""
umauthprovider,providerID,4,,YES,bigint,bigint,MUL
umauthprovider,deleteInd,5,"0",YES,smallint,smallint,""
umauthprovider,changeUserID,6,,YES,varchar,varchar(20),""
umauthprovider,changeDateTime,7,"0000-00-00 00:00:00.000",NO,timestamp,timestamp(3),MUL
umauthprovider,createUserID,8,,YES,varchar,varchar(20),""
umauthprovider,createDateTime,9,"0000-00-00 00:00:00.000",NO,timestamp,timestamp(3),""
umauthprovider,updateVersion,10,,YES,int,int,""
umauthprovider,clinicalNetworkStatusType,11,,YES,varchar,varchar(2),""
umauthprovideraltid,umAuthProviderAltIDID,1,"0",NO,bigint,bigint,PRI
umauthprovideraltid,umAuthProviderID,2,,YES,bigint,bigint,MUL
umauthprovideraltid,umAuthID,3,,YES,bigint,bigint,""
umauthprovideraltid,providerIDText,4,,YES,varchar,varchar(30),MUL
umauthprovideraltid,referenceIDQual,5,,YES,char,char(3),""
umauthprovideraltid,deleteInd,6,"0",YES,smallint,smallint,""
umauthprovideraltid,changeUserID,7,,YES,varchar,varchar(20),""
umauthprovideraltid,changeDateTime,8,"0000-00-00 00:00:00.000",NO,timestamp,timestamp(3),MUL
umauthprovideraltid,createUserID,9,,YES,varchar,varchar(20),""
umauthprovideraltid,createDateTime,10,"0000-00-00 00:00:00.000",NO,timestamp,timestamp(3),""
umauthprovideraltid,updateVersion,11,,YES,int,int,""
umauthproviderroletype,umAuthProviderRoleTypeID,1,"0",NO,bigint,bigint,PRI
umauthproviderroletype,umAuthProviderID,2,,YES,bigint,bigint,MUL
umauthproviderroletype,umAuthID,3,,YES,bigint,bigint,MUL
umauthproviderroletype,providerRole,4,,YES,varchar,varchar(3),""
umauthproviderroletype,deleteInd,5,"0",YES,smallint,smallint,""
umauthproviderroletype,changeUserID,6,,YES,varchar,varchar(20),""
umauthproviderroletype,changeDateTime,7,"0000-00-00 00:00:00.000",NO,timestamp,timestamp(3),MUL
umauthproviderroletype,createUserID,8,,YES,varchar,varchar(20),""
umauthproviderroletype,createDateTime,9,"0000-00-00 00:00:00.000",NO,timestamp,timestamp(3),""
umauthproviderroletype,updateVersion,10,,YES,int,int,""
umauthproviderroletypeview,umAuthID,1,,YES,bigint,bigint,""
umauthproviderroletypeview,providerID,2,,YES,bigint,bigint,""
umauthproviderroletypeview,providerRole,3,,YES,varchar,varchar(3),""
umauthproviderroletypeview,providerIDText,4,,YES,varchar,varchar(30),""
umauthproviderroletypeview,referenceIDQual,5,,YES,char,char(3),""
umauthproviderroletypeview,clinicalNetworkStatusType,6,,YES,varchar,varchar(2),""
umauthprovservicedecisionview,umAuthID,1,"0",NO,bigint,bigint,""
umauthprovservicedecisionview,memberID,2,,YES,bigint,bigint,""
umauthprovservicedecisionview,statusType,3,,YES,varchar,varchar(2),""
umauthprovservicedecisionview,umAuthProviderID,4,"0",NO,bigint,bigint,""
umauthprovservicedecisionview,providerID,5,,YES,bigint,bigint,""
umauthprovservicedecisionview,clinicalDecisionCode,6,,YES,varchar,varchar(2),""
umauthservice,umAuthServiceID,1,"0",NO,bigint,bigint,PRI
umauthservice,umAuthProviderID,2,,YES,bigint,bigint,MUL
umauthservice,umAuthID,3,,YES,bigint,bigint,MUL
umauthservice,umAuthServiceType,4,,YES,varchar,varchar(2),""
umauthservice,serviceSequenceNumber,5,,YES,varchar,varchar(80),""
umauthservice,serviceReferenceNumber,6,,YES,varchar,varchar(80),""
umauthservice,procCodeType,7,,YES,varchar,varchar(2),""
umauthservice,procedureCode,8,,YES,varchar,varchar(15),""
umauthservice,procedureOtherText,9,,YES,varchar,varchar(60),""
umauthservice,cancelledServiceInd,10,,YES,smallint,smallint,""
umauthservice,clinicalProgramType,11,,YES,char,char(5),""
umauthservice,deleteInd,12,"0",YES,smallint,smallint,""
umauthservice,changeUserID,13,,YES,varchar,varchar(20),""
umauthservice,changeDateTime,14,"0000-00-00 00:00:00.000",NO,timestamp,timestamp(3),MUL
umauthservice,createUserID,15,,YES,varchar,varchar(20),""
umauthservice,createDateTime,16,"0000-00-00 00:00:00.000",NO,timestamp,timestamp(3),""
umauthservice,updateVersion,17,,YES,int,int,""
umauthservice,revenueCode,18,,YES,char,char(4),""
umauthservice,priorAuthExemptionType,19,,YES,varchar,varchar(10),""
umauthservicedecision,umAuthServiceDecisionID,1,"0",NO,bigint,bigint,PRI
umauthservicedecision,umAuthServiceID,2,,YES,bigint,bigint,MUL
umauthservicedecision,umAuthID,3,,YES,bigint,bigint,MUL
umauthservicedecision,decisionSequenceNumber,4,,YES,varchar,varchar(80),""
umauthservicedecision,decisionType,5,,YES,varchar,varchar(2),""
umauthservicedecision,decisionOutcomeType,6,,YES,varchar,varchar(2),""
umauthservicedecision,clinicalDecisionCode,7,,YES,varchar,varchar(2),""
umauthservicedecision,claimInstructions,8,,YES,varchar,varchar(4000),""
umauthservicedecision,gapReviewOutcome,9,,YES,varchar,varchar(2),""
umauthservicedecision,writtenCommunicationDate,10,,YES,date,date,""
umauthservicedecision,deleteInd,11,"0",YES,smallint,smallint,""
umauthservicedecision,changeUserID,12,,YES,varchar,varchar(20),""
umauthservicedecision,changeDateTime,13,"0000-00-00 00:00:00.000",NO,timestamp,timestamp(3),MUL
umauthservicedecision,createUserID,14,,YES,varchar,varchar(20),""
umauthservicedecision,createDateTime,15,"0000-00-00 00:00:00.000",NO,timestamp,timestamp(3),""
umauthservicedecision,updateVersion,16,,YES,int,int,""
umauthservicedecision,decisionRenderedDateTime,17,,YES,timestamp,timestamp(3),""
umauthservicedecision,siteOfCarePrefCode,18,,YES,varchar,varchar(2),""
umauthservicedecisionview,umAuthID,1,,YES,bigint,bigint,""
umauthservicedecisionview,umAuthServiceID,2,"0",NO,bigint,bigint,""
umauthservicedecisionview,clinicalProgramType,3,,YES,char,char(5),""
umauthservicedecisionview,procCodeType,4,,YES,varchar,varchar(2),""
umauthservicedecisionview,procedureCode,5,,YES,varchar,varchar(15),""
umauthservicedecisionview,procedureOtherText,6,,YES,varchar,varchar(60),""
umauthservicedecisionview,serviceReferenceNumber,7,,YES,varchar,varchar(80),""
umauthservicedecisionview,serviceSequenceNumber,8,,YES,varchar,varchar(80),""
umauthservicedecisionview,umAuthServiceType,9,,YES,varchar,varchar(2),""
umauthservicedecisionview,procedureUnitCount,10,,YES,int,int,""
umauthservicedecisionview,unitOfMeasure,11,,YES,char,char(2),""
umauthservicedecisionview,decisionOutcomeType,12,,YES,varchar,varchar(2),""
umauthservicedecisionview,clinicalDecisionCode,13,,YES,varchar,varchar(2),""
umauthservicedecisionview,decisionType,14,,YES,varchar,varchar(2),""
umauthservicedecisionview,claimInstructions,15,,YES,varchar,varchar(4000),""
umauthservicedecisionview,writtenCommunicationDate,16,,YES,date,date,""
umauthservicedecisionview,expectedProcedureDate,17,,YES,date,date,""
umauthservicedecisionview,actualProcedureDate,18,,YES,date,date,""
umauthservicedecisionview,revenueCode,19,,YES,char,char(4),""
umauthservicedecisionview,siteOfCarePrefCode,20,,YES,varchar,varchar(2),""
umauthserviceextid,umAuthServiceExtIDID,1,,NO,bigint,bigint,PRI
umauthserviceextid,umAuthServiceID,2,,YES,bigint,bigint,MUL
umauthserviceextid,umAuthID,3,,YES,bigint,bigint,MUL
umauthserviceextid,umExternalID,4,,YES,varchar,varchar(80),""
umauthserviceextid,umExternalIDType,5,,YES,varchar,varchar(10),""
umauthserviceextid,changeUserID,6,,YES,varchar,varchar(20),""
umauthserviceextid,changeDateTime,7,"0000-00-00 00:00:00.000",NO,timestamp,timestamp(3),MUL
umauthserviceextid,createUserID,8,,YES,varchar,varchar(20),""
umauthserviceextid,createDateTime,9,"0000-00-00 00:00:00.000",NO,timestamp,timestamp(3),""
umauthserviceextid,updateVersion,10,,YES,int,int,""
umauthserviceextid,deleteInd,11,"0",YES,smallint,smallint,""
umauthserviceextid,migratedSourceSystem,12,,YES,varchar,varchar(20),""
umauthservicefacility,umAuthServiceFacilityID,1,"0",NO,bigint,bigint,PRI
umauthservicefacility,umAuthServiceID,2,,YES,bigint,bigint,MUL
umauthservicefacility,umAuthID,3,,YES,bigint,bigint,MUL
umauthservicefacility,expectedProcedureDate,4,,YES,date,date,""
umauthservicefacility,actualProcedureDate,5,,YES,date,date,""
umauthservicefacility,deleteInd,6,"0",YES,smallint,smallint,""
umauthservicefacility,changeUserID,7,,YES,varchar,varchar(20),""
umauthservicefacility,changeDateTime,8,"0000-00-00 00:00:00.000",NO,timestamp,timestamp(3),MUL
umauthservicefacility,createUserID,9,,YES,varchar,varchar(20),""
umauthservicefacility,createDateTime,10,"0000-00-00 00:00:00.000",NO,timestamp,timestamp(3),""
umauthservicefacility,updateVersion,11,,YES,int,int,""
umauthservicenonfacil,umAuthServiceNonFacilID,1,"0",NO,bigint,bigint,PRI
umauthservicenonfacil,umAuthServiceID,2,,YES,bigint,bigint,MUL
umauthservicenonfacil,umAuthID,3,,YES,bigint,bigint,MUL
umauthservicenonfacil,posCode,4,,YES,char,char(2),""
umauthservicenonfacil,serviceDescriptionType,5,,YES,varchar,varchar(2),""
umauthservicenonfacil,modifier1,6,,YES,char,char(2),""
umauthservicenonfacil,modifier2,7,,YES,char,char(2),""
umauthservicenonfacil,modifier3,8,,YES,char,char(2),""
umauthservicenonfacil,modifier4,9,,YES,char,char(2),""
umauthservicenonfacil,procedureUnitCount,10,,YES,int,int,""
umauthservicenonfacil,unitOfMeasure,11,,YES,char,char(2),""
umauthservicenonfacil,unitPerFrequencyCount,12,,YES,int,int,""
umauthservicenonfacil,procedureFrequencyType,13,,YES,char,char(1),""
umauthservicenonfacil,serviceStartDate,14,,YES,date,date,""
umauthservicenonfacil,serviceEndDate,15,,YES,date,date,""
umauthservicenonfacil,deleteInd,16,"0",YES,smallint,smallint,""
umauthservicenonfacil,changeUserID,17,,YES,varchar,varchar(20),""
umauthservicenonfacil,changeDateTime,18,"0000-00-00 00:00:00.000",NO,timestamp,timestamp(3),MUL
umauthservicenonfacil,createUserID,19,,YES,varchar,varchar(20),""
umauthservicenonfacil,createDateTime,20,"0000-00-00 00:00:00.000",NO,timestamp,timestamp(3),""
umauthservicenonfacil,updateVersion,21,,YES,int,int,""
umauthservicenonfacil,advanceNotifyDateTime,22,,YES,timestamp,timestamp(3),""
umauthservicenonfacilview,umAuthID,1,"0",NO,bigint,bigint,""
umauthservicenonfacilview,serviceSettingType,2,,YES,varchar,varchar(2),""
umauthservicenonfacilview,memberID,3,,YES,bigint,bigint,""
umauthservicenonfacilview,originalSourceSystemID,4,,YES,varchar,varchar(80),""
umauthservicenonfacilview,sourceSystemCreateDateTime,5,,YES,timestamp,timestamp(3),""
umauthservicenonfacilview,createDateTime,6,"0000-00-00 00:00:00.000",NO,timestamp,timestamp(3),""
umauthservicenonfacilview,umAuthServiceNonFacilID,7,"0",NO,bigint,bigint,""
umauthservicenonfacilview,umAuthServiceID,8,,YES,bigint,bigint,""
umauthservicenonfacilview,serviceStartDate,9,,YES,date,date,""
umauthservicenonfacilview,serviceEndDate,10,,YES,date,date,""
umauthtrans,umAuthTransID,1,,NO,bigint,bigint,PRI
umauthtrans,umAuthID,2,,YES,bigint,bigint,""
umauthtrans,originalSourceSystemID,3,,YES,varchar,varchar(80),""
umauthtrans,memberID,4,,YES,bigint,bigint,""
umauthtrans,transID,5,,YES,varchar,varchar(80),""
umauthtrans,changeUserID,6,,YES,varchar,varchar(20),""
umauthtrans,changeDateTime,7,"0000-00-00 00:00:00.000",NO,timestamp,timestamp(3),MUL
umauthtrans,createUserID,8,,YES,varchar,varchar(20),""
umauthtrans,createDateTime,9,"0000-00-00 00:00:00.000",NO,timestamp,timestamp(3),""
umauthtrans,updateVersion,10,,YES,int,int,""
umauthtrans,authTransID,11,,YES,varchar,varchar(80),""
umreferral,umReferralID,1,"0",NO,bigint,bigint,PRI
umreferral,memberID,2,,YES,bigint,bigint,MUL
umreferral,originalSourceSystemID,3,,YES,varchar,varchar(80),""
umreferral,originalSourceSystemType,4,,YES,varchar,varchar(4),""
umreferral,clinicalSourceSystemID,5,,YES,varchar,varchar(80),""
umreferral,clinicalSourceSystemType,6,,YES,varchar,varchar(4),""
umreferral,sourceSystemCreateDateTime,7,,YES,timestamp,timestamp(3),""
umreferral,pcpReferralType,8,,YES,varchar,varchar(2),""
umreferral,benefitBundleOptionID,9,,YES,bigint,bigint,""
umreferral,visitStartDate,10,,YES,date,date,""
umreferral,visitEndDate,11,,YES,date,date,""
umreferral,allowedVisitCount,12,,YES,int,int,""
umreferral,statusType,13,,YES,varchar,varchar(2),""
umreferral,changeUserID,14,,YES,varchar,varchar(20),""
umreferral,changeDateTime,15,"0000-00-00 00:00:00.000",NO,timestamp,timestamp(3),MUL
umreferral,createUserID,16,,YES,varchar,varchar(20),""
umreferral,createDateTime,17,"0000-00-00 00:00:00.000",NO,timestamp,timestamp(3),""
umreferral,updateVersion,18,,YES,int,int,""
umreferral,memGroupID,19,,YES,bigint,bigint,""
umreferralauditdetail,auditDetailID,1,"0",NO,bigint,bigint,PRI
umreferralauditdetail,umReferralID,2,,YES,bigint,bigint,MUL
umreferralauditdetail,auditText,3,,YES,varchar,varchar(4000),""
umreferralauditdetail,changeUserID,4,,YES,varchar,varchar(20),""
umreferralauditdetail,changeDateTime,5,"0000-00-00 00:00:00.000",NO,timestamp,timestamp(3),MUL
umreferralauditdetail,createUserID,6,,YES,varchar,varchar(20),""
umreferralauditdetail,createDateTime,7,"0000-00-00 00:00:00.000",NO,timestamp,timestamp(3),""
umreferralauditdetail,updateVersion,8,,YES,int,int,""
umreferralauditdetail,tableName,9,,YES,varchar,varchar(32),""
umreferraldiagnosis,umReferralDiagnosisID,1,"0",NO,bigint,bigint,PRI
umreferraldiagnosis,umReferralID,2,,YES,bigint,bigint,MUL
umreferraldiagnosis,diagnosisSequenceNumber,3,,YES,varchar,varchar(80),""
umreferraldiagnosis,diagCodeType,4,,YES,varchar,varchar(1),""
umreferraldiagnosis,diagnosisCode,5,,YES,varchar,varchar(9),""
umreferraldiagnosis,diagnosisOtherText,6,,YES,varchar,varchar(60),""
umreferraldiagnosis,primaryInd,7,,YES,smallint,smallint,""
umreferraldiagnosis,admitInd,8,,YES,smallint,smallint,""
umreferraldiagnosis,deleteInd,9,"0",YES,smallint,smallint,""
umreferraldiagnosis,changeUserID,10,,YES,varchar,varchar(20),""
umreferraldiagnosis,changeDateTime,11,"0000-00-00 00:00:00.000",NO,timestamp,timestamp(3),MUL
umreferraldiagnosis,createUserID,12,,YES,varchar,varchar(20),""
umreferraldiagnosis,createDateTime,13,"0000-00-00 00:00:00.000",NO,timestamp,timestamp(3),""
umreferraldiagnosis,updateVersion,14,,YES,int,int,""
umreferralextid,umReferralExtIDID,1,,NO,bigint,bigint,PRI
umreferralextid,umReferralID,2,,YES,bigint,bigint,MUL
umreferralextid,umExternalID,3,,YES,varchar,varchar(80),""
umreferralextid,umExternalIDType,4,,YES,varchar,varchar(10),""
umreferralextid,changeUserID,5,,YES,varchar,varchar(20),""
umreferralextid,changeDateTime,6,"0000-00-00 00:00:00.000",NO,timestamp,timestamp(3),MUL
umreferralextid,createUserID,7,,YES,varchar,varchar(20),""
umreferralextid,createDateTime,8,"0000-00-00 00:00:00.000",NO,timestamp,timestamp(3),""
umreferralextid,updateVersion,9,,YES,int,int,""
umreferralextid,deleteInd,10,"0",YES,smallint,smallint,""
umreferralextid,migratedSourceSystem,11,,YES,varchar,varchar(20),""
umreferralprovider,umReferralProviderID,1,"0",NO,bigint,bigint,PRI
umreferralprovider,umReferralID,2,,YES,bigint,bigint,MUL
umreferralprovider,providerSequenceNumber,3,,YES,varchar,varchar(80),""
umreferralprovider,providerID,4,,YES,bigint,bigint,""
umreferralprovider,deleteInd,5,"0",YES,smallint,smallint,""
umreferralprovider,changeUserID,6,,YES,varchar,varchar(20),""
umreferralprovider,changeDateTime,7,"0000-00-00 00:00:00.000",NO,timestamp,timestamp(3),MUL
umreferralprovider,createUserID,8,,YES,varchar,varchar(20),""
umreferralprovider,createDateTime,9,"0000-00-00 00:00:00.000",NO,timestamp,timestamp(3),""
umreferralprovider,updateVersion,10,,YES,int,int,""
umreferralprovideraltid,umReferralProviderAltIDID,1,"0",NO,bigint,bigint,PRI
umreferralprovideraltid,umReferralProviderID,2,,YES,bigint,bigint,MUL
umreferralprovideraltid,umReferralID,3,,YES,bigint,bigint,""
umreferralprovideraltid,providerIDText,4,,YES,varchar,varchar(30),""
umreferralprovideraltid,referenceIDQual,5,,YES,char,char(3),""
umreferralprovideraltid,deleteInd,6,"0",YES,smallint,smallint,""
umreferralprovideraltid,changeUserID,7,,YES,varchar,varchar(20),""
umreferralprovideraltid,changeDateTime,8,"0000-00-00 00:00:00.000",NO,timestamp,timestamp(3),MUL
umreferralprovideraltid,createUserID,9,,YES,varchar,varchar(20),""
umreferralprovideraltid,createDateTime,10,"0000-00-00 00:00:00.000",NO,timestamp,timestamp(3),""
umreferralprovideraltid,updateVersion,11,,YES,int,int,""
umreferralproviderroletype,umReferralProviderRoleTypeID,1,"0",NO,bigint,bigint,PRI
umreferralproviderroletype,umReferralProviderID,2,,YES,bigint,bigint,MUL
umreferralproviderroletype,umReferralID,3,,YES,bigint,bigint,""
umreferralproviderroletype,providerRole,4,,YES,varchar,varchar(3),""
umreferralproviderroletype,deleteInd,5,"0",YES,smallint,smallint,""
umreferralproviderroletype,changeUserID,6,,YES,varchar,varchar(20),""
umreferralproviderroletype,changeDateTime,7,"0000-00-00 00:00:00.000",NO,timestamp,timestamp(3),MUL
umreferralproviderroletype,createUserID,8,,YES,varchar,varchar(20),""
umreferralproviderroletype,createDateTime,9,"0000-00-00 00:00:00.000",NO,timestamp,timestamp(3),""
umreferralproviderroletype,updateVersion,10,,YES,int,int,""
umreferralproviderroletypeview,umReferralID,1,,YES,bigint,bigint,""
umreferralproviderroletypeview,providerID,2,,YES,bigint,bigint,""
umreferralproviderroletypeview,providerRole,3,,YES,varchar,varchar(3),""
umreferralproviderroletypeview,providerIDText,4,,YES,varchar,varchar(30),""
umreferralproviderroletypeview,referenceIDQual,5,,YES,char,char(3),""
umreferralproviderserviceview,umReferralID,1,,YES,bigint,bigint,""
umreferralproviderserviceview,providerID,2,,YES,bigint,bigint,""
umreferralproviderserviceview,providerRole,3,,YES,varchar,varchar(3),""
umreferralproviderserviceview,procedureCode,4,,YES,varchar,varchar(15),""
umreferralproviderserviceview,procCodeType,5,,YES,varchar,varchar(2),""
umreferralproviderserviceview,procedureOtherText,6,,YES,varchar,varchar(60),""
umreferralproviderview,umReferralID,1,"0",NO,bigint,bigint,""
umreferralproviderview,visitStartDate,2,,YES,date,date,""
umreferralproviderview,visitEndDate,3,,YES,date,date,""
umreferralproviderview,memberID,4,,YES,bigint,bigint,""
umreferralproviderview,providerID,5,,YES,bigint,bigint,""
umreferralproviderview,providerIDText,6,,YES,varchar,varchar(30),""
umreferralproviderview,referenceIDQual,7,,YES,char,char(3),""
umreferralproviderview,providerRole,8,,YES,varchar,varchar(3),""
umreferralproviderview,originalSourceSystemID,9,,YES,varchar,varchar(80),""
umreferralproviderview,umExternalID,10,,YES,varchar,varchar(80),""
umreferralservice,umReferralServiceID,1,"0",NO,bigint,bigint,PRI
umreferralservice,umReferralProviderID,2,,YES,bigint,bigint,MUL
umreferralservice,umReferralID,3,,YES,bigint,bigint,MUL
umreferralservice,serviceSequenceNumber,4,,YES,varchar,varchar(80),""
umreferralservice,serviceReferenceNumber,5,,YES,varchar,varchar(80),""
umreferralservice,procCodeType,6,,YES,varchar,varchar(2),""
umreferralservice,procedureCode,7,,YES,varchar,varchar(15),""
umreferralservice,procedureOtherText,8,,YES,varchar,varchar(60),""
umreferralservice,cancelledServiceInd,9,,YES,smallint,smallint,""
umreferralservice,deleteInd,10,"0",YES,smallint,smallint,""
umreferralservice,changeUserID,11,,YES,varchar,varchar(20),""
umreferralservice,changeDateTime,12,"0000-00-00 00:00:00.000",NO,timestamp,timestamp(3),MUL
umreferralservice,createUserID,13,,YES,varchar,varchar(20),""
umreferralservice,createDateTime,14,"0000-00-00 00:00:00.000",NO,timestamp,timestamp(3),""
umreferralservice,updateVersion,15,,YES,int,int,""
umreferraltrans,umReferralTransID,1,,NO,bigint,bigint,PRI
umreferraltrans,umReferralID,2,,YES,bigint,bigint,""
umreferraltrans,originalSourceSystemID,3,,YES,varchar,varchar(80),""
umreferraltrans,memberID,4,,YES,bigint,bigint,""
umreferraltrans,transID,5,,YES,varchar,varchar(80),""
umreferraltrans,changeUserID,6,,YES,varchar,varchar(20),""
umreferraltrans,changeDateTime,7,"0000-00-00 00:00:00.000",NO,timestamp,timestamp(3),MUL
umreferraltrans,createUserID,8,,YES,varchar,varchar(20),""
umreferraltrans,createDateTime,9,"0000-00-00 00:00:00.000",NO,timestamp,timestamp(3),""
umreferraltrans,updateVersion,10,,YES,int,int,""
umreferraltrans,referralTransID,11,,YES,varchar,varchar(80),""
