"TABLE_NAME","COLUMN_NAME","CONSTRAINT_NAME","REFERENCED_TABLE_NAME","REFERENCED_COLUMN_NAME"
adjscheditpendtempconfig,adjudSchedEditID,djSchdtPndTmpCnfg_djdSchddt1,adjudschededit,adjudSchedEditID
adjscheditpendtempconfig,adjudSchedPendTemplateID,djSchdtPndTmpCnfg_djdSchddtPndTmplt1,adjudschededitpendtemplate,adjudSchedPendTemplateID
adjscheditpendtempconfig,adjudScheduleID,djSchdtPndTmpCnfg_djdSchdHdr1,adjudschedheader,adjudScheduleID
adjscheditpendtempconfigstate,adjSchEditPendTempConfigID,djSchdtPndTmpCnfgStt_djSchdtPndTmpCnfg1,adjscheditpendtempconfig,adjSchEditPendTempConfigID
adjscheditpendtempconfigstate,adjudSchedEditID,djSchdtPndTmpCnfgStt_djdSchddt1,adjudschededit,adjudSchedEditID
adjscheditpendtempconfigstate,adjudSchedPendTemplateID,djSchdtPndTmpCnfgStt_djdSchddtPndTmplt1,adjudschededitpendtemplate,adjudSchedPendTemplateID
adjscheditpendtempconfigstate,adjudScheduleID,djSchdtPndTmpCnfgStt_djdSchdHdr1,adjudschedheader,adjudScheduleID
adjscheditpendtempconfigvc,adjSchEditPendTempConfigID,djSchdtPndTmpCnfgVC_djSchdtPndTmpCnfg1,adjscheditpendtempconfig,adjSchEditPendTempConfigID
adjscheditpendtempconfigvc,adjudSchedEditID,djSchdtPndTmpCnfgVC_djdSchddt1,adjudschededit,adjudSchedEditID
adjscheditpendtempconfigvc,adjudSchedPendTemplateID,djSchdtPndTmpCnfgVC_djdSchddtPndTmplt1,adjudschededitpendtemplate,adjudSchedPendTemplateID
adjscheditpendtempconfigvc,adjudScheduleID,djSchdtPndTmpCnfgVC_djdSchdHdr1,adjudschedheader,adjudScheduleID
adjudschededit,adjudScheduleID,djdSchddt_djdSchdHdr1,adjudschedheader,adjudScheduleID
adjudschededitcancelreasoncode,adjudSchedEditID,djdSchddtCnclRsnCd_djdSchddt1,adjudschededit,adjudSchedEditID
adjudschededitdenycode,adjudSchedEditID,djdSchddtDnyCd_djdSchddt1,adjudschededit,adjudSchedEditID
adjudschededithold,adjudSchedEditID,djdSchddtHld_djdSchddt1,adjudschededit,adjudSchedEditID
adjudschededitoverridecode,adjudSchedEditID,djdSchddtvrrdCd_djdSchddt1,adjudschededit,adjudSchedEditID
adjudschededitpendtemplate,adjudSchedEditID,djdSchddtPndTmplt_djdSchddt1,adjudschededit,adjudSchedEditID
adjudschededitprocedure,adjudSchedEditID,djdSchddtPrcdr_djdSchddt1,adjudschededit,adjudSchedEditID
adjudschededitrejscenariocode,adjudSchedEditID,djdSchddtRjScnrCd_djdSchddt1,adjudschededit,adjudSchedEditID
adjudschededitroutecode,adjudSchedEditID,djdSchddtRtCd_djdSchddt1,adjudschededit,adjudSchedEditID
adjudschededittradingpartner,adjudSchedEditID,djdSchddtTrdngPrtnr_djdSchddt1,adjudschededit,adjudSchedEditID
adjudschededittradingpartner,adjudScheduleID,djdSchddtTrdngPrtnr_djdSchdHdr1,adjudschedheader,adjudScheduleID
adjudschededittradingpartner,tradingPartnerProfileID,djdSchddtTrdngPrtnr_trdngPrtnrPrfl1,tradingpartnerprofile,tradingPartnerProfileID
adjudschedenceditsettings,adjudScheduleID,djdSchdncdtSttngs_djdSchdHdr1,adjudschedheader,adjudScheduleID
adjudschedencrejscenariocode,adjudSchedEncEditSettingsID,djdSchdncRjScnrCd_djdSchdncdtSttngs1,adjudschedenceditsettings,adjudSchedEncEditSettingsID
adjudschedencroutecode,adjudSchedEncEditSettingsID,djdSchdncRtCd_djdSchdncdtSttngs1,adjudschedenceditsettings,adjudSchedEncEditSettingsID
adjudschedmemberdiff,adjudScheduleID,djdSchdMmbrDff_djdSchdHdr1,adjudschedheader,adjudScheduleID
adjudschedmodifier,adjudScheduleID,djdSchdMdfr_djdSchdHdr1,adjudschedheader,adjudScheduleID
adjudschednote,adjudScheduleID,djdSchdNt_djdSchdHdr1,adjudschedheader,adjudScheduleID
adjudschedproviderdiff,adjudScheduleID,djdSchdPrvdrDff_djdSchdHdr1,adjudschedheader,adjudScheduleID
adjudschedrelcoderestrictions,adjudScheduleID,djdSchdRlCdRstrctns_djdSchdHdr1,adjudschedheader,adjudScheduleID
adjudschedrx,adjudScheduleID,djdSchdRx_djdSchdHdr1,adjudschedheader,adjudScheduleID
adjudschedsettingsaccount,adjudScheduleID,djdSchdSttngsccnt_djdSchdHdr1,adjudschedheader,adjudScheduleID
adjudschedsettingsbenefit,adjudScheduleID,djdSchdSttngsBnft_djdSchdHdr1,adjudschedheader,adjudScheduleID
adjudschedsettingsmemgroup,adjudScheduleID,djdSchdSttngsMmGrp_djdSchdHdr1,adjudschedheader,adjudScheduleID
adjudschedsettingssystem,adjudScheduleID,djdSchdSttngsSystm_djdSchdHdr1,adjudschedheader,adjudScheduleID
adjudschedtpldiagcategories,adjudScheduleID,djdSchdTPLDgCtgrs_djdSchdHdr1,adjudschedheader,adjudScheduleID
adjudschedvendornorespaction,adjudScheduleID,djdSchdVndrNRspctn_djdSchdHdr1,adjudschedheader,adjudScheduleID
adjudschedvendornorespaction,adjudSchedVendorTimelineExtID,djdSchdVndrNRspctn_djdSchdVndrTmlnxt1,adjudschedvendortimelineext,adjudSchedVendorTimelineExtID
adjudschedvendornorespaction,adjudSchedVendorTimelineID,djdSchdVndrNRspctn_djdSchdVndrTmln1,adjudschedvendortimeline,adjudSchedVendorTimelineID
adjudschedvendorrespaction,adjudScheduleID,djdSchdVndrRspctn_djdSchdHdr1,adjudschedheader,adjudScheduleID
adjudschedvendorrespaction,adjudSchedVendorTimelineExtID,djdSchdVndrRspctn_djdSchdVndrTmlnxt1,adjudschedvendortimelineext,adjudSchedVendorTimelineExtID
adjudschedvendorrespaction,adjudSchedVendorTimelineID,djdSchdVndrRspctn_djdSchdVndrTmln1,adjudschedvendortimeline,adjudSchedVendorTimelineID
adjudschedvendortimeline,adjudScheduleID,djdSchdVndrTmln_djdSchdHdr1,adjudschedheader,adjudScheduleID
adjudschedvendortimeline,vendorID,djdSchdVndrTmln_vndr1,vendor,vendorID
adjudschedvendortimelineext,adjudScheduleID,djdSchdVndrTmlnxt_djdSchdHdr1,adjudschedheader,adjudScheduleID
adjudschedvendortimelineext,adjudSchedVendorTimelineID,djdSchdVndrTmlnxt_djdSchdVndrTmln1,adjudschedvendortimeline,adjudSchedVendorTimelineID
adjudstepbypass,adjudStepName,djdStpBypss_djdStpNm1,adjudstepname,adjudStepName
agegenderscheddetail,ageGenderSchedVersionID,gGndrSchdDtl_gGndrSchd1,agegendersched,ageGenderSchedVersionID
agegenderscheddetailband,ageGenderSchedDetailID,gGndrSchdDtlBnd_gGndrSchdDtl1,agegenderscheddetail,ageGenderSchedDetailID
agegenderscheddetailband,ageGenderSchedVersionID,gGndrSchdDtlBnd_gGndrSchd1,agegendersched,ageGenderSchedVersionID
agegenderschednote,ageGenderSchedVersionID,gGndrSchdNt_gGndrSchd1,agegendersched,ageGenderSchedVersionID
agereductionscheddetail,ageReductionSchedID,gRdctnSchdDtl_gRdctnSchd1,agereductionsched,ageReductionSchedID
agereductionschednote,ageReductionSchedID,gRdctnSchdNt_gRdctnSchd1,agereductionsched,ageReductionSchedID
allowedbilledfileuplderror,allowedBilledFileUpldHdrID,llwdBlldFlpldrrr_llwdBlldFlpldHdr1,allowedbilledfileupldhdr,allowedBilledFileUpldHdrID
allowedbilledfileupldstage,allowedBilledFileUpldHdrID,llwdBlldFlpldStg_llwdBlldFlpldHdr1,allowedbilledfileupldhdr,allowedBilledFileUpldHdrID
apcbasefileuploaddetail,apcBaseFileUploadHeaderID,pcBsFlpldDtl_pcBsFlpldHdr1,apcbasefileuploadheader,apcBaseFileUploadHeaderID
apccodedetail,apcNumber,pcCdDtl_pcCdHdr1,apccodeheader,apcNumber
apcprocgrouper,apcNumber,pcPrcGrpr_pcCdHdr1,apccodeheader,apcNumber
aptransactionattribsetcla,apTransactionAttribSetID,pTrnsctnttrbStCl_pTrnsctnttrbSt1,aptransactionattribset,apTransactionAttribSetID
attrib,attribSchedType,ttrb_ttrbSchdTyp1,attribschedtype,attribSchedType
attribschednote,attribSchedVersionID,ttrbSchdNt_ttrbSchd1,attribsched,attribSchedVersionID
attribschedvalue,attribSchedVersionID,ttrbSchdVl_ttrbSchd1,attribsched,attribSchedVersionID
attribusagesched,attribUsageCategory,ttrbsgSchd_ttrbsgCtgry1,attribusagecategory,attribUsageCategory
attribusageschedattrib,attribUsageSchedTypeID,ttrbsgSchdttrb_ttrbsgSchdTyp1,attribusageschedtype,attribUsageSchedTypeID
attribusageschedattrib,attribUsageSchedVersionID,ttrbsgSchdttrb_ttrbsgSchd1,attribusagesched,attribUsageSchedVersionID
attribusageschedtype,attribUsageSchedVersionID,ttrbsgSchdTyp_ttrbsgSchd1,attribusagesched,attribUsageSchedVersionID
attribusageschedtype,attribUsageType,ttrbsgSchdTyp_ttrbsgTyp1,attribusagetype,attribUsageType
attribusageschedvalidation,attribUsageSchedVersionID,ttrbsgSchdVldtn_ttrbsgSchd1,attribusagesched,attribUsageSchedVersionID
attribusagetype,attribUsageCategory,ttrbsgTyp_ttrbsgCtgry1,attribusagecategory,attribUsageCategory
attribvalue,attribID,ttrbVl_ttrb1,attrib,attribID
auditerrorcodesourceassign,auditErrorCode,dtrrrCdSrcssgn_dtrrrCd1,auditerrorcode,auditErrorCode
auditerrorcodesourceassign,auditErrorSource,dtrrrCdSrcssgn_dtrrrSrc1,auditerrorsource,auditErrorSource
authmatchingschednote,authMatchingSchedID,thMtchngSchdNt_thMtchngSchd1,authmatchingsched,authMatchingSchedID
authprogramauthproccodematch,authMatchingSchedID,thPrgrmthPrcCdMtch_thMtchngSchd1,authmatchingsched,authMatchingSchedID
authprogramauthproccodematch,authProgramAuthServiceTypeID,thPrgrmthPrcCdMtch_thPrgrmthSrvcTyp1,authprogramauthservicetype,authProgramAuthServiceTypeID
authprogramauthservicetype,authMatchingSchedID,thPrgrmthSrvcTyp_thMtchngSchd1,authmatchingsched,authMatchingSchedID
authprogramauthservicetype,authProgramTypeID,thPrgrmthSrvcTyp_thPrgrmTyp1,authprogramtype,authProgramTypeID
authprogramprocedure,authMatchingSchedID,thPrgrmPrcdr_thMtchngSchd1,authmatchingsched,authMatchingSchedID
authprogramprocedure,authProgramAuthServiceTypeID,thPrgrmPrcdr_thPrgrmthSrvcTyp1,authprogramauthservicetype,authProgramAuthServiceTypeID
authprogramprocedure,authProgramTypeID,thPrgrmPrcdr_thPrgrmTyp1,authprogramtype,authProgramTypeID
authprogramtype,authMatchingSchedID,thPrgrmTyp_thMtchngSchd1,authmatchingsched,authMatchingSchedID
bankaccount,bankID,bnkccnt_bnk1,bank,bankID
bankaccounttype,bankID,bnkccntTyp_bnk1,bank,bankID
bankacctbalance,accountNumber,bnkcctBlnc_bnkccnt1,bankaccount,accountNumber
bankacctbalance,bankID,bnkcctBlnc_bnkccnt1,bankaccount,bankID
bankacctcredit,accountNumber,bnkcctCrdt_bnkccnt1,bankaccount,accountNumber
bankacctcredit,bankID,bnkcctCrdt_bnkccnt1,bankaccount,bankID
bankacctcreditline,accountNumber,bnkcctCrdtLn_bnkccnt1,bankaccount,accountNumber
bankacctcreditline,bankID,bnkcctCrdtLn_bnkccnt1,bankaccount,bankID
bankacctdebit,accountNumber,bnkcctDbt_bnkccnt1,bankaccount,accountNumber
bankacctdebit,bankID,bnkcctDbt_bnkccnt1,bankaccount,bankID
bankbranch,bankID,bnkBrnch_bnk1,bank,bankID
bankcontactaddress,bankID,bnkCntctddrss_bnkCntctNm1,bankcontactname,bankID
bankcontactaddress,contactNum,bnkCntctddrss_bnkCntctNm1,bankcontactname,contactNum
bankcontactaddress,departmentCode,bnkCntctddrss_bnkCntctNm1,bankcontactname,departmentCode
bankcontactdepartment,bankID,bnkCntctDprtmnt_bnk1,bank,bankID
bankcontactname,bankID,bnkCntctNm_bnkCntctDprtmnt1,bankcontactdepartment,bankID
bankcontactname,departmentCode,bnkCntctNm_bnkCntctDprtmnt1,bankcontactdepartment,departmentCode
bankcontactphone,bankID,bnkCntctPhn_bnkCntctNm1,bankcontactname,bankID
bankcontactphone,contactNum,bnkCntctPhn_bnkCntctNm1,bankcontactname,contactNum
bankcontactphone,departmentCode,bnkCntctPhn_bnkCntctNm1,bankcontactname,departmentCode
bankdepartmentaddress,bankID,bnkDprtmntddrss_bnkCntctDprtmnt1,bankcontactdepartment,bankID
bankdepartmentaddress,departmentCode,bnkDprtmntddrss_bnkCntctDprtmnt1,bankcontactdepartment,departmentCode
bankdepartmenthours,bankID,bnkDprtmntHrs_bnkCntctDprtmnt1,bankcontactdepartment,bankID
bankdepartmenthours,departmentCode,bnkDprtmntHrs_bnkCntctDprtmnt1,bankcontactdepartment,departmentCode
bankdepartmentphone,bankID,bnkDprtmntPhn_bnkCntctDprtmnt1,bankcontactdepartment,bankID
bankdepartmentphone,departmentCode,bnkDprtmntPhn_bnkCntctDprtmnt1,bankcontactdepartment,departmentCode
banknote,bankID,bnkNt_bnk1,bank,bankID
banknotedetail,bankID,bnkNtDtl_bnkNt1,banknote,bankID
banknotedetail,noteID,bnkNtDtl_bnkNt1,banknote,noteID
bankrouting,bankID,bnkRtng_bnk1,bank,bankID
bankworkhours,bankID,bnkWrkHrs_bnkCntctNm1,bankcontactname,bankID
bankworkhours,contactNum,bnkWrkHrs_bnkCntctNm1,bankcontactname,contactNum
bankworkhours,departmentCode,bnkWrkHrs_bnkCntctNm1,bankcontactname,departmentCode
beddayscheduledetail,bedDayScheduleID,bdDySchdlDtl_bdDySchdl1,beddayschedule,bedDayScheduleID
beddayscheduledetailrev,bedDayScheduleDetailID,bdDySchdlDtlRv_bdDySchdlDtl1,beddayscheduledetail,bedDayScheduleDetailID
beddayscheduledetailrev,bedDayScheduleID,bdDySchdlDtlRv_bdDySchdl1,beddayschedule,bedDayScheduleID
beddayschedulenote,bedDayScheduleID,bdDySchdlNt_bdDySchdl1,beddayschedule,bedDayScheduleID
beneaccumbypass,benefitPlanVersionID,bnccmBypss_bnftPln1,benefitplan,benefitPlanVersionID
beneaccumbypassperiod,beneAccumBypassID,bnccmBypssPrd_bnccmBypss1,beneaccumbypass,beneAccumBypassID
beneaccumbypassperiod,benefitPlanVersionID,bnccmBypssPrd_bnftPln1,benefitplan,benefitPlanVersionID
beneaccumbypassref,beneAccumBypassID,bnccmBypssRf_bnccmBypss1,beneaccumbypass,beneAccumBypassID
beneaccumbypassref,benefitCode,bnccmBypssRf_bnftPlnCd1,benefitplancode,benefitCode
beneaccumbypassref,benefitPlanVersionID,bnccmBypssRf_bnftPlnCd1,benefitplancode,benefitPlanVersionID
beneaccumbypassref,codeLevel,bnccmBypssRf_bnftPlnCd1,benefitplancode,codeLevel
beneaccumbypassref,tierNumber,bnccmBypssRf_bnftPlnCd1,benefitplancode,tierNumber
beneaccumbypassref,version,bnccmBypssRf_bnftPlnCd1,benefitplancode,version
beneaccumbypasstier,beneAccumBypassID,bnccmBypssTr_bnccmBypss1,beneaccumbypass,beneAccumBypassID
beneaccumbypasstier,benefitPlanVersionID,bnccmBypssTr_bnccmBypss1,beneaccumbypass,benefitPlanVersionID
beneattribsched,benefitPlanVersionID,bnttrbSchd_bnftPln1,benefitplan,benefitPlanVersionID
benecocyear,benefitPlanVersionID,bnCCYr_bnftPln1,benefitplan,benefitPlanVersionID
benecodeadj,benefitCode,bnCddj_bnftPlnCd1,benefitplancode,benefitCode
benecodeadj,benefitPlanVersionID,bnCddj_bnftPlnCd1,benefitplancode,benefitPlanVersionID
benecodeadj,codeLevel,bnCddj_bnftPlnCd1,benefitplancode,codeLevel
benecodeadj,tierNumber,bnCddj_bnftPlnCd1,benefitplancode,tierNumber
benecodeadj,version,bnCddj_bnftPlnCd1,benefitplancode,version
benecodebilltypesetcat,benefitCode,bnCdBllTypStCt_bnftPlnCd1,benefitplancode,benefitCode
benecodebilltypesetcat,benefitPlanVersionID,bnCdBllTypStCt_bnftPlnCd1,benefitplancode,benefitPlanVersionID
benecodebilltypesetcat,codeLevel,bnCdBllTypStCt_bnftPlnCd1,benefitplancode,codeLevel
benecodebilltypesetcat,tierNumber,bnCdBllTypStCt_bnftPlnCd1,benefitplancode,tierNumber
benecodebilltypesetcat,version,bnCdBllTypStCt_bnftPlnCd1,benefitplancode,version
benecodenetwork,benefitCode,bnCdNtwrk_bnftPlnCd1,benefitplancode,benefitCode
benecodenetwork,benefitPlanVersionID,bnCdNtwrk_bnftPlnCd1,benefitplancode,benefitPlanVersionID
benecodenetwork,codeLevel,bnCdNtwrk_bnftPlnCd1,benefitplancode,codeLevel
benecodenetwork,tierNumber,bnCdNtwrk_bnftPlnCd1,benefitplancode,tierNumber
benecodenetwork,version,bnCdNtwrk_bnftPlnCd1,benefitplancode,version
benecodepos,benefitCode,bnCdPS_bnftPlnCd1,benefitplancode,benefitCode
benecodepos,benefitPlanVersionID,bnCdPS_bnftPlnCd1,benefitplancode,benefitPlanVersionID
benecodepos,codeLevel,bnCdPS_bnftPlnCd1,benefitplancode,codeLevel
benecodepos,tierNumber,bnCdPS_bnftPlnCd1,benefitplancode,tierNumber
benecodepos,version,bnCdPS_bnftPlnCd1,benefitplancode,version
benecoderelationship,benefitCode,bnCdRltnshp_bnftPlnCd1,benefitplancode,benefitCode
benecoderelationship,benefitPlanVersionID,bnCdRltnshp_bnftPlnCd1,benefitplancode,benefitPlanVersionID
benecoderelationship,codeLevel,bnCdRltnshp_bnftPlnCd1,benefitplancode,codeLevel
benecoderelationship,tierNumber,bnCdRltnshp_bnftPlnCd1,benefitplancode,tierNumber
benecoderelationship,version,bnCdRltnshp_bnftPlnCd1,benefitplancode,version
benecodeservicetypecode,benefitCode,bnCdSrvcTypCd_bnftPlnCd1,benefitplancode,benefitCode
benecodeservicetypecode,benefitPlanVersionID,bnCdSrvcTypCd_bnftPlnCd1,benefitplancode,benefitPlanVersionID
benecodeservicetypecode,codeLevel,bnCdSrvcTypCd_bnftPlnCd1,benefitplancode,codeLevel
benecodeservicetypecode,tierNumber,bnCdSrvcTypCd_bnftPlnCd1,benefitplancode,tierNumber
benecodeservicetypecode,version,bnCdSrvcTypCd_bnftPlnCd1,benefitplancode,version
benecodestate,benefitCode,bnCdStt_bnftPlnCd1,benefitplancode,benefitCode
benecodestate,benefitPlanVersionID,bnCdStt_bnftPlnCd1,benefitplancode,benefitPlanVersionID
benecodestate,codeLevel,bnCdStt_bnftPlnCd1,benefitplancode,codeLevel
benecodestate,tierNumber,bnCdStt_bnftPlnCd1,benefitplancode,tierNumber
benecodestate,version,bnCdStt_bnftPlnCd1,benefitplancode,version
benecodesuppl,benefitCode,bnCdSppl_bnftPlnCd1,benefitplancode,benefitCode
benecodesuppl,benefitPlanVersionID,bnCdSppl_bnftPlnCd1,benefitplancode,benefitPlanVersionID
benecodesuppl,codeLevel,bnCdSppl_bnftPlnCd1,benefitplancode,codeLevel
benecodesuppl,tierNumber,bnCdSppl_bnftPlnCd1,benefitplancode,tierNumber
benecodesuppl,version,bnCdSppl_bnftPlnCd1,benefitplancode,version
benecoins,benefitPlanVersionID,bnCns_bnftPln1,benefitplan,benefitPlanVersionID
benecoinsperiod,beneCoinsID,bnCnsPrd_bnCns1,benecoins,beneCoinsID
benecoinsperiod,benefitPlanVersionID,bnCnsPrd_bnCns1,benecoins,benefitPlanVersionID
benecopay,benefitPlanVersionID,bnCpy_bnftPln1,benefitplan,benefitPlanVersionID
benecopaydeductibleref,beneDeductibleID,bnCpyDdctblRf_bnDdctbl1,benedeductible,beneDeductibleID
benecopaydeductibleref,benefitCode,bnCpyDdctblRf_bnftPlnCd1,benefitplancode,benefitCode
benecopaydeductibleref,benefitPlanVersionID,bnCpyDdctblRf_bnftPlnCd1,benefitplancode,benefitPlanVersionID
benecopaydeductibleref,codeLevel,bnCpyDdctblRf_bnftPlnCd1,benefitplancode,codeLevel
benecopaydeductibleref,tierNumber,bnCpyDdctblRf_bnftPlnCd1,benefitplancode,tierNumber
benecopaydeductibleref,version,bnCpyDdctblRf_bnftPlnCd1,benefitplancode,version
benecopayperiod,beneCopayID,bnCpyPrd_bnCpy1,benecopay,beneCopayID
benecopayperiod,benefitPlanVersionID,bnCpyPrd_bnCpy1,benecopay,benefitPlanVersionID
benecopayrefcode,beneCopayID,bnCpyRfCd_bnCpy1,benecopay,beneCopayID
benecopayrefcode,benefitPlanVersionID,bnCpyRfCd_bnCpy1,benecopay,benefitPlanVersionID
benecostshare,benefitPlanVersionID,bnCstShr_bnftPln1,benefitplan,benefitPlanVersionID
benecostsharelimits,beneCostShareID,bnCstShrLmts_bnCstShrPrd1,benecostshareperiod,beneCostShareID
benecostsharelimits,beneCostSharePeriodID,bnCstShrLmts_bnCstShrPrd1,benecostshareperiod,beneCostSharePeriodID
benecostsharelimits,benefitPlanVersionID,bnCstShrLmts_bnCstShrPrd1,benecostshareperiod,benefitPlanVersionID
benecostshareperiod,beneCostShareID,bnCstShrPrd_bnCstShr1,benecostshare,beneCostShareID
benecostshareperiod,benefitPlanVersionID,bnCstShrPrd_bnCstShr1,benecostshare,benefitPlanVersionID
benecostshareref,beneCostShareID,bnCstShrRf_bnCstShr1,benecostshare,beneCostShareID
benecostshareref,benefitCode,bnCstShrRf_bnftPlnCd1,benefitplancode,benefitCode
benecostshareref,benefitPlanVersionID,bnCstShrRf_bnftPlnCd1,benefitplancode,benefitPlanVersionID
benecostshareref,codeLevel,bnCstShrRf_bnftPlnCd1,benefitplancode,codeLevel
benecostshareref,tierNumber,bnCstShrRf_bnftPlnCd1,benefitplancode,tierNumber
benecostshareref,version,bnCstShrRf_bnftPlnCd1,benefitplancode,version
benecoveragecondition,benefitCode,bnCvrgCndtn_bnftPlnCd1,benefitplancode,benefitCode
benecoveragecondition,benefitPlanVersionID,bnCvrgCndtn_bnftPlnCd1,benefitplancode,benefitPlanVersionID
benecoveragecondition,codeLevel,bnCvrgCndtn_bnftPlnCd1,benefitplancode,codeLevel
benecoveragecondition,tierNumber,bnCvrgCndtn_bnftPlnCd1,benefitplancode,tierNumber
benecoveragecondition,version,bnCvrgCndtn_bnftPlnCd1,benefitplancode,version
benedeductible,benefitPlanVersionID,bnDdctbl_bnftPln1,benefitplan,benefitPlanVersionID
benedeductiblefamily,beneDeductibleID,bnDdctblFmly_bnDdctblPrd1,benedeductibleperiod,beneDeductibleID
benedeductiblefamily,beneDeductiblePeriodID,bnDdctblFmly_bnDdctblPrd1,benedeductibleperiod,beneDeductiblePeriodID
benedeductiblefamily,benefitPlanVersionID,bnDdctblFmly_bnDdctblPrd1,benedeductibleperiod,benefitPlanVersionID
benedeductibleperiod,beneDeductibleID,bnDdctblPrd_bnDdctbl1,benedeductible,beneDeductibleID
benedeductibleperiod,benefitPlanVersionID,bnDdctblPrd_bnDdctbl1,benedeductible,benefitPlanVersionID
benedeductibleref,beneDeductibleID,bnDdctblRf_bnDdctbl1,benedeductible,beneDeductibleID
benedeductibleref,benefitCode,bnDdctblRf_bnftPlnCd1,benefitplancode,benefitCode
benedeductibleref,benefitPlanVersionID,bnDdctblRf_bnftPlnCd1,benefitplancode,benefitPlanVersionID
benedeductibleref,codeLevel,bnDdctblRf_bnftPlnCd1,benefitplancode,codeLevel
benedeductibleref,tierNumber,bnDdctblRf_bnftPlnCd1,benefitplancode,tierNumber
benedeductibleref,version,bnDdctblRf_bnftPlnCd1,benefitplancode,version
benedeductibletier,beneDeductibleID,bnDdctblTr_bnDdctbl1,benedeductible,beneDeductibleID
benedeductibletier,benefitPlanVersionID,bnDdctblTr_bnDdctbl1,benedeductible,benefitPlanVersionID
beneexternalid,benefitPlanVersionID,bnxtrnlD_bnftPln1,benefitplan,benefitPlanVersionID
benefactorschednote,beneFactorSchedVersionID,bnFctrSchdNt_bnFctrSchd1,benefactorsched,beneFactorSchedVersionID
benefactorschedplan,beneFactorSchedVersionID,bnFctrSchdPln_bnFctrSchd1,benefactorsched,beneFactorSchedVersionID
benefactorschedplandetail,beneFactorSchedPlanID,bnFctrSchdPlnDtl_bnFctrSchdPln1,benefactorschedplan,beneFactorSchedPlanID
benefitbundleactuarialvalue,benefitBundleID,bnftBndlctrlVl_bnftBndlptn1,benefitbundleoption,benefitBundleID
benefitbundleactuarialvalue,benefitBundleOptionID,bnftBndlctrlVl_bnftBndlptn1,benefitbundleoption,benefitBundleOptionID
benefitbundlebaserate,benefitBundleBillingSetID,bnftBndlBsRt_bnftBndlBllngSt1,benefitbundlebillingset,benefitBundleBillingSetID
benefitbundlebaserate,benefitBundleID,bnftBndlBsRt_bnftBndlBllngSt1,benefitbundlebillingset,benefitBundleID
benefitbundlebaserate,benefitBundleOptionID,bnftBndlBsRt_bnftBndlBllngSt1,benefitbundlebillingset,benefitBundleOptionID
benefitbundlebillingset,benefitBundleID,bnftBndlBllngSt_bnftBndlptn1,benefitbundleoption,benefitBundleID
benefitbundlebillingset,benefitBundleOptionID,bnftBndlBllngSt_bnftBndlptn1,benefitbundleoption,benefitBundleOptionID
benefitbundlecarrierlob,benefitBundleID,bnftBndlCrrrLb_bnftBndlptn1,benefitbundleoption,benefitBundleID
benefitbundlecarrierlob,benefitBundleOptionID,bnftBndlCrrrLb_bnftBndlptn1,benefitbundleoption,benefitBundleOptionID
benefitbundlecarrierlob,brandingEntity,bnftBndlCrrrLb_brndngntty1,brandingentity,brandingEntity
benefitbundlecarrierlob,carrierLineOfBusinessID,bnftBndlCrrrLb_crrrLnfBsnss1,carrierlineofbusiness,carrierLineOfBusinessID
benefitbundlecarrierlobstate,benefitBundleCarrierLobID,bnftBndlCrrrLbStt_bnftBndlCrrrLb1,benefitbundlecarrierlob,benefitBundleCarrierLobID
benefitbundlecarrierlobstate,benefitBundleID,bnftBndlCrrrLbStt_bnftBndlCrrrLb1,benefitbundlecarrierlob,benefitBundleID
benefitbundlecarrierlobstate,benefitBundleOptionID,bnftBndlCrrrLbStt_bnftBndlCrrrLb1,benefitbundlecarrierlob,benefitBundleOptionID
benefitbundleccbypassgroup,benefitBundleID,bnftBndlCCBypssGrp_bnftBndlCrssCntrlccm1,benefitbundlecrosscontrolaccum,benefitBundleID
benefitbundleccbypassgroup,bundleCrossControlAccumID,bnftBndlCCBypssGrp_bnftBndlCrssCntrlccm1,benefitbundlecrosscontrolaccum,bundleCrossControlAccumID
benefitbundleccbypassplan,benefitBundleCCBypassGroupID,bnftBndlCCBypssPln_bnftBndlCCBypssGrp1,benefitbundleccbypassgroup,benefitBundleCCBypassGroupID
benefitbundleccbypassplan,benefitBundleID,bnftBndlCCBypssPln_bnftBndlCCBypssGrp1,benefitbundleccbypassgroup,benefitBundleID
benefitbundleccbypassplan,benefitBundleOptionID,bnftBndlCCBypssPln_bnftBndlPln1,benefitbundleplan,benefitBundleOptionID
benefitbundleccbypassplan,benefitBundlePlanID,bnftBndlCCBypssPln_bnftBndlPln1,benefitbundleplan,benefitBundlePlanID
benefitbundleccbypassplan,bundleCrossControlAccumID,bnftBndlCCBypssPln_bnftBndlCCBypssGrp1,benefitbundleccbypassgroup,bundleCrossControlAccumID
benefitbundleccdedgroup,benefitBundleID,bnftBndlCCDdGrp_bnftBndlCrssCntrlccm1,benefitbundlecrosscontrolaccum,benefitBundleID
benefitbundleccdedgroup,bundleCrossControlAccumID,bnftBndlCCDdGrp_bnftBndlCrssCntrlccm1,benefitbundlecrosscontrolaccum,bundleCrossControlAccumID
benefitbundleccdedplan,benefitBundleCCDedGroupID,bnftBndlCCDdPln_bnftBndlCCDdGrp1,benefitbundleccdedgroup,benefitBundleCCDedGroupID
benefitbundleccdedplan,benefitBundleID,bnftBndlCCDdPln_bnftBndlCCDdGrp1,benefitbundleccdedgroup,benefitBundleID
benefitbundleccdedplan,benefitBundleOptionID,bnftBndlCCDdPln_bnftBndlPln1,benefitbundleplan,benefitBundleOptionID
benefitbundleccdedplan,benefitBundlePlanID,bnftBndlCCDdPln_bnftBndlPln1,benefitbundleplan,benefitBundlePlanID
benefitbundleccdedplan,bundleCrossControlAccumID,bnftBndlCCDdPln_bnftBndlCCDdGrp1,benefitbundleccdedgroup,bundleCrossControlAccumID
benefitbundleccmaxgroup,benefitBundleID,bnftBndlCCMxGrp_bnftBndlCrssCntrlccm1,benefitbundlecrosscontrolaccum,benefitBundleID
benefitbundleccmaxgroup,bundleCrossControlAccumID,bnftBndlCCMxGrp_bnftBndlCrssCntrlccm1,benefitbundlecrosscontrolaccum,bundleCrossControlAccumID
benefitbundleccmaxplan,benefitBundleCCMaxGroupID,bnftBndlCCMxPln_bnftBndlCCMxGrp1,benefitbundleccmaxgroup,benefitBundleCCMaxGroupID
benefitbundleccmaxplan,benefitBundleID,bnftBndlCCMxPln_bnftBndlCCMxGrp1,benefitbundleccmaxgroup,benefitBundleID
benefitbundleccmaxplan,benefitBundleOptionID,bnftBndlCCMxPln_bnftBndlPln1,benefitbundleplan,benefitBundleOptionID
benefitbundleccmaxplan,benefitBundlePlanID,bnftBndlCCMxPln_bnftBndlPln1,benefitbundleplan,benefitBundlePlanID
benefitbundleccmaxplan,bundleCrossControlAccumID,bnftBndlCCMxPln_bnftBndlCCMxGrp1,benefitbundleccmaxgroup,bundleCrossControlAccumID
benefitbundleccoopgroup,benefitBundleID,bnftBndlCCPGrp_bnftBndlCrssCntrlccm1,benefitbundlecrosscontrolaccum,benefitBundleID
benefitbundleccoopgroup,bundleCrossControlAccumID,bnftBndlCCPGrp_bnftBndlCrssCntrlccm1,benefitbundlecrosscontrolaccum,bundleCrossControlAccumID
benefitbundleccoopplan,benefitBundleCCOOPGroupID,bnftBndlCCPPln_bnftBndlCCPGrp1,benefitbundleccoopgroup,benefitBundleCCOOPGroupID
benefitbundleccoopplan,benefitBundleID,bnftBndlCCPPln_bnftBndlCCPGrp1,benefitbundleccoopgroup,benefitBundleID
benefitbundleccoopplan,benefitBundleOptionID,bnftBndlCCPPln_bnftBndlPln1,benefitbundleplan,benefitBundleOptionID
benefitbundleccoopplan,benefitBundlePlanID,bnftBndlCCPPln_bnftBndlPln1,benefitbundleplan,benefitBundlePlanID
benefitbundleccoopplan,bundleCrossControlAccumID,bnftBndlCCPPln_bnftBndlCCPGrp1,benefitbundleccoopgroup,bundleCrossControlAccumID
benefitbundlecontrolplanbypass,benefitBundleID,bnftBndlCntrlPlnBypss_bnftBndlPlnccm1,benefitbundleplanaccum,benefitBundleID
benefitbundlecontrolplanbypass,benefitBundleOptionID,bnftBndlCntrlPlnBypss_bnftBndlPlnccm1,benefitbundleplanaccum,benefitBundleOptionID
benefitbundlecontrolplanbypass,benefitBundlePlanAccumID,bnftBndlCntrlPlnBypss_bnftBndlPlnccm1,benefitbundleplanaccum,benefitBundlePlanAccumID
benefitbundlecontrolplanded,benefitBundleID,bnftBndlCntrlPlnDd_bnftBndlPlnccm1,benefitbundleplanaccum,benefitBundleID
benefitbundlecontrolplanded,benefitBundleOptionID,bnftBndlCntrlPlnDd_bnftBndlPlnccm1,benefitbundleplanaccum,benefitBundleOptionID
benefitbundlecontrolplanded,benefitBundlePlanAccumID,bnftBndlCntrlPlnDd_bnftBndlPlnccm1,benefitbundleplanaccum,benefitBundlePlanAccumID
benefitbundlecontrolplanmax,benefitBundleID,bnftBndlCntrlPlnMx_bnftBndlPlnccm1,benefitbundleplanaccum,benefitBundleID
benefitbundlecontrolplanmax,benefitBundleOptionID,bnftBndlCntrlPlnMx_bnftBndlPlnccm1,benefitbundleplanaccum,benefitBundleOptionID
benefitbundlecontrolplanmax,benefitBundlePlanAccumID,bnftBndlCntrlPlnMx_bnftBndlPlnccm1,benefitbundleplanaccum,benefitBundlePlanAccumID
benefitbundlecontrolplanoop,benefitBundleID,bnftBndlCntrlPlnP_bnftBndlPlnccm1,benefitbundleplanaccum,benefitBundleID
benefitbundlecontrolplanoop,benefitBundleOptionID,bnftBndlCntrlPlnP_bnftBndlPlnccm1,benefitbundleplanaccum,benefitBundleOptionID
benefitbundlecontrolplanoop,benefitBundlePlanAccumID,bnftBndlCntrlPlnP_bnftBndlPlnccm1,benefitbundleplanaccum,benefitBundlePlanAccumID
benefitbundlecrosscontrolaccum,benefitBundleID,bnftBndlCrssCntrlccm_bnftBndl1,benefitbundle,benefitBundleID
benefitbundleextid,benefitBundleID,bnftBndlxtD_bnftBndl1,benefitbundle,benefitBundleID
benefitbundlemarketingname,benefitBundleCarrierLobID,bnftBndlMrktngNm_bnftBndlCrrrLb1,benefitbundlecarrierlob,benefitBundleCarrierLobID
benefitbundlemarketingname,benefitBundleID,bnftBndlMrktngNm_bnftBndlCrrrLb1,benefitbundlecarrierlob,benefitBundleID
benefitbundlemarketingname,benefitBundleOptionID,bnftBndlMrktngNm_bnftBndlCrrrLb1,benefitbundlecarrierlob,benefitBundleOptionID
benefitbundlemsaoption,benefitBundleID,bnftBndlMsptn_bnftBndlptn1,benefitbundleoption,benefitBundleID
benefitbundlemsaoption,benefitBundleOptionID,bnftBndlMsptn_bnftBndlptn1,benefitbundleoption,benefitBundleOptionID
benefitbundlemsaplan,benefitBundleID,bnftBndlMsPln_bnftBndlptn1,benefitbundleoption,benefitBundleID
benefitbundlemsaplan,benefitBundleOptionID,bnftBndlMsPln_bnftBndlptn1,benefitbundleoption,benefitBundleOptionID
benefitbundlenote,benefitBundleID,bnftBndlNt_bnftBndl1,benefitbundle,benefitBundleID
benefitbundleoonpricingadjust,benefitBundleID,bnftBndlnPrcngdjst_bnftBndlptn1,benefitbundleoption,benefitBundleID
benefitbundleoonpricingadjust,benefitBundleOptionID,bnftBndlnPrcngdjst_bnftBndlptn1,benefitbundleoption,benefitBundleOptionID
benefitbundleoption,benefitBundleID,bnftBndlptn_bnftBndl1,benefitbundle,benefitBundleID
benefitbundleoption,serviceAreaID,bnftBndlptn_srvcr1,servicearea,serviceAreaID
benefitbundleoptionextid,benefitBundleID,bnftBndlptnxtD_bnftBndlptn1,benefitbundleoption,benefitBundleID
benefitbundleoptionextid,benefitBundleOptionID,bnftBndlptnxtD_bnftBndlptn1,benefitbundleoption,benefitBundleOptionID
benefitbundleplan,benefitBundleID,bnftBndlPln_bnftBndlptn1,benefitbundleoption,benefitBundleID
benefitbundleplan,benefitBundleOptionID,bnftBndlPln_bnftBndlptn1,benefitbundleoption,benefitBundleOptionID
benefitbundleplanaccum,benefitBundleID,bnftBndlPlnccm_bnftBndl1,benefitbundle,benefitBundleID
benefitbundleplanaccum,benefitBundleOptionID,bnftBndlPlnccm_bnftBndlptn1,benefitbundleoption,benefitBundleOptionID
benefitbundlerideroption,benefitBundleID,bnftBndlRdrptn_bnftBndlptn1,benefitbundleoption,benefitBundleID
benefitbundlerideroption,benefitBundleOptionID,bnftBndlRdrptn_bnftBndlptn1,benefitbundleoption,benefitBundleOptionID
benefitbundleriderplan,benefitBundleID,bnftBndlRdrPln_bnftBndl1,benefitbundle,benefitBundleID
benefitbundleriderplan,benefitBundleOptionID,bnftBndlRdrPln_bnftBndlptn1,benefitbundleoption,benefitBundleOptionID
benefitbundleserviceoption,benefitBundleID,bnftBndlSrvcptn_bnftBndlptn1,benefitbundleoption,benefitBundleID
benefitbundleserviceoption,benefitBundleOptionID,bnftBndlSrvcptn_bnftBndlptn1,benefitbundleoption,benefitBundleOptionID
benefitbundleserviceplan,benefitBundleID,bnftBndlSrvcPln_bnftBndlptn1,benefitbundleoption,benefitBundleID
benefitbundleserviceplan,benefitBundleOptionID,bnftBndlSrvcPln_bnftBndlptn1,benefitbundleoption,benefitBundleOptionID
benefitbundlestandardcompid,benefitBundleCarrierLobID,bnftBndlStndrdCmpD_bnftBndlCrrrLbStt1,benefitbundlecarrierlobstate,benefitBundleCarrierLobID
benefitbundlestandardcompid,benefitBundleCarrierLobStateID,bnftBndlStndrdCmpD_bnftBndlCrrrLbStt1,benefitbundlecarrierlobstate,benefitBundleCarrierLobStateID
benefitbundlestandardcompid,benefitBundleID,bnftBndlStndrdCmpD_bnftBndlCrrrLbStt1,benefitbundlecarrierlobstate,benefitBundleID
benefitbundlestandardcompid,benefitBundleOptionID,bnftBndlStndrdCmpD_bnftBndlCrrrLbStt1,benefitbundlecarrierlobstate,benefitBundleOptionID
benefitbundleutilizationopt,benefitBundleID,bnftBndltlztnpt_bnftBndlptn1,benefitbundleoption,benefitBundleID
benefitbundleutilizationopt,benefitBundleOptionID,bnftBndltlztnpt_bnftBndlptn1,benefitbundleoption,benefitBundleOptionID
benefitbundleutilizationplan,benefitBundleID,bnftBndltlztnPln_bnftBndlptn1,benefitbundleoption,benefitBundleID
benefitbundleutilizationplan,benefitBundleOptionID,bnftBndltlztnPln_bnftBndlptn1,benefitbundleoption,benefitBundleOptionID
benefitbundlevalidation,benefitBundleID,bnftBndlVldtn_bnftBndl1,benefitbundle,benefitBundleID
benefitcode,finActivityCode,bnftCd_fnctvtyCd1,finactivitycode,finActivityCode
benefitcodemerchantcatcode,benefitCode,bnftCdMrchntCtCd_bnftCd1,benefitcode,benefitCode
benefitcsset,benefitPlanVersionID,bnftCSSt_bnftPln1,benefitplan,benefitPlanVersionID
benefitcssetaccumbypassref,beneAccumBypassID,bnftCSStccmBypssRf_bnccmBypss1,beneaccumbypass,beneAccumBypassID
benefitcssetaccumbypassref,benefitCSSetID,bnftCSStccmBypssRf_bnftCSStPrd1,benefitcssetperiod,benefitCSSetID
benefitcssetaccumbypassref,benefitCSSetPeriodID,bnftCSStccmBypssRf_bnftCSStPrd1,benefitcssetperiod,benefitCSSetPeriodID
benefitcssetaccumbypassref,benefitPlanVersionID,bnftCSStccmBypssRf_bnftCSStPrd1,benefitcssetperiod,benefitPlanVersionID
benefitcssetcopaydeductibleref,beneDeductibleID,bnftCSStCpyDdctblRf_bnDdctbl1,benedeductible,beneDeductibleID
benefitcssetcopaydeductibleref,benefitCSSetID,bnftCSStCpyDdctblRf_bnftCSStPrd1,benefitcssetperiod,benefitCSSetID
benefitcssetcopaydeductibleref,benefitCSSetPeriodID,bnftCSStCpyDdctblRf_bnftCSStPrd1,benefitcssetperiod,benefitCSSetPeriodID
benefitcssetcopaydeductibleref,benefitPlanVersionID,bnftCSStCpyDdctblRf_bnftCSStPrd1,benefitcssetperiod,benefitPlanVersionID
benefitcssetcostshareref,beneCostShareID,bnftCSStCstShrRf_bnCstShr1,benecostshare,beneCostShareID
benefitcssetcostshareref,benefitCSSetID,bnftCSStCstShrRf_bnftCSStPrd1,benefitcssetperiod,benefitCSSetID
benefitcssetcostshareref,benefitCSSetPeriodID,bnftCSStCstShrRf_bnftCSStPrd1,benefitcssetperiod,benefitCSSetPeriodID
benefitcssetcostshareref,benefitPlanVersionID,bnftCSStCstShrRf_bnftCSStPrd1,benefitcssetperiod,benefitPlanVersionID
benefitcssetdeductibleref,beneDeductibleID,bnftCSStDdctblRf_bnDdctbl1,benedeductible,beneDeductibleID
benefitcssetdeductibleref,benefitCSSetID,bnftCSStDdctblRf_bnftCSStPrd1,benefitcssetperiod,benefitCSSetID
benefitcssetdeductibleref,benefitCSSetPeriodID,bnftCSStDdctblRf_bnftCSStPrd1,benefitcssetperiod,benefitCSSetPeriodID
benefitcssetdeductibleref,benefitPlanVersionID,bnftCSStDdctblRf_bnftCSStPrd1,benefitcssetperiod,benefitPlanVersionID
benefitcssetmaxref,benefitCSSetID,bnftCSStMxRf_bnftCSStPrd1,benefitcssetperiod,benefitCSSetID
benefitcssetmaxref,benefitCSSetPeriodID,bnftCSStMxRf_bnftCSStPrd1,benefitcssetperiod,benefitCSSetPeriodID
benefitcssetmaxref,benefitPlanVersionID,bnftCSStMxRf_bnftCSStPrd1,benefitcssetperiod,benefitPlanVersionID
benefitcssetmaxref,beneMaxID,bnftCSStMxRf_bnMx1,benemax,beneMaxID
benefitcssetperiod,benefitCSSetID,bnftCSStPrd_bnftCSSt1,benefitcsset,benefitCSSetID
benefitcssetperiod,benefitPlanVersionID,bnftCSStPrd_bnftCSSt1,benefitcsset,benefitPlanVersionID
benefitcssetstoplossref,benefitCSSetID,bnftCSStStplssRf_bnftCSStPrd1,benefitcssetperiod,benefitCSSetID
benefitcssetstoplossref,benefitCSSetPeriodID,bnftCSStStplssRf_bnftCSStPrd1,benefitcssetperiod,benefitCSSetPeriodID
benefitcssetstoplossref,benefitPlanVersionID,bnftCSStStplssRf_bnftCSStPrd1,benefitcssetperiod,benefitPlanVersionID
benefitcssetstoplossref,beneStoplossOOPID,bnftCSStStplssRf_bnStplssP1,benestoplossoop,beneStoplossOOPID
benefitfactorerrormessage,benefitFactorUpldHeaderID,bnftFctrrrrMssg_bnftFctrpldHdr1,benefitfactorupldheader,benefitFactorUpldHeaderID
benefitfactoruplderror,benefitFactorUpldHeaderID,bnftFctrpldrrr_bnftFctrpldHdr1,benefitfactorupldheader,benefitFactorUpldHeaderID
benefitfactorupldstage,benefitFactorUpldHeaderID,bnftFctrpldStg_bnftFctrpldHdr1,benefitfactorupldheader,benefitFactorUpldHeaderID
benefitplan,productVersionID,bnftPln_prdct1,product,productVersionID
benefitplancode,benefitPlanVersionID,bnftPlnCd_bnftPln1,benefitplan,benefitPlanVersionID
benefitplanstate,benefitPlanVersionID,bnftPlnStt_bnftPln1,benefitplan,benefitPlanVersionID
benefitplantradingcostshare,benefitPlanTradingPartnerID,bnftPlnTrdngCstShr_bnftPlnTrdngPrtnr1,benefitplantradingpartner,benefitPlanTradingPartnerID
benefitplantradingcostshare,benefitPlanVersionID,bnftPlnTrdngCstShr_bnftPln1,benefitplan,benefitPlanVersionID
benefitplantradingcostshare,tradingPartnerProfileID,bnftPlnTrdngCstShr_trdngPrtnrPrfl1,tradingpartnerprofile,tradingPartnerProfileID
benefitplantradingded,benefitPlanTradingPartnerID,bnftPlnTrdngDd_bnftPlnTrdngPrtnr1,benefitplantradingpartner,benefitPlanTradingPartnerID
benefitplantradingded,benefitPlanVersionID,bnftPlnTrdngDd_bnftPln1,benefitplan,benefitPlanVersionID
benefitplantradingded,tradingPartnerProfileID,bnftPlnTrdngDd_trdngPrtnrPrfl1,tradingpartnerprofile,tradingPartnerProfileID
benefitplantradingmax,benefitPlanTradingPartnerID,bnftPlnTrdngMx_bnftPlnTrdngPrtnr1,benefitplantradingpartner,benefitPlanTradingPartnerID
benefitplantradingmax,benefitPlanVersionID,bnftPlnTrdngMx_bnftPln1,benefitplan,benefitPlanVersionID
benefitplantradingmax,tradingPartnerProfileID,bnftPlnTrdngMx_trdngPrtnrPrfl1,tradingpartnerprofile,tradingPartnerProfileID
benefitplantradingoop,benefitPlanTradingPartnerID,bnftPlnTrdngP_bnftPlnTrdngPrtnr1,benefitplantradingpartner,benefitPlanTradingPartnerID
benefitplantradingoop,benefitPlanVersionID,bnftPlnTrdngP_bnftPln1,benefitplan,benefitPlanVersionID
benefitplantradingoop,tradingPartnerProfileID,bnftPlnTrdngP_trdngPrtnrPrfl1,tradingpartnerprofile,tradingPartnerProfileID
benefitplantradingpartner,benefitPlanVersionID,bnftPlnTrdngPrtnr_bnftPln1,benefitplan,benefitPlanVersionID
benefitplantradingpartner,tradingPartnerID,bnftPlnTrdngPrtnr_trdngPrtnr1,tradingpartner,tradingPartnerID
benemax,benefitPlanVersionID,bnMx_bnftPln1,benefitplan,benefitPlanVersionID
benemaxperiod,benefitPlanVersionID,bnMxPrd_bnMx1,benemax,benefitPlanVersionID
benemaxperiod,beneMaxID,bnMxPrd_bnMx1,benemax,beneMaxID
benemaxperioddiagmodifier,benefitPlanVersionID,bnMxPrdDgMdfr_bnMxPrSrvDgMd1,benemaxperservdiagmod,benefitPlanVersionID
benemaxperioddiagmodifier,beneMaxID,bnMxPrdDgMdfr_bnMxPrSrvDgMd1,benemaxperservdiagmod,beneMaxID
benemaxperioddiagmodifier,beneMaxPeriodID,bnMxPrdDgMdfr_bnMxPrSrvDgMd1,benemaxperservdiagmod,beneMaxPeriodID
benemaxperioddiagmodifier,beneMaxPerServDiagModID,bnMxPrdDgMdfr_bnMxPrSrvDgMd1,benemaxperservdiagmod,beneMaxPerServDiagModID
benemaxperiodmodifier,benefitPlanVersionID,bnMxPrdMdfr_bnMxPrSrvPrcMd1,benemaxperservprocmod,benefitPlanVersionID
benemaxperiodmodifier,beneMaxID,bnMxPrdMdfr_bnMxPrSrvPrcMd1,benemaxperservprocmod,beneMaxID
benemaxperiodmodifier,beneMaxPeriodID,bnMxPrdMdfr_bnMxPrSrvPrcMd1,benemaxperservprocmod,beneMaxPeriodID
benemaxperiodmodifier,beneMaxPerServProcModID,bnMxPrdMdfr_bnMxPrSrvPrcMd1,benemaxperservprocmod,beneMaxPerServProcModID
benemaxperiodprocedure,benefitPlanVersionID,bnMxPrdPrcdr_bnMxPrd1,benemaxperiod,benefitPlanVersionID
benemaxperiodprocedure,beneMaxID,bnMxPrdPrcdr_bnMxPrd1,benemaxperiod,beneMaxID
benemaxperiodprocedure,beneMaxPeriodID,bnMxPrdPrcdr_bnMxPrd1,benemaxperiod,beneMaxPeriodID
benemaxperservdiagmod,benefitPlanVersionID,bnMxPrSrvDgMd_bnMxPrd1,benemaxperiod,benefitPlanVersionID
benemaxperservdiagmod,beneMaxID,bnMxPrSrvDgMd_bnMxPrd1,benemaxperiod,beneMaxID
benemaxperservdiagmod,beneMaxPeriodID,bnMxPrSrvDgMd_bnMxPrd1,benemaxperiod,beneMaxPeriodID
benemaxperservprocmod,benefitPlanVersionID,bnMxPrSrvPrcMd_bnMxPrd1,benemaxperiod,benefitPlanVersionID
benemaxperservprocmod,beneMaxID,bnMxPrSrvPrcMd_bnMxPrd1,benemaxperiod,beneMaxID
benemaxperservprocmod,beneMaxPeriodID,bnMxPrSrvPrcMd_bnMxPrd1,benemaxperiod,beneMaxPeriodID
benemaxref,benefitCode,bnMxRf_bnftPlnCd1,benefitplancode,benefitCode
benemaxref,benefitPlanVersionID,bnMxRf_bnftPlnCd1,benefitplancode,benefitPlanVersionID
benemaxref,beneMaxID,bnMxRf_bnMx1,benemax,beneMaxID
benemaxref,codeLevel,bnMxRf_bnftPlnCd1,benefitplancode,codeLevel
benemaxref,tierNumber,bnMxRf_bnftPlnCd1,benefitplancode,tierNumber
benemaxref,version,bnMxRf_bnftPlnCd1,benefitplancode,version
benemaxtier,benefitPlanVersionID,bnMxTr_bnMx1,benemax,benefitPlanVersionID
benemaxtier,beneMaxID,bnMxTr_bnMx1,benemax,beneMaxID
benenetworksched,benefitPlanVersionID,bnNtwrkSchd_bnftPln1,benefitplan,benefitPlanVersionID
benenetworkschedexternalid,benefitPlanVersionID,bnNtwrkSchdxtrnlD_bnftPln1,benefitplan,benefitPlanVersionID
benenetworkschedexternalid,beneNetworkSchedID,bnNtwrkSchdxtrnlD_bnNtwrkSchd1,benenetworksched,beneNetworkSchedID
benenote,benefitPlanVersionID,bnNt_bnftPln1,benefitplan,benefitPlanVersionID
beneplanaddress,benefitPlanVersionID,bnPlnddrss_bnftPln1,benefitplan,benefitPlanVersionID
beneplanaddress,sysAddressID,bnPlnddrss_sysddrss1,sysaddress,sysAddressID
beneplanoverviewtextoverride,benefitCode,bnPlnvrvwTxtvrrd_bnftCd1,benefitcode,benefitCode
beneplanoverviewtextoverride,benefitPlanVersionID,bnPlnvrvwTxtvrrd_bnftPln1,benefitplan,benefitPlanVersionID
beneplanperiodsettings,benefitPlanVersionID,bnPlnPrdSttngs_bnftPln1,benefitplan,benefitPlanVersionID
beneplanphonenumber,benefitPlanVersionID,bnPlnPhnNmbr_bnftPln1,benefitplan,benefitPlanVersionID
beneplanphonenumber,sysPhoneNumberID,bnPlnPhnNmbr_sysPhnNmbr1,sysphonenumber,sysPhoneNumberID
beneplanrelationship,benefitPlanVersionID,bnPlnRltnshp_bnftPln1,benefitplan,benefitPlanVersionID
beneplansettings,benefitPlanVersionID,bnPlnSttngs_bnftPln1,benefitplan,benefitPlanVersionID
beneplansettings,clinicalEditSchedID,bnPlnSttngs_clncldtSchd1,clinicaleditsched,clinicalEditSchedID
beneplansettings,cobSchedID,bnPlnSttngs_cbSchdl1,cobschedule,cobSchedID
beneplansettings,servCompSetID,bnPlnSttngs_srvCmpSt1,servcompset,servCompSetID
beneplansettings,timelyFilingSchedID,bnPlnSttngs_tmlyFlngSchd1,timelyfilingsched,timelyFilingSchedID
benestoplossfamily,benefitPlanVersionID,bnStplssFmly_bnStplssPPrd1,benestoplossoopperiod,benefitPlanVersionID
benestoplossfamily,beneStoplossOOPID,bnStplssFmly_bnStplssPPrd1,benestoplossoopperiod,beneStoplossOOPID
benestoplossfamily,beneStoplossOOPPeriodID,bnStplssFmly_bnStplssPPrd1,benestoplossoopperiod,beneStoplossOOPPeriodID
benestoplossoop,benefitPlanVersionID,bnStplssP_bnftPln1,benefitplan,benefitPlanVersionID
benestoplossoopperiod,benefitPlanVersionID,bnStplssPPrd_bnStplssP1,benestoplossoop,benefitPlanVersionID
benestoplossoopperiod,beneStoplossOOPID,bnStplssPPrd_bnStplssP1,benestoplossoop,beneStoplossOOPID
benestoplossref,benefitCode,bnStplssRf_bnftPlnCd1,benefitplancode,benefitCode
benestoplossref,benefitPlanVersionID,bnStplssRf_bnftPlnCd1,benefitplancode,benefitPlanVersionID
benestoplossref,beneStoplossOOPID,bnStplssRf_bnStplssP1,benestoplossoop,beneStoplossOOPID
benestoplossref,codeLevel,bnStplssRf_bnftPlnCd1,benefitplancode,codeLevel
benestoplossref,tierNumber,bnStplssRf_bnftPlnCd1,benefitplancode,tierNumber
benestoplossref,version,bnStplssRf_bnftPlnCd1,benefitplancode,version
benestoplosstier,benefitPlanVersionID,bnStplssTr_bnStplssP1,benestoplossoop,benefitPlanVersionID
benestoplosstier,beneStoplossOOPID,bnStplssTr_bnStplssP1,benestoplossoop,beneStoplossOOPID
benetier,benefitPlanVersionID,bnTr_bnftPln1,benefitplan,benefitPlanVersionID
benetiernetwork,benefitPlanVersionID,bnTrNtwrk_bnTr1,benetier,benefitPlanVersionID
benetiernetwork,beneTierID,bnTrNtwrk_bnTr1,benetier,beneTierID
benetiernetworkprov,benefitPlanVersionID,bnTrNtwrkPrv_bnTrNtwrk1,benetiernetwork,benefitPlanVersionID
benetiernetworkprov,beneTierID,bnTrNtwrkPrv_bnTrNtwrk1,benetiernetwork,beneTierID
benetiernetworkprov,beneTierNetworkID,bnTrNtwrkPrv_bnTrNtwrk1,benetiernetwork,beneTierNetworkID
benetiernetworkprovdetail,benefitPlanVersionID,bnTrNtwrkPrvDtl_bnTrNtwrkPrv1,benetiernetworkprov,benefitPlanVersionID
benetiernetworkprovdetail,beneTierID,bnTrNtwrkPrvDtl_bnTrNtwrkPrv1,benetiernetworkprov,beneTierID
benetiernetworkprovdetail,beneTierNetworkID,bnTrNtwrkPrvDtl_bnTrNtwrkPrv1,benetiernetworkprov,beneTierNetworkID
benetiernetworkprovdetail,beneTierNetworkProvID,bnTrNtwrkPrvDtl_bnTrNtwrkPrv1,benetiernetworkprov,beneTierNetworkProvID
benetiernetworkprovdetail,networkID,bnTrNtwrkPrvDtl_ntwrk1,network,networkID
benevalidation,benefitPlanVersionID,bnVldtn_bnftPln1,benefitplan,benefitPlanVersionID
benewaiveref,benefitCode,bnWvRf_bnftPlnCd1,benefitplancode,benefitCode
benewaiveref,benefitPlanVersionID,bnWvRf_bnftPlnCd1,benefitplancode,benefitPlanVersionID
benewaiveref,codeLevel,bnWvRf_bnftPlnCd1,benefitplancode,codeLevel
benewaiveref,tierNumber,bnWvRf_bnftPlnCd1,benefitplancode,tierNumber
benewaiveref,version,bnWvRf_bnftPlnCd1,benefitplancode,version
billasrendexclstatecodeassign,settingID,bllsRndxclSttCdssgn_prfClmSttngs1,profclaimsettings,settingID
billingsched,familyUnitScheduleID,bllngSchd_fmlyntSchdl1,familyunitschedule,familyUnitScheduleID
billingschedagegender,billingSchedID,bllngSchdgGndr_bllngSchd1,billingsched,billingSchedID
billingschedentity,billingSchedID,bllngSchdntty_bllngSchd1,billingsched,billingSchedID
billingschedfudslevel,billingSchedID,bllngSchdFDSLvl_bllngSchd1,billingsched,billingSchedID
billingschedfudslevel,familyLevel,bllngSchdFDSLvl_fmlyntSchdlLvl1,familyunitschedulelevel,familyLevel
billingschedfudslevel,familyUnitScheduleID,bllngSchdFDSLvl_fmlyntSchdlLvl1,familyunitschedulelevel,familyUnitScheduleID
billingschedmodifier,billingSchedID,bllngSchdMdfr_bllngSchd1,billingsched,billingSchedID
billingschedmodifier,industryClassModSchedID,bllngSchdMdfr_ndstryClssMdSchd1,industryclassmodsched,industryClassModSchedID
billingschednote,billingSchedID,bllngSchdNt_bllngSchd1,billingsched,billingSchedID
billingsetnote,billingSetID,bllngStNt_bllngSt1,billingset,billingSetID
billingsetschedassign,billingSchedID,bllngStSchdssgn_bllngSchd1,billingsched,billingSchedID
billingsetschedassign,billingSetID,bllngStSchdssgn_bllngSt1,billingset,billingSetID
billingsetschedassign,billItemType,bllngStSchdssgn_blltmTyp1,billitemtype,billItemType
billtypesetcat,billTypeSetID,bllTypStCt_bllTypSt1,billtypeset,billTypeSetID
billtypesetcatdetail,billTypeSetCatID,bllTypStCtDtl_bllTypStCt1,billtypesetcat,billTypeSetCatID
billtypesetcatdetail,billTypeSetID,bllTypStCtDtl_bllTypStCt1,billtypesetcat,billTypeSetID
billtypesetcatdetaildef,billTypeSetCatDetailID,bllTypStCtDtlDf_bllTypStCtDtl1,billtypesetcatdetail,billTypeSetCatDetailID
billtypesetcatdetaildef,billTypeSetCatID,bllTypStCtDtlDf_bllTypStCtDtl1,billtypesetcatdetail,billTypeSetCatID
billtypesetcatdetaildef,billTypeSetID,bllTypStCtDtlDf_bllTypStCtDtl1,billtypesetcatdetail,billTypeSetID
capadjlog,capAdjID,cpdjLg_cpdj1,capadj,capAdjID
capguaranteeschednote,capGuaranteeSchedID,cpGrntSchdNt_cpGrntSchd1,capguaranteesched,capGuaranteeSchedID
capguaranteeschedsettlement,capGuaranteeSchedID,cpGrntSchdSttlmnt_cpGrntSchd1,capguaranteesched,capGuaranteeSchedID
capguaranteeschedsettlementrt,capGuaranteeSchedSettlementID,cpGrntSchdSttlmntRt_cpGrntSchdSttlmnt1,capguaranteeschedsettlement,capGuaranteeSchedSettlementID
caprunattribset,capRunPayeeID,cpRnttrbSt_cpRnPy1,caprunpayee,capRunPayeeID
caprunattribsetadjassign,capRunAttribSetID,cpRnttrbStdjssgn_cpRnttrbSt1,caprunattribset,capRunAttribSetID
caprunattribsetadjassign,capRunPayeeAdjAssignID,cpRnttrbStdjssgn_cpRnPydjssgn1,caprunpayeeadjassign,capRunPayeeAdjAssignID
caprunattribsetadjassignmemdtl,capRunAttribSetAdjAssignID,cpRnttrbStdjssgnMmDtl_cpRnttrbStdjssgn1,caprunattribsetadjassign,capRunAttribSetAdjAssignID
caprunattribsetadjassignmemdtl,capRunMemDetailID,cpRnttrbStdjssgnMmDtl_cpRnMmDtl1,caprunmemdetail,capRunMemDetailID
caprunattribsetmemdetail,capRunAttribSetID,cpRnttrbStMmDtl_cpRnttrbSt1,caprunattribset,capRunAttribSetID
caprunattribsetmemdetail,capRunMemDetailID,cpRnttrbStMmDtl_cpRnMmDtl1,caprunmemdetail,capRunMemDetailID
caprunlog,capRunID,cpRnLg_cpRn1,caprun,capRunID
caprunmem,capRunID,cpRnMm_cpRn1,caprun,capRunID
caprunmem,capRunPayeeID,cpRnMm_cpRnPy1,caprunpayee,capRunPayeeID
caprunmemchangelog,capRunMemID,cpRnMmChngLg_cpRnMm1,caprunmem,capRunMemID
caprunmemdetail,capRunID,cpRnMmDtl_cpRnMm1,caprunmem,capRunID
caprunmemdetail,capRunMemID,cpRnMmDtl_cpRnMm1,caprunmem,capRunMemID
caprunmemdetailcap,capRunID,cpRnMmDtlCp_cpRnMmDtl1,caprunmemdetail,capRunID
caprunmemdetailcap,capRunMemDetailID,cpRnMmDtlCp_cpRnMmDtl1,caprunmemdetail,capRunMemDetailID
caprunmemdetailcap,capRunMemID,cpRnMmDtlCp_cpRnMmDtl1,caprunmemdetail,capRunMemID
caprunmemdetailmemind,capRunMemDetailCapID,cpRnMmDtlMmnd_cpRnMmDtlCp1,caprunmemdetailcap,capRunMemDetailCapID
caprunmemdetailwithhold,capRunMemDetailID,cpRnMmDtlWthhld_cpRnMmDtl1,caprunmemdetail,capRunMemDetailID
caprunmemdtlchangelog,capRunMemDetailCapID,cpRnMmDtlChngLg_cpRnMmDtlCp1,caprunmemdetailcap,capRunMemDetailCapID
caprunmemdtldisability,capRunMemDetailCapID,cpRnMmDtlDsblty_cpRnMmDtlCp1,caprunmemdetailcap,capRunMemDetailCapID
caprunmemgrouppopulation,capRunID,cpRnMmGrpPpltn_cpRn1,caprun,capRunID
caprunmemrequest,capRunID,cpRnMmRqst_cpRn1,caprun,capRunID
caprunpayee,capRunID,cpRnPy_cpRn1,caprun,capRunID
caprunpayeeadjassign,capAdjID,cpRnPydjssgn_cpdj1,capadj,capAdjID
caprunpayeeadjassign,capRunID,cpRnPydjssgn_cpRn1,caprun,capRunID
caprunpayeelog,capRunPayeeID,cpRnPyLg_cpRnPy1,caprunpayee,capRunPayeeID
caprunpayeevarianceresult,capRunID,cpRnPyVrncRslt_cpRn1,caprun,capRunID
caprunpayeevarianceresult,capRunPayeeID,cpRnPyVrncRslt_cpRnPy1,caprunpayee,capRunPayeeID
caprunreview,capRunID,cpRnRvw_cpRn1,caprun,capRunID
caprunvarianceresult,capRunID,cpRnVrncRslt_cpRn1,caprun,capRunID
caprunwithhold,capRunID,cpRnWthhld_cpRn1,caprun,capRunID
capscheddetail,capSchedID,cpSchdDtl_cpSchd1,capsched,capSchedID
capscheddetailmodifier,capSchedDetailID,cpSchdDtlMdfr_cpSchdDtl1,capscheddetail,capSchedDetailID
capscheddetailmodifieragegend,capSchedDetailModifierID,cpSchdDtlMdfrgGnd_cpSchdDtlMdfr1,capscheddetailmodifier,capSchedDetailModifierID
capschednote,capSchedID,cpSchdNt_cpSchd1,capsched,capSchedID
capwithholdaccumtx,capWithholdAccumID,cpWthhldccmTX_cpWthhldccm1,capwithholdaccum,capWithholdAccumID
carriercontactaddress,carrierID,crrrCntctddrss_crrrCntctNm1,carriercontactname,carrierID
carriercontactaddress,contactNum,crrrCntctddrss_crrrCntctNm1,carriercontactname,contactNum
carriercontactaddress,departmentCode,crrrCntctddrss_crrrCntctNm1,carriercontactname,departmentCode
carriercontactdepartment,carrierID,crrrCntctDprtmnt_crrr1,carrier,carrierID
carriercontactname,carrierID,crrrCntctNm_crrrCntctDprtmnt1,carriercontactdepartment,carrierID
carriercontactname,departmentCode,crrrCntctNm_crrrCntctDprtmnt1,carriercontactdepartment,departmentCode
carriercontactphone,carrierID,crrrCntctPhn_crrrCntctNm1,carriercontactname,carrierID
carriercontactphone,contactNum,crrrCntctPhn_crrrCntctNm1,carriercontactname,contactNum
carriercontactphone,departmentCode,crrrCntctPhn_crrrCntctNm1,carriercontactname,departmentCode
carrierdepartmentaddress,carrierID,crrrDprtmntddrss_crrrCntctDprtmnt1,carriercontactdepartment,carrierID
carrierdepartmentaddress,departmentCode,crrrDprtmntddrss_crrrCntctDprtmnt1,carriercontactdepartment,departmentCode
carrierdepartmenthours,carrierID,crrrDprtmntHrs_crrrCntctDprtmnt1,carriercontactdepartment,carrierID
carrierdepartmenthours,departmentCode,crrrDprtmntHrs_crrrCntctDprtmnt1,carriercontactdepartment,departmentCode
carrierdepartmentphone,carrierID,crrrDprtmntPhn_crrrCntctDprtmnt1,carriercontactdepartment,carrierID
carrierdepartmentphone,departmentCode,crrrDprtmntPhn_crrrCntctDprtmnt1,carriercontactdepartment,departmentCode
carrierextid,carrierID,crrrxtD_crrr1,carrier,carrierID
carrierextidpayermap,carrierExtID,crrrxtDPyrMp_crrrxtD1,carrierextid,carrierExtID
carrierextidusagetype,carrierExtID,crrrxtDsgTyp_crrrxtD1,carrierextid,carrierExtID
carrierfein,carrierID,crrrFN_crrr1,carrier,carrierID
carrierhiosissuerid,carrierID,crrrHSssrD_crrr1,carrier,carrierID
carrierlineofbusiness,carrierID,crrrLnfBsnss_crrr1,carrier,carrierID
carrierlineofbusiness,lineOfBusinessID,crrrLnfBsnss_lnfBsnss1,lineofbusiness,lineOfBusinessID
carrierlobpermit,carrierLineOfBusinessID,crrrLbPrmt_crrrLnfBsnss1,carrierlineofbusiness,carrierLineOfBusinessID
carrierlobpermit,licensingEntityPermitID,crrrLbPrmt_lcnsngnttyPrmt1,licensingentitypermit,licensingEntityPermitID
carrierlobplan,brandingEntity,crrrLbPln_brndngntty1,brandingentity,brandingEntity
carrierlobplan,carrierLineOfBusinessID,crrrLbPln_crrrLnfBsnss1,carrierlineofbusiness,carrierLineOfBusinessID
carrierlobproduct,brandingEntity,crrrLbPrdct_brndngntty1,brandingentity,brandingEntity
carrierlobproduct,carrierLineOfBusinessID,crrrLbPrdct_crrrLnfBsnss1,carrierlineofbusiness,carrierLineOfBusinessID
carriernote,carrierID,crrrNt_crrr1,carrier,carrierID
carriernotedetail,carrierID,crrrNtDtl_crrrNt1,carriernote,carrierID
carriernotedetail,noteID,crrrNtDtl_crrrNt1,carriernote,noteID
carrierproductplanstate,carrierID,crrrPrdctPlnStt_crrrPrdctPlnTyp1,carrierproductplantype,carrierID
carrierproductplanstate,carrierProductPlanTypeID,crrrPrdctPlnStt_crrrPrdctPlnTyp1,carrierproductplantype,carrierProductPlanTypeID
carrierproductplantype,carrierID,crrrPrdctPlnTyp_crrr1,carrier,carrierID
carrierservice,carrierID,crrrSrvc_crrr1,carrier,carrierID
carrierstate,carrierID,crrrStt_crrr1,carrier,carrierID
carrierurl,carrierID,crrrRL_crrr1,carrier,carrierID
carrierworkhours,carrierID,crrrWrkHrs_crrrCntctNm1,carriercontactname,carrierID
carrierworkhours,contactNum,crrrWrkHrs_crrrCntctNm1,carriercontactname,contactNum
carrierworkhours,departmentCode,crrrWrkHrs_crrrCntctNm1,carriercontactname,departmentCode
cisl_batchprocess,batchProcessTypeId,cisl_batchprocess_fk1,cisl_batchprocesstype,batchProcessTypeId
claimauditschedruleset,claimAuditSchedID,clmdtSchdRlSt_clmdtSchd1,claimauditsched,claimAuditSchedID
claimauditschedrulesetrule,claimAuditSchedID,clmdtSchdRlStRl_clmdtSchdRlSt1,claimauditschedruleset,claimAuditSchedID
claimauditschedrulesetrule,claimAuditSchedRuleSetID,clmdtSchdRlStRl_clmdtSchdRlSt1,claimauditschedruleset,claimAuditSchedRuleSetID
claimauditschedsettings,claimAuditSchedID,clmdtSchdSttngs_clmdtSchd1,claimauditsched,claimAuditSchedID
claimcapdeduct,capRunMemDetailID,clmCpDdct_cpRnMmDtl1,caprunmemdetail,capRunMemDetailID
claimmedpolicyengineinputline,claimMedPolEngineInputHeaderID,clmMdPlcyngnnptLn_clmMdPlngnnptHdr1,claimmedpolengineinputheader,claimMedPolEngineInputHeaderID
claimprocedurexref,authMatchingSchedID,clmPrcdrXrf_thMtchngSchd1,authmatchingsched,authMatchingSchedID
claimprocedurexref,authProgramAuthServiceTypeID,clmPrcdrXrf_thPrgrmthSrvcTyp1,authprogramauthservicetype,authProgramAuthServiceTypeID
claimprocedurexref,authProgramProcedureID,clmPrcdrXrf_thPrgrmPrcdr1,authprogramprocedure,authProgramProcedureID
claimprocedurexref,authProgramTypeID,clmPrcdrXrf_thPrgrmTyp1,authprogramtype,authProgramTypeID
clausecoderef,clauseCodeSetID,clsCdRf_clsCdSt1,clausecodeset,clauseCodeSetID
clineditrespcodeuploaddetail,clinEditRespCodeUploadHeaderID,clndtRspCdpldDtl_clndtRspCdpldHdr1,clineditrespcodeuploadheader,clinEditRespCodeUploadHeaderID
clineditscheddetailclmtypexcl,clinicalEditSchedDetailID,clndtSchdDtlClmTypxcl_clncldtSchdDtl1,clinicaleditscheddetail,clinicalEditSchedDetailID
clineditscheddetailclmtypexcl,clinicalEditSchedID,clndtSchdDtlClmTypxcl_clncldtSchd1,clinicaleditsched,clinicalEditSchedID
clinicaleditassignment,clinicalEditResponseCode,clncldtssgnmnt_clncldtRspnsCd1,clinicaleditresponsecode,clinicalEditResponseCode
clinicaleditassignment,clinicalEditSchedDetailID,clncldtssgnmnt_clncldtSchdDtl1,clinicaleditscheddetail,clinicalEditSchedDetailID
clinicaleditassignment,clinicalEditSchedID,clncldtssgnmnt_clncldtSchd1,clinicaleditsched,clinicalEditSchedID
clinicaleditscheddetail,clinicalEditSchedID,clncldtSchdDtl_clncldtSchd1,clinicaleditsched,clinicalEditSchedID
clinicaleditschednote,clinicalEditSchedID,clncldtSchdNt_clncldtSchd1,clinicaleditsched,clinicalEditSchedID
clinicaleffratgbaseuploadstage,clcEffRatgBaseFileUpldHeaderID,clnclffRtgBspldStg_clcffRtgBsFlpldHdr1,clceffratgbasefileupldheader,clcEffRatgBaseFileUpldHeaderID
clinicaleffratgerrorcodedt,clinicalEffRatgErrorCodeID,clnclffRtgrrrCdDt_clnclffRtgrrrCd1,clinicaleffratgerrorcode,clinicalEffRatgErrorCodeID
clinicaleffratgfileuploaderror,clcEffRatgBaseFileUpldHeaderID,clnclffRtgFlpldrrr_clcffRtgBsFlpldHdr1,clceffratgbasefileupldheader,clcEffRatgBaseFileUpldHeaderID
closereasontypetransactiontype,closeReasonType,clsRsnTypTrnsctnTyp_clsRsnTyp1,closereasontype,closeReasonType
cobrascheddetail,cobraSchedID,cbrSchdDtl_cbrSchd1,cobrasched,cobraSchedID
cobrascheddetailbenefit,cobraSchedDetailID,cbrSchdDtlBnft_cbrSchdDtl1,cobrascheddetail,cobraSchedDetailID
cobrascheddetailbenefit,cobraSchedID,cbrSchdDtlBnft_cbrSchd1,cobrasched,cobraSchedID
cobrascheddetailexclusion,cobraSchedDetailID,cbrSchdDtlxclsn_cbrSchdDtl1,cobrascheddetail,cobraSchedDetailID
cobrascheddetailexclusion,cobraSchedID,cbrSchdDtlxclsn_cbrSchd1,cobrasched,cobraSchedID
cobrascheddetailgracetime,cobraSchedDetailID,cbrSchdDtlGrcTm_cbrSchdDtl1,cobrascheddetail,cobraSchedDetailID
cobrascheddetailgracetime,cobraSchedID,cbrSchdDtlGrcTm_cbrSchd1,cobrasched,cobraSchedID
cobrascheddetailnotification,cobraSchedDetailID,cbrSchdDtlNtfctn_cbrSchdDtl1,cobrascheddetail,cobraSchedDetailID
cobrascheddetailnotification,cobraSchedID,cbrSchdDtlNtfctn_cbrSchd1,cobrasched,cobraSchedID
cobrascheddetailpartialmonth,cobraSchedDetailID,cbrSchdDtlPrtlMnth_cbrSchdDtl1,cobrascheddetail,cobraSchedDetailID
cobrascheddetailpartialmonth,cobraSchedID,cbrSchdDtlPrtlMnth_cbrSchd1,cobrasched,cobraSchedID
cobrascheddetailqualbeneficiar,cobraSchedDetailID,cbrSchdDtlQlBnfcr_cbrSchdDtl1,cobrascheddetail,cobraSchedDetailID
cobrascheddetailqualbeneficiar,cobraSchedID,cbrSchdDtlQlBnfcr_cbrSchd1,cobrasched,cobraSchedID
cobrascheddetailqualevent,cobraSchedDetailID,cbrSchdDtlQlvnt_cbrSchdDtl1,cobrascheddetail,cobraSchedDetailID
cobrascheddetailqualevent,cobraSchedID,cbrSchdDtlQlvnt_cbrSchd1,cobrasched,cobraSchedID
cobrascheddetailqualeventprem,cobraSchedDetailID,cbrSchdDtlQlvntPrm_cbrSchdDtl1,cobrascheddetail,cobraSchedDetailID
cobrascheddetailqualeventprem,cobraSchedDetailQualEventID,cbrSchdDtlQlvntPrm_cbrSchdDtlQlvnt1,cobrascheddetailqualevent,cobraSchedDetailQualEventID
cobrascheddetailqualeventprem,cobraSchedID,cbrSchdDtlQlvntPrm_cbrSchd1,cobrasched,cobraSchedID
cobrascheddetailsubsidy,cobraSchedDetailID,cbrSchdDtlSbsdy_cbrSchdDtl1,cobrascheddetail,cobraSchedDetailID
cobrascheddetailsubsidy,cobraSchedID,cbrSchdDtlSbsdy_cbrSchd1,cobrasched,cobraSchedID
cobrascheddetailsubsidytier,cobraSchedDetailID,cbrSchdDtlSbsdyTr_cbrSchdDtl1,cobrascheddetail,cobraSchedDetailID
cobrascheddetailsubsidytier,cobraSchedDetailSubsidyID,cbrSchdDtlSbsdyTr_cbrSchdDtlSbsdy1,cobrascheddetailsubsidy,cobraSchedDetailSubsidyID
cobrascheddetailsubsidytier,cobraSchedID,cbrSchdDtlSbsdyTr_cbrSchd1,cobrasched,cobraSchedID
cobraschednote,cobraSchedID,cbrSchdNt_cbrSchd1,cobrasched,cobraSchedID
cobscheddetail,cobSchedID,cbSchdDtl_cbSchdl1,cobschedule,cobSchedID
cobscheddetailclaimtyperef,cobSchedDetailID,cbSchdDtlClmTypRf_cbSchdDtl1,cobscheddetail,cobSchedDetailID
cobscheddetailcobemploystatus,cobSchedDetailID,cbSchdDtlCbmplyStts_cbSchdDtl1,cobscheddetail,cobSchedDetailID
cobschedexcludeadjustrsncode,cobSchedID,cbSchdxclddjstRsnCd_cbSchdl1,cobschedule,cobSchedID
cobschednote,cobSchedID,cbSchdNt_cbSchdl1,cobschedule,cobSchedID
cobschedrules,cobSchedID,cbSchdRls_cbSchdl1,cobschedule,cobSchedID
cobschedrulesadjustreasoncode,cobSchedID,cbSchdRlsdjstRsnCd_cbSchdl1,cobschedule,cobSchedID
cobschedrulesadjustreasoncode,cobSchedRulesID,cbSchdRlsdjstRsnCd_cbSchdRls1,cobschedrules,cobSchedRulesID
cobschedrulesclaimtyperef,cobSchedID,cbSchdRlsClmTypRf_cbSchdl1,cobschedule,cobSchedID
cobschedrulesclaimtyperef,cobSchedRulesID,cbSchdRlsClmTypRf_cbSchdRls1,cobschedrules,cobSchedRulesID
cobschedrulesgovtbentyperef,cobSchedID,cbSchdRlsGvtBnTypRf_cbSchdl1,cobschedule,cobSchedID
cobschedrulesgovtbentyperef,cobSchedRulesID,cbSchdRlsGvtBnTypRf_cbSchdRls1,cobschedrules,cobSchedRulesID
cobschedrulestaxonomycoderef,cobSchedID,cbSchdRlsTxnmyCdRf_cbSchdl1,cobschedule,cobSchedID
cobschedrulestaxonomycoderef,cobSchedRulesID,cbSchdRlsTxnmyCdRf_cbSchdRls1,cobschedrules,cobSchedRulesID
cobschedulevalidation,cobSchedID,cbSchdlVldtn_cbSchdl1,cobschedule,cobSchedID
contactaddress,contactID,cntctddrss_cntct1,contact,contactID
contactelectroniccom,contactID,cntctlctrncCm_cntct1,contact,contactID
contactnotes,contactID,cntctNts_cntct1,contact,contactID
contactphone,contactID,cntctPhn_cntct1,contact,contactID
continuationschedexhaustiondtl,continuationSchedID,cntntnSchdxhstnDtl_cntntnSchd1,continuationsched,continuationSchedID
continuationschednote,continuationSchedID,cntntnSchdNt_cntntnSchd1,continuationsched,continuationSchedID
contractmgschedassignednetwork,contractMGSchedID,cntrctMGSchdssgndNtwrk_cntrctMGSchd1,contractmgsched,contractMGSchedID
contractmgschedempcount,contractMGSchedID,cntrctMGSchdmpCnt_cntrctMGSchd1,contractmgsched,contractMGSchedID
contractmgschedlob,contractMGSchedID,cntrctMGSchdLb_cntrctMGSchd1,contractmgsched,contractMGSchedID
contractmgschedmembergroup,contractMGSchedID,cntrctMGSchdMmbrGrp_cntrctMGSchd1,contractmgsched,contractMGSchedID
contractmgschednote,contractMGSchedID,cntrctMGSchdNt_cntrctMGSchd1,contractmgsched,contractMGSchedID
contractmgschedpriorcarrier,contractMGSchedID,cntrctMGSchdPrrCrrr_cntrctMGSchd1,contractmgsched,contractMGSchedID
contractmgschedsitusstate,contractMGSchedID,cntrctMGSchdStsStt_cntrctMGSchd1,contractmgsched,contractMGSchedID
correspondenceentitydetail,correspondenceID,crrspndncnttyDtl_crrspndnc1,correspondence,correspondenceID
correspondencenote,correspondenceID,crrspndncNt_crrspndnc1,correspondence,correspondenceID
correspondencetransdetail,correspondenceID,crrspndncTrnsDtl_crrspndnc1,correspondence,correspondenceID
correspondencetransdetailskill,correspondenceTransDetailID,crrspndncTrnsDtlSkll_crrspndncTrnsDtl1,correspondencetransdetail,correspondenceTransDetailID
costsharefactorfileuplderror,costShareFactorFileUpldHeaderID,cstShrFctrFlpldrrr_cstShrFctrFlpldHdr1,costsharefactorfileupldheader,costShareFactorFileUpldHeaderID
costsharefactorfileupldstage,costShareFactorFileUpldHeaderID,cstShrFctrFlpldStg_cstShrFctrFlpldHdr1,costsharefactorfileupldheader,costShareFactorFileUpldHeaderID
costsharefactorschedauditdtl,costShareFactorSchedVersionID,cstShrFctrSchddtDtl_cstShrFctrSchd1,costsharefactorsched,costShareFactorSchedVersionID
costsharefactorscheddetail,costShareFactorSchedTimelineID,cstShrFctrSchdDtl_cstShrFctrSchdTmln1,costsharefactorschedtimeline,costShareFactorSchedTimelineID
costsharefactorscheddetailfctr,costShareFactorSchedDetailID,cstShrFctrSchdDtlFctr_cstShrFctrSchdDtl1,costsharefactorscheddetail,costShareFactorSchedDetailID
costsharefactorscheddtlagegend,costShareFactorSchedDetailFctrID,cstShrFctrSchdDtlgGnd_cstShrFctrSchdDtlFctr1,costsharefactorscheddetailfctr,costShareFactorSchedDetailFctrID
costsharefactorscheddtlagegend,costShareFactorSchedTlAgeGendID,cstShrFctrSchdDtlgGnd_cstShrFctrSchdTlgGnd1,costsharefactorschedtlagegend,costShareFactorSchedTlAgeGendID
costsharefactorschednote,costShareFactorSchedVersionID,cstShrFctrSchdNt_cstShrFctrSchd1,costsharefactorsched,costShareFactorSchedVersionID
costsharefactorschedtimeline,costShareFactorSchedVersionID,cstShrFctrSchdTmln_cstShrFctrSchd1,costsharefactorsched,costShareFactorSchedVersionID
costsharefactorschedtlagegend,costShareFactorSchedTimelineID,cstShrFctrSchdTlgGnd_cstShrFctrSchdTmln1,costsharefactorschedtimeline,costShareFactorSchedTimelineID
costshareoverridebenefitcode,costShareOverrideSettingDetailID,cstShrvrrdBnftCd_cstShrvrrdSttngDtl1,costshareoverridesettingdetail,costShareOverrideSettingDetailID
costshareoverridebenefitcode,costShareOverrideSettingID,cstShrvrrdBnftCd_cstShrvrrdSttngDtl1,costshareoverridesettingdetail,costShareOverrideSettingID
costshareoverridemodifier,costShareOverrideSettingDetailID,cstShrvrrdMdfr_cstShrvrrdSttngDtl1,costshareoverridesettingdetail,costShareOverrideSettingDetailID
costshareoverridemodifier,costShareOverrideSettingID,cstShrvrrdMdfr_cstShrvrrdSttngDtl1,costshareoverridesettingdetail,costShareOverrideSettingID
costshareoverridesettingdetail,costShareOverrideSettingID,cstShrvrrdSttngDtl_cstShrvrrdSttng1,costshareoverridesetting,costShareOverrideSettingID
cotstageassign,cotStageType,ctStgssgn_ctStgTyp1,cotstagetype,cotStageType
cotstageassign,cotType,ctStgssgn_ctTyp1,cottype,cotType
cpt4procasafileuploaddetail,cpt4ProcedureFileUploadHeaderID,cpt4PrcsFlpldDtl_cpt4PrcdrFlpldHdr1,cpt4procedurefileuploadheader,cpt4ProcedureFileUploadHeaderID
cpt4procedurefileuploaddetail,cpt4ProcedureFileUploadHeaderID,cpt4PrcdrFlpldDtl_cpt4PrcdrFlpldHdr1,cpt4procedurefileuploadheader,cpt4ProcedureFileUploadHeaderID
cpt4procmedfileuploaddetail,cpt4ProcedureFileUploadHeaderID,cpt4PrcMdFlpldDtl_cpt4PrcdrFlpldHdr1,cpt4procedurefileuploadheader,cpt4ProcedureFileUploadHeaderID
customrouteexplanationtypecode,customRouteExplanationTypeID,cstmRtxplntnTypCd_cstmRtxplntnTyp1,customrouteexplanationtype,customRouteExplanationTypeID
datasecuritybookofbusinesstype,dataSecurityDataSetID,dtScrtyBkfBsnssTyp_dtScrtyDtSt1,datasecuritydataset,dataSecurityDataSetID
datasecuritycarrier,dataSecurityDataSetID,dtScrtyCrrr_dtScrtyDtSt1,datasecuritydataset,dataSecurityDataSetID
datasecuritycarrierproduct,dataSecurityDataSetID,dtScrtyCrrrPrdct_dtScrtyDtSt1,datasecuritydataset,dataSecurityDataSetID
datasecuritycarrierproductmg,dataSecurityDataSetID,dtScrtyCrrrPrdctMg_dtScrtyDtSt1,datasecuritydataset,dataSecurityDataSetID
datasecuritycarrierrevarr,dataSecurityDataSetID,dtScrtyCrrrRvrr_dtScrtyDtSt1,datasecuritydataset,dataSecurityDataSetID
datasecuritygroup,dataSecurityDataSetID,dtScrtyGrp_dtScrtyDtSt1,datasecuritydataset,dataSecurityDataSetID
datasecuritymember,dataSecurityDataSetID,dtScrtyMmbr_dtScrtyDtSt1,datasecuritydataset,dataSecurityDataSetID
datasecuritymembergroup,dataSecurityDataSetID,dtScrtyMmbrGrp_dtScrtyDtSt1,datasecuritydataset,dataSecurityDataSetID
datasecurityownergroup,dataSecurityDataSetID,dtScrtywnrGrp_dtScrtyDtSt1,datasecuritydataset,dataSecurityDataSetID
datasecurityproduct,dataSecurityDataSetID,dtScrtyPrdct_dtScrtyDtSt1,datasecuritydataset,dataSecurityDataSetID
datasecurityuserlocation,dataSecurityDataSetID,dtScrtysrLctn_dtScrtyDtSt1,datasecuritydataset,dataSecurityDataSetID
datasecurityutilizationplan,dataSecurityDataSetID,dtScrtytlztnPln_dtScrtyDtSt1,datasecuritydataset,dataSecurityDataSetID
delegscenservfileuplderror,delegScenServFileUpldHeaderID,dlgScnSrvFlpldrrr_dlgScnSrvFlpldHdr1,delegscenservfileupldheader,delegScenServFileUpldHeaderID
delegscenservfileupldstage,delegScenServFileUpldHeaderID,dlgScnSrvFlpldStg_dlgScnSrvFlpldHdr1,delegscenservfileupldheader,delegScenServFileUpldHeaderID
delegschedentity,delegSchedVersionID,dlgSchdntty_dlgSchd1,delegsched,delegSchedVersionID
delegschedentitysubrogation,delegSchedEntityID,dlgSchdnttySbrgtn_dlgSchdntty1,delegschedentity,delegSchedEntityID
delegschedfunction,delegFunctionCode,dlgSchdFnctn_dlgFnctn1,delegfunction,delegFunctionCode
delegschedfunction,delegSchedEntityID,dlgSchdFnctn_dlgSchdntty1,delegschedentity,delegSchedEntityID
delegschedfunction,delegSchedVersionID,dlgSchdFnctn_dlgSchdntty1,delegschedentity,delegSchedVersionID
delegschedfunctionassign,delegFunctionCode,dlgSchdFnctnssgn_dlgFnctn1,delegfunction,delegFunctionCode
delegschedfunctionassign,delegSchedScenarioFunctionID,dlgSchdFnctnssgn_dlgSchdScnrFnctn1,delegschedscenariofunction,delegSchedScenarioFunctionID
delegschedfunctionassign,delegSchedScenarioID,dlgSchdFnctnssgn_dlgSchdScnrFnctn1,delegschedscenariofunction,delegSchedScenarioID
delegschedfunctionassign,delegSchedVersionID,dlgSchdFnctnssgn_dlgSchdScnrFnctn1,delegschedscenariofunction,delegSchedVersionID
delegschednote,delegSchedVersionID,dlgSchdNt_dlgSchd1,delegsched,delegSchedVersionID
delegschedrule,delegSchedEntityID,dlgSchdRl_dlgSchdntty1,delegschedentity,delegSchedEntityID
delegschedrule,delegSchedRuleScenarioID,dlgSchdRl_dlgSchdRlScnr1,delegschedrulescenario,delegSchedRuleScenarioID
delegschedrule,delegSchedVersionID,dlgSchdRl_dlgSchd1,delegsched,delegSchedVersionID
delegschedrulescenario,delegSchedVersionID,dlgSchdRlScnr_dlgSchd1,delegsched,delegSchedVersionID
delegschedscenario,delegSchedVersionID,dlgSchdScnr_dlgSchd1,delegsched,delegSchedVersionID
delegschedscenariofuncservtin,delegSchedScenarioFunctionServID,dlgSchdScnrFncSrvTN_dlgSchdScnrFnctnSrv1,delegschedscenariofunctionserv,delegSchedScenarioFunctionServID
delegschedscenariofunction,delegSchedScenarioID,dlgSchdScnrFnctn_dlgSchdScnr1,delegschedscenario,delegSchedScenarioID
delegschedscenariofunction,delegSchedVersionID,dlgSchdScnrFnctn_dlgSchdScnr1,delegschedscenario,delegSchedVersionID
delegschedscenariofunctionserv,delegSchedEntityID,dlgSchdScnrFnctnSrv_dlgSchdntty1,delegschedentity,delegSchedEntityID
delegschedscenariofunctionserv,delegSchedScenarioFunctionID,dlgSchdScnrFnctnSrv_dlgSchdScnrFnctn1,delegschedscenariofunction,delegSchedScenarioFunctionID
delegschedscenariofunctionserv,delegSchedScenarioID,dlgSchdScnrFnctnSrv_dlgSchdScnrFnctn1,delegschedscenariofunction,delegSchedScenarioID
delegschedscenariofunctionserv,delegSchedVersionID,dlgSchdScnrFnctnSrv_dlgSchdScnrFnctn1,delegschedscenariofunction,delegSchedVersionID
delegschedservicearea,delegSchedVersionID,dlgSchdSrvcr_dlgSchd1,delegsched,delegSchedVersionID
delegsetid,delegSetVersionID,dlgStD_dlgSt1,delegset,delegSetVersionID
delegsetnote,delegSetVersionID,dlgStNt_dlgSt1,delegset,delegSetVersionID
delegsetschedassign,delegSetTimelineID,dlgStSchdssgn_dlgStTmln1,delegsettimeline,delegSetTimelineID
delegsetschedassign,delegSetVersionID,dlgStSchdssgn_dlgSt1,delegset,delegSetVersionID
delegsettimeline,delegSetVersionID,dlgStTmln_dlgSt1,delegset,delegSetVersionID
dentalencounterfiledetailreq,dentalEncounterFileHeaderReqID,dntlncntrFlDtlRq_dntlncntrFlHdrRq1,dentalencounterfileheaderreq,dentalEncounterFileHeaderReqID
denyreasoncodeoverride,denyReasonCode,dnyRsnCdvrrd_dnyRsnCd1,denyreasoncode,denyReasonCode
diagnosissetcat,diagnosisCategory,dgnssStCt_dgnssCtgry1,diagnosiscategory,diagnosisCategory
diagnosissetcat,diagnosisSetID,dgnssStCt_dgnssSt1,diagnosisset,diagnosisSetID
diagnosissetcatdetail,diagnosisSetCatID,dgnssStCtDtl_dgnssStCt1,diagnosissetcat,diagnosisSetCatID
diagnosissetcatdetail,diagnosisSetID,dgnssStCtDtl_dgnssStCt1,diagnosissetcat,diagnosisSetID
diagnosissetcatdetaildef,diagnosisSetCatDetailID,dgnssStCtDtlDf_dgnssStCtDtl1,diagnosissetcatdetail,diagnosisSetCatDetailID
diagnosissetcatdetaildef,diagnosisSetCatID,dgnssStCtDtlDf_dgnssStCtDtl1,diagnosissetcatdetail,diagnosisSetCatID
diagnosissetcatdetaildef,diagnosisSetID,dgnssStCtDtlDf_dgnssStCtDtl1,diagnosissetcatdetail,diagnosisSetID
diagnosticmessage,bundleMatchDiagnosticID,dgnstcMssg_bndlMtchDgnstc1,bundlematchdiagnostic,bundleMatchDiagnosticID
distributionchannelnote,distributionChannelID,dstrbtnChnnlNt_dstrbtnChnnl1,distributionchannel,distributionChannelID
dofrscenservfileuplderror,dofrScenServFileUpldHeaderID,dfrScnSrvFlpldrrr_dfrScnSrvFlpldHdr1,dofrscenservfileupldheader,dofrScenServFileUpldHeaderID
dofrscenservfileupldstage,dofrScenServFileUpldHeaderID,dfrScnSrvFlpldStg_dfrScnSrvFlpldHdr1,dofrscenservfileupldheader,dofrScenServFileUpldHeaderID
dofrschedactionlog,dofrSchedVersionID,dfrSchdctnLg_dfrSchd1,dofrsched,dofrSchedVersionID
dofrschedentity,dofrSchedVersionID,dfrSchdntty_dfrSchd1,dofrsched,dofrSchedVersionID
dofrschednote,dofrSchedVersionID,dfrSchdNt_dfrSchd1,dofrsched,dofrSchedVersionID
dofrschedrule,dofrSchedEntityID,dfrSchdRl_dfrSchdntty1,dofrschedentity,dofrSchedEntityID
dofrschedrule,dofrSchedVersionID,dfrSchdRl_dfrSchd1,dofrsched,dofrSchedVersionID
dofrschedrulescenario,dofrSchedVersionID,dfrSchdRlScnr_dfrSchd1,dofrsched,dofrSchedVersionID
dofrschedscenario,dofrSchedVersionID,dfrSchdScnr_dfrSchd1,dofrsched,dofrSchedVersionID
dofrschedscenarioserv,dofrSchedEntityID,dfrSchdScnrSrv_dfrSchdntty1,dofrschedentity,dofrSchedEntityID
dofrschedscenarioserv,dofrSchedScenarioID,dfrSchdScnrSrv_dfrSchdScnr1,dofrschedscenario,dofrSchedScenarioID
dofrschedscenarioserv,dofrSchedVersionID,dfrSchdScnrSrv_dfrSchdntty1,dofrschedentity,dofrSchedVersionID
dofrschedscenarioservtin,dofrSchedEntityID,dfrSchdScnrSrvTN_dfrSchdntty1,dofrschedentity,dofrSchedEntityID
dofrschedscenarioservtin,dofrSchedScenarioServID,dfrSchdScnrSrvTN_dfrSchdScnrSrv1,dofrschedscenarioserv,dofrSchedScenarioServID
dofrschedservicearea,dofrSchedVersionID,dfrSchdSrvcr_dfrSchd1,dofrsched,dofrSchedVersionID
dofrsetid,dofrSetVersionID,dfrStD_dfrSt1,dofrset,dofrSetVersionID
dofrsetnote,dofrSetVersionID,dfrStNt_dfrSt1,dofrset,dofrSetVersionID
dofrsetschedassign,dofrSetTimelineID,dfrStSchdssgn_dfrStTmln1,dofrsettimeline,dofrSetTimelineID
dofrsetschedassign,dofrSetVersionID,dfrStSchdssgn_dfrSt1,dofrset,dofrSetVersionID
dofrsettimeline,dofrSetVersionID,dfrStTmln_dfrSt1,dofrset,dofrSetVersionID
dominantservschednote,dominantServSchedID,dmnntSrvSchdNt_dmnntSrvSchd1,dominantservsched,dominantServSchedID
dominantservschedriskserv,dominantServSchedID,dmnntSrvSchdRskSrv_dmnntSrvSchd1,dominantservsched,dominantServSchedID
dominantservschedserv,dominantServSchedID,dmnntSrvSchdSrv_dmnntSrvSchd1,dominantservsched,dominantServSchedID
domrscheddetail,domrSchedVersionID,dmrSchdDtl_dmrSchd1,domrsched,domrSchedVersionID
domrschedextid,domrSchedVersionID,dmrSchdxtD_dmrSchd1,domrsched,domrSchedVersionID
domrschednote,domrSchedVersionID,dmrSchdNt_dmrSchd1,domrsched,domrSchedVersionID
domrschedservicearea,domrSchedVersionID,dmrSchdSrvcr_dmrSchd1,domrsched,domrSchedVersionID
drcmapper,denyReasonCode,drcMppr_dnyRsnCd1,denyreasoncode,denyReasonCode
drgbasefileuploaddetail,drgBaseFileUploadHeaderID,drgBsFlpldDtl_drgBsFlpldHdr1,drgbasefileuploadheader,drgBaseFileUploadHeaderID
dupclaimscheddetail,dupClaimSchedID,dpClmSchdDtl_dpClmSchd1,dupclaimsched,dupClaimSchedID
dupclaimscheddetailtier,dupClaimSchedDetailID,dpClmSchdDtlTr_dpClmSchdDtl1,dupclaimscheddetail,dupClaimSchedDetailID
dupclaimscheddetailtier,dupClaimSchedID,dpClmSchdDtlTr_dpClmSchd1,dupclaimsched,dupClaimSchedID
dupclaimscheddetailtierelement,dupClaimElementID,dpClmSchdDtlTrlmnt_dpClmlmnt1,dupclaimelement,dupClaimElementID
dupclaimscheddetailtierelement,dupClaimSchedDetailID,dpClmSchdDtlTrlmnt_dpClmSchdDtl1,dupclaimscheddetail,dupClaimSchedDetailID
dupclaimscheddetailtierelement,dupClaimSchedDetailTierID,dpClmSchdDtlTrlmnt_dpClmSchdDtlTr1,dupclaimscheddetailtier,dupClaimSchedDetailTierID
dupclaimscheddetailtierelement,dupClaimSchedID,dpClmSchdDtlTrlmnt_dpClmSchd1,dupclaimsched,dupClaimSchedID
dupclaimschednote,dupClaimSchedID,dpClmSchdNt_dpClmSchd1,dupclaimsched,dupClaimSchedID
editcodeadjudtypesettings,editCode,dtCddjdTypSttngs_dtCd1,editcode,editCode
editcodehold,editCode,dtCdHld_dtCd1,editcode,editCode
enrollrulescheddtl,enrollRuleSchedVersionID,nrllRlSchdDtl_nrllRlSchd1,enrollrulesched,enrollRuleSchedVersionID
enrollruleschedeoi,enrollRuleSchedVersionID,enRuSchEOI_nrllRlSchd1,enrollrulesched,enrollRuleSchedVersionID
enrollruleschedeventnotif,enrollRuleSchedVersionID,nrllRlSchdvntNtf_nrllRlSchd1,enrollrulesched,enrollRuleSchedVersionID
enrollruleschednote,enrollRuleSchedVersionID,nrllRlSchdNt_nrllRlSchd1,enrollrulesched,enrollRuleSchedVersionID
entityreserveibnrschdtlsetting,entityReserveIBNRScheduleDtlID,nttyRsrvBNRSchDtlSttng_nttyRsrvBNRSchdlDtl1,entityreserveibnrscheduledtl,entityReserveIBNRScheduleDtlID
entityreserveibnrschdtlsetting,entityReserveIBNRScheduleID,nttyRsrvBNRSchDtlSttng_nttyRsrvBNRSchdlDtl1,entityreserveibnrscheduledtl,entityReserveIBNRScheduleID
entityreserveibnrschedauditdtl,entityReserveIBNRScheduleID,nttyRsrvBNRSchddtDtl_nttyRsrvBNRSchdl1,entityreserveibnrschedule,entityReserveIBNRScheduleID
entityreserveibnrscheduledtl,entityReserveIBNRScheduleID,nttyRsrvBNRSchdlDtl_nttyRsrvBNRSchdl1,entityreserveibnrschedule,entityReserveIBNRScheduleID
entityreserveibnrschedulenote,entityReserveIBNRScheduleID,nttyRsrvBNRSchdlNt_nttyRsrvBNRSchdl1,entityreserveibnrschedule,entityReserveIBNRScheduleID
entityreserveibnrschlob,entityReserveIBNRScheduleDtlID,nttyRsrvBNRSchLB_nttyRsrvBNRSchdlDtl1,entityreserveibnrscheduledtl,entityReserveIBNRScheduleDtlID
entityreserveibnrschlob,entityReserveIBNRScheduleID,nttyRsrvBNRSchLB_nttyRsrvBNRSchdlDtl1,entityreserveibnrscheduledtl,entityReserveIBNRScheduleID
entityreserveibnrschsitusstate,entityReserveIBNRScheduleDtlID,nttyRsrvBNRSchStsStt_nttyRsrvBNRSchdlDtl1,entityreserveibnrscheduledtl,entityReserveIBNRScheduleDtlID
entityreserveibnrschsitusstate,entityReserveIBNRScheduleID,nttyRsrvBNRSchStsStt_nttyRsrvBNRSchdlDtl1,entityreserveibnrscheduledtl,entityReserveIBNRScheduleID
entitytinassignment,entityTINID,nttyTNssgnmnt_nttyTN1,entitytin,entityTINID
eocschedhold,eocSchedVersionID,cSchdHld_cSchd1,eocsched,eocSchedVersionID
eocschednote,eocSchedVersionID,cSchdNt_cSchd1,eocsched,eocSchedVersionID
eocschedrelatedevent,eocSchedVersionID,cSchdRltdvnt_cSchd1,eocsched,eocSchedVersionID
eocschedrelatedeventaction,eocActionCode,cSchdRltdvntctn_cctnCd1,eocactioncode,eocActionCode
eocschedrelatedeventaction,eocSchedRelatedEventVersionID,cSchdRltdvntctn_cSchdRltdvnt1,eocschedrelatedevent,eocSchedRelatedEventVersionID
eocschedrelatedeventserv,eocSchedRelatedEventVersionID,cSchdRltdvntSrv_cSchdRltdvnt1,eocschedrelatedevent,eocSchedRelatedEventVersionID
eocschedstate,eocSchedVersionID,cSchdStt_cSchd1,eocsched,eocSchedVersionID
eocschedtriggerevent,eocSchedVersionID,cSchdTrggrvnt_cSchd1,eocsched,eocSchedVersionID
eocschedtriggereventaction,eocActionCode,cSchdTrggrvntctn_cctnCd1,eocactioncode,eocActionCode
eocschedtriggereventaction,eocSchedTriggerEventVersionID,cSchdTrggrvntctn_cSchdTrggrvnt1,eocschedtriggerevent,eocSchedTriggerEventVersionID
eocschedtriggereventserv,eocSchedTriggerEventVersionID,cSchdTrggrvntSrv_cSchdTrggrvnt1,eocschedtriggerevent,eocSchedTriggerEventVersionID
eocsethold,eocSetVersionID,cStHld_cSt1,eocset,eocSetVersionID
eocsetnote,eocSetVersionID,cStNt_cSt1,eocset,eocSetVersionID
eocsetschedassign,eocSetVersionID,cStSchdssgn_cSt1,eocset,eocSetVersionID
eocsettingsadjudicationtype,eocSettingsID,cSttngsdjdctnTyp_cSttngs1,eocsettings,eocSettingsID
eventtriggerschedaction,eventTriggerSchedID,vntTrggrSchdctn_vntTrggrSchd1,eventtriggersched,eventTriggerSchedID
eventtriggerschednote,eventTriggerSchedID,vntTrggrSchdNt_vntTrggrSchd1,eventtriggersched,eventTriggerSchedID
eventtriggersetnote,eventTriggerSetID,vntTrggrStNt_vntTrggrSt1,eventtriggerset,eventTriggerSetID
eventtriggersetschedassign,eventTriggerSetID,vntTrggrStSchdssgn_vntTrggrSt1,eventtriggerset,eventTriggerSetID
expensecode,finActivityCode,xpnsCd_fnctvtyCd1,finactivitycode,finActivityCode
extractrun,extractID,xtrctRn_xtrct1,extract,extractID
familyunitnote,familyUnitScheduleID,fmlyntNt_fmlyntSchdl1,familyunitschedule,familyUnitScheduleID
familyunitschedleveldetailrel,familyUnitScheduleLevelDetailID,fmlyntSchdLvlDtlRl_fmlyntSchdlLvlDtl1,familyunitscheduleleveldetail,familyUnitScheduleLevelDetailID
familyunitschedule,relationshipScheduleID,fmlyntSchdl_rltnshpSchdl1,relationshipschedule,relationshipScheduleID
familyunitschedulelevel,familyUnitScheduleID,fmlyntSchdlLvl_fmlyntSchdl1,familyunitschedule,familyUnitScheduleID
familyunitscheduleleveldetail,familyLevel,fmlyntSchdlLvlDtl_fmlyntSchdlLvl1,familyunitschedulelevel,familyLevel
familyunitscheduleleveldetail,familyUnitScheduleID,fmlyntSchdlLvlDtl_fmlyntSchdlLvl1,familyunitschedulelevel,familyUnitScheduleID
financialpenaltydetail,financialPenaltyID,fnnclPnltyDtl_fnnclPnlty1,financialpenalty,financialPenaltyID
finattribsched,sysFinSettingRuleServID,fnttrbSchd_sysFnSttngRlSrv1,sysfinsettingruleserv,sysFinSettingRuleServID
finattribschedcodeassign,finAttribCode,fnttrbSchdCdssgn_fnttrbCd1,finattribcode,finAttribCode
finattribschedcodeassign,finAttribSchedID,fnttrbSchdCdssgn_fnttrbSchd1,finattribsched,finAttribSchedID
finattribschednote,finAttribSchedID,fnttrbSchdNt_fnttrbSchd1,finattribsched,finAttribSchedID
finattribschedsegment,finAttribSchedID,fnttrbSchdSgmnt_fnttrbSchd1,finattribsched,finAttribSchedID
finattribschedsegmentdef,finAttribSchedID,fnttrbSchdSgmntDf_fnttrbSchdSgmnt1,finattribschedsegment,finAttribSchedID
finattribschedsegmentdef,finAttribSchedSegmentID,fnttrbSchdSgmntDf_fnttrbSchdSgmnt1,finattribschedsegment,finAttribSchedSegmentID
finattribschedvariable,finAttribSchedID,fnttrbSchdVrbl_fnttrbSchd1,finattribsched,finAttribSchedID
finattribschedvariabledef,finAttribSchedID,fnttrbSchdVrblDf_fnttrbSchdVrbl1,finattribschedvariable,finAttribSchedID
finattribschedvariabledef,finAttribSchedVariableID,fnttrbSchdVrblDf_fnttrbSchdVrbl1,finattribschedvariable,finAttribSchedVariableID
finerrorapcreation,finErrorQueueID,fnrrrpCrtn_fnrrrQ1,finerrorqueue,finErrorQueueID
finerrorapinterest,finErrorQueueID,fnrrrpntrst_fnrrrQ1,finerrorqueue,finErrorQueueID
finerrorattrib,finErrorQueueID,fnrrrttrb_fnrrrQ1,finerrorqueue,finErrorQueueID
finerrorcontracttagging,finAttribSchedID,fnrrrCntrctTggng_fnttrbSchd1,finattribsched,finAttribSchedID
finerrorcontracttagging,finErrorQueueID,fnrrrCntrctTggng_fnrrrQ1,finerrorqueue,finErrorQueueID
finerrornote,finErrorQueueID,fnrrrNt_fnrrrQ1,finerrorqueue,finErrorQueueID
finerrorpaymentaccept,finErrorQueueID,fnrrrPymntccpt_fnrrrQ1,finerrorqueue,finErrorQueueID
finerrorpaymentrequest,finErrorQueueID,fnrrrPymntRqst_fnrrrQ1,finerrorqueue,finErrorQueueID
finerrorpaymentrequesterror,finErrorQueueID,fnrrrPymntRqstrrr_fnrrrQ1,finerrorqueue,finErrorQueueID
finerrorpaymentresponse,finErrorQueueID,fnrrrPymntRspns_fnrrrQ1,finerrorqueue,finErrorQueueID
finerrorstatcorrection,finAttribSchedID,fnrrrSttCrrctn_fnttrbSchd1,finattribsched,finAttribSchedID
finerrorstatcorrection,finErrorQueueID,fnrrrSttCrrctn_fnrrrQ1,finerrorqueue,finErrorQueueID
finerrorstatcorrectionreq,finErrorQueueID,fnrrrSttCrrctnRq_fnrrrQ1,finerrorqueue,finErrorQueueID
finerrorstatcorrectionreqdtl,finErrorQueueID,fnrrrSttCrrctnRqDtl_fnrrrQ1,finerrorqueue,finErrorQueueID
finerrorsystem,finErrorQueueID,fnrrrSystm_fnrrrQ1,finerrorqueue,finErrorQueueID
finerrortranstagging,finAttribSchedID,fnrrrTrnsTggng_fnttrbSchd1,finattribsched,finAttribSchedID
finerrortranstagging,finErrorQueueID,fnrrrTrnsTggng_fnrrrQ1,finerrorqueue,finErrorQueueID
finprotectionplan,productVersionID,fnPrtctnPln_prdct1,product,productVersionID
finstatcorrectionreqdtl,finStatCorrectionReqID,fnSttCrrctnRqDtl_fnSttCrrctnRq1,finstatcorrectionreq,finStatCorrectionReqID
fintranserrorarcancel,finTransErrorQueueID,fnTrnsrrrrCncl_fnTrnsrrrQ1,fintranserrorqueue,finTransErrorQueueID
fintranserrorarcreation,finTransErrorQueueID,fnTrnsrrrrCrtn_fnTrnsrrrQ1,fintranserrorqueue,finTransErrorQueueID
fintranserrorarrequest,finTransErrorQueueID,fnTrnsrrrrRqst_fnTrnsrrrQ1,fintranserrorqueue,finTransErrorQueueID
fintranserrorarrequestdetail,finTransErrorArRequestID,fnTrnsrrrrRqstDtl_fnTrnsrrrrRqst1,fintranserrorarrequest,finTransErrorArRequestID
fintranserrorarstatcorrect,finTransErrorQueueID,fnTrnsrrrrSttCrrct_fnTrnsrrrQ1,fintranserrorqueue,finTransErrorQueueID
fintranserrorattrib,finTransErrorQueueID,fnTrnsrrrttrb_fnTrnsrrrQ1,fintranserrorqueue,finTransErrorQueueID
fintranserrorqueuenote,finTransErrorQueueID,fnTrnsrrrQNt_fnTrnsrrrQ1,fintranserrorqueue,finTransErrorQueueID
fintranserrorrequest,finTransErrorQueueID,fnTrnsrrrRqst_fnTrnsrrrQ1,fintranserrorqueue,finTransErrorQueueID
fintranserrortagging,finTransErrorQueueID,fnTrnsrrrTggng_fnTrnsrrrQ1,fintranserrorqueue,finTransErrorQueueID
fulfillmentclient,fulfillmentSourceID,flfllmntClnt_flfllmntSrc1,fulfillmentsource,fulfillmentSourceID
fulfillmentcontent,fulfillmentContentCategoryID,flfllmntCntnt_flfllmntCntntCtgry1,fulfillmentcontentcategory,fulfillmentContentCategoryID
fulfillmentexternaltype,fulfillmentCategoryID,flfllmntxtrnlTyp_flfllmntCtgry1,fulfillmentcategory,fulfillmentCategoryID
fulfillmentformcontent,fulfillmentFormID,flfllmntFrmCntnt_flfllmntFrm1,fulfillmentform,fulfillmentFormID
fulfillmentidentifier,fulfillmentContentCategoryID,flfllmntdntfr_flfllmntCntntCtgry1,fulfillmentcontentcategory,fulfillmentContentCategoryID
fulfillmentpartnerrouting,fulfillmentPartnerID,flfllmntPrtnrRtng_flfllmntPrtnr1,fulfillmentpartner,fulfillmentPartnerID
fulfillmentpartnerrouting,fulfillmentRoutingDestinationID,flfllmntPrtnrRtng_flfllmntRtngDstntn1,fulfillmentroutingdestination,fulfillmentRoutingDestinationID
fulfillmentrequestsuppinfo,fulfillmentRequestParagraphID,flfllmntRqstSppnf_flfllmntRqstPrgrph1,fulfillmentrequestparagraph,fulfillmentRequestParagraphID
fulfillmentrequestsuppinfo,fulfillmentTemplateParagraphID,flfllmntRqstSppnf_flfllmntTmpltPrgrph1,fulfillmenttemplateparagraph,fulfillmentTemplateParagraphID
fulfillmentrequestsuppothinf,fulfillmentTemplateParagraphID,flfllmntRqstSppthnf_flfllmntTmpltPrgrph1,fulfillmenttemplateparagraph,fulfillmentTemplateParagraphID
fulfillmentsubcategory,fulfillmentCategoryID,flfllmntSbCtgry_flfllmntCtgry1,fulfillmentcategory,fulfillmentCategoryID
fulfillmentsupplementcontent,fulfillmentTemplateSupplementID,flfllmntSpplmntCntnt_flfllmntTmpltSpplmnt1,fulfillmenttemplatesupplement,fulfillmentTemplateSupplementID
fulfillmenttemplatecontent,fulfillTemplateID,flfllmntTmpltCntnt_flfllmntTmplt1,fulfillmenttemplate,fulfillTemplateID
fulfillmenttemplateidentifier,fulfillmentIdentifierID,flfllmntTmpltdntfr_flfllmntdntfr1,fulfillmentidentifier,fulfillmentIdentifierID
fulfillmenttemplateidentifier,fulfillmentTypeTemplateID,flfllmntTmpltdntfr_flfllmntTypTmplt1,fulfillmenttypetemplate,fulfillmentTypeTemplateID
fulfillmenttemplateparagraph,fulfillmentRequestParagraphID,flfllmntTmpltPrgrph_flfllmntRqstPrgrph1,fulfillmentrequestparagraph,fulfillmentRequestParagraphID
fulfillmenttemplateparagraph,fulfillmentTypeTemplateID,flfllmntTmpltPrgrph_flfllmntTypTmplt1,fulfillmenttypetemplate,fulfillmentTypeTemplateID
fulfillmenttemplaterecipient,fulfillTemplateID,flfllmntTmpltRcpnt_flfllmntTmplt1,fulfillmenttemplate,fulfillTemplateID
fulfillmenttemplaterequestui,fulfillmentReqUIComponentID,flfllmntTmpltRqst_flfllmntRqstCmpnnt1,fulfillmentrequestuicomponent,fulfillmentReqUIComponentID
fulfillmenttemplaterequestui,fulfillmentTypeTemplateID,flfllmntTmpltRqst_flfllmntTypTmplt1,fulfillmenttypetemplate,fulfillmentTypeTemplateID
fulfillmenttemplatevarcontent,fulfillmentTypeTemplateID,flfllmntTmpltVrCntnt_flfllmntTypTmplt1,fulfillmenttypetemplate,fulfillmentTypeTemplateID
fulfillmenttemplatevarcontent,fulfillmentVariableContentID,flfllmntTmpltVrCntnt_flfllmntVrblCntnt1,fulfillmentvariablecontent,fulfillmentVariableContentID
fulfillmenttemplateversion,fulfillTemplateID,flfllmntTmpltVrsn_flfllmntTmplt1,fulfillmenttemplate,fulfillTemplateID
fulfillmenttypeexttype,fulfillmentTypeExternalID,flfllmntTypxtTyp_flfllmntxtrnlTyp1,fulfillmentexternaltype,fulfillmentTypeExternalID
fulfillmenttypeexttype,fulfillmentTypeID,flfllmntTypxtTyp_flfllmntTypV21,fulfillmenttypev2,fulfillmentTypeID
fulfillmenttyperuleservice,fulfillmentRuleServiceID,flfllmntTypRlSrvc_flfllmntRlSrvc1,fulfillmentruleservice,fulfillmentRuleServiceID
fulfillmenttyperuleservice,fulfillmentTypeID,flfllmntTypRlSrvc_flfllmntTypV21,fulfillmenttypev2,fulfillmentTypeID
fulfillmenttypetemplate,fulfillmentTypeID,flfllmntTypTmplt_flfllmntTypV21,fulfillmenttypev2,fulfillmentTypeID
fulfillmenttypetemplate,fulfillTemplateID,flfllmntTypTmplt_flfllmntTmplt1,fulfillmenttemplate,fulfillTemplateID
fulfillmenttypev2,fulfillmentCategoryID,flfllmntTypV2_flfllmntCtgry1,fulfillmentcategory,fulfillmentCategoryID
fulfillmenttypev2,fulfillmentSourceDomainID,flfllmntTypV2_flfllmntSrcDmn1,fulfillmentsourcedomain,fulfillmentSourceDomainID
fulfilltemplatemanualvc,fulfillmentIdentifierID,flfllTmpltMnlVC_flfllmntdntfr1,fulfillmentidentifier,fulfillmentIdentifierID
fulfilltemplatesupplementtype,fulfillmentTemplateSupplementID,flfllTmpltSpplmntTyp_flfllmntTmpltSpplmnt1,fulfillmenttemplatesupplement,fulfillmentTemplateSupplementID
generalclaimsettingssubrgtn,settingID,gnrlClmSttngsSbrgtn_gnrlClmSttngs1,generalclaimsettings,settingID
guardrailinsrulemaximumage,guardrailInsuringRuleID,grdrlnsRlMxmmg_grdrlnsrngRl1,guardrailinsuringrule,guardrailInsuringRuleID
guardrailinsrulemaximumage,guardrailScheduleID,grdrlnsRlMxmmg_grdrlnsrngRl1,guardrailinsuringrule,guardrailScheduleID
guardrailinsrulenewborn,guardrailInsuringRuleID,grdrlnsRlNwbrn_grdrlnsrngRl1,guardrailinsuringrule,guardrailInsuringRuleID
guardrailinsrulenewborn,guardrailScheduleID,grdrlnsRlNwbrn_grdrlnsrngRl1,guardrailinsuringrule,guardrailScheduleID
guardrailinsruleretro,guardrailInsuringRuleID,grdrlnsRlRtr_grdrlnsrngRl1,guardrailinsuringrule,guardrailInsuringRuleID
guardrailinsruleretro,guardrailScheduleID,grdrlnsRlRtr_grdrlnsrngRl1,guardrailinsuringrule,guardrailScheduleID
guardrailinsruletermination,guardrailInsuringRuleID,grdrlnsRlTrmntn_grdrlnsrngRl1,guardrailinsuringrule,guardrailInsuringRuleID
guardrailinsruletermination,guardrailScheduleID,grdrlnsRlTrmntn_grdrlnsrngRl1,guardrailinsuringrule,guardrailScheduleID
guardrailinsrulewaitperiod,guardrailInsuringRuleID,grdrlnsRlWtPrd_grdrlnsrngRl1,guardrailinsuringrule,guardrailInsuringRuleID
guardrailinsrulewaitperiod,guardrailScheduleID,grdrlnsRlWtPrd_grdrlnsrngRl1,guardrailinsuringrule,guardrailScheduleID
guardrailinsuringrule,guardrailScheduleID,grdrlnsrngRl_grdrlSchdl1,guardrailschedule,guardrailScheduleID
guardrailschedulenote,guardrailScheduleID,grdrlSchdlNt_grdrlSchdl1,guardrailschedule,guardrailScheduleID
guardrailschedulevalidation,guardrailScheduleID,grdrlSchdlVldtn_grdrlSchdl1,guardrailschedule,guardrailScheduleID
hcpcsprocdentfileuploaddetail,hcpcsProcedureFileUploadHeaderID,hcpcsPrcDntFlpldDtl_hcpcsPrcdrFlpldHdr1,hcpcsprocedurefileuploadheader,hcpcsProcedureFileUploadHeaderID
hcpcsprocedurefileuploaddetail,hcpcsProcedureFileUploadHeaderID,hcpcsPrcdrFlpldDtl_hcpcsPrcdrFlpldHdr1,hcpcsprocedurefileuploadheader,hcpcsProcedureFileUploadHeaderID
icd10diagnosisfileuploaddetail,icd10FileUploadHeaderID,cd10DgnssFlpldDtl_cd10FlpldHdr1,icd10fileuploadheader,icd10FileUploadHeaderID
icd10procedurefileuploaddetail,icd10FileUploadHeaderID,cd10PrcdrFlpldDtl_cd10FlpldHdr1,icd10fileuploadheader,icd10FileUploadHeaderID
incentiveserviceplan,servicePlanID,ncntvSrvcPln_srvcPln1,serviceplan,servicePlanID
incentiveserviceplanfamily,incentiveServicePlanID,ncntvSrvcPlnFmly_ncntvSrvcPln1,incentiveserviceplan,incentiveServicePlanID
incentiveservplanrewardlevel,incentiveServicePlanID,ncntvSrvPlnRwrdLvl_ncntvSrvcPln1,incentiveserviceplan,incentiveServicePlanID
incentiveservplanrewardlevel,servicePlanID,ncntvSrvPlnRwrdLvl_srvcPln1,serviceplan,servicePlanID
incrnonelectingrate,surchargeSchedID,ncrNnlctngRt_srchrgSchd1,surchargesched,surchargeSchedID
incrnonelectingrate,surchargeSchedRateID,ncrNnlctngRt_srchrgSchdRt1,surchargeschedrate,surchargeSchedRateID
incrnonelectingratecountyfips,incrNonElectingRateID,ncrNnlctngRtCntyFps_ncrNnlctngRt1,incrnonelectingrate,incrNonElectingRateID
incrnonelectingratecountyfips,surchargeSchedID,ncrNnlctngRtCntyFps_srchrgSchd1,surchargesched,surchargeSchedID
incrnonelectingratecountyfips,surchargeSchedRateID,ncrNnlctngRtCntyFps_srchrgSchdRt1,surchargeschedrate,surchargeSchedRateID
incrnonelectingratetypeofbill,incrNonElectingRateID,ncrNnlctngRtTypfBll_ncrNnlctngRt1,incrnonelectingrate,incrNonElectingRateID
incrnonelectingratetypeofbill,surchargeSchedID,ncrNnlctngRtTypfBll_srchrgSchd1,surchargesched,surchargeSchedID
incrnonelectingratetypeofbill,surchargeSchedRateID,ncrNnlctngRtTypfBll_srchrgSchdRt1,surchargeschedrate,surchargeSchedRateID
industryclassmodcode,industryClassModDetailID,ndstryClssMdCd_ndstryClssMdDtl1,industryclassmoddetail,industryClassModDetailID
industryclassmodcode,industryClassModSchedID,ndstryClssMdCd_ndstryClssMdDtl1,industryclassmoddetail,industryClassModSchedID
industryclassmoddetail,industryClassModSchedID,ndstryClssMdDtl_ndstryClssMdSchd1,industryclassmodsched,industryClassModSchedID
industryclassnote,industryClassModSchedID,ndstryClssNt_ndstryClssMdSchd1,industryclassmodsched,industryClassModSchedID
installationinsuringrule,guardrailScheduleID,nstlltnnsrngRl_grdrlSchdl1,guardrailschedule,guardrailScheduleID
interestscheddetail,interestSchedID,ntrstSchdDtl_ntrstSchdl1,interestschedule,interestSchedID
interestscheddetaildays,interestSchedDetailID,ntrstSchdDtlDys_ntrstSchdDtl1,interestscheddetail,interestSchedDetailID
interestscheddetaildays,interestSchedID,ntrstSchdDtlDys_ntrstSchdDtl1,interestscheddetail,interestSchedID
interestschednote,interestSchedID,ntrstSchdNt_ntrstSchdl1,interestschedule,interestSchedID
interestschedpenaltydetail,interestSchedID,ntrstSchdPnltyDtl_ntrstSchdl1,interestschedule,interestSchedID
interestschedpenaltydetaildays,interestSchedID,ntrstSchdPnltyDtlDys_ntrstSchdPnltyDtl1,interestschedpenaltydetail,interestSchedID
interestschedpenaltydetaildays,interestSchedPenaltyDetailID,ntrstSchdPnltyDtlDys_ntrstSchdPnltyDtl1,interestschedpenaltydetail,interestSchedPenaltyDetailID
legacyplatformplanuploaddetail,legacyPlatformPlanUploadHeaderID,lgcyPltfrmPlnpldDtl_lgcyPltfrmPlnpldHdr1,legacyplatformplanuploadheader,legacyPlatformPlanUploadHeaderID
licensingentitypermit,licensingEntityID,lcnsngnttyPrmt_lcnsngntty1,licensingentity,licensingEntityID
managedconfigjobvalidation,jobSeqNum,mngdCnfgJbVldtn_schdldJb1,scheduledjob,jobSeqNum
marketnumberfileuploaddetail,marketNumberFileUploadHeaderID,mrktNmbrFlpldDtl_mrktNmbrFlpldHdr1,marketnumberfileuploadheader,marketNumberFileUploadHeaderID
massprovhldfileuplderror,massProvHldFileUpldHeaderID,mssPrvHldFlpldrrr_mssPrvHldFlpldHdr1,massprovhldfileupldheader,massProvHldFileUpldHeaderID
massprovhldfileupldstage,massProvHldFileUpldHeaderID,mssPrvHldFlpldStg_mssPrvHldFlpldHdr1,massprovhldfileupldheader,massProvHldFileUpldHeaderID
massprovorghldfileuplderror,massProvOrgHldFileUpldHeaderID,mssPrvrgHldFlpldrrr_mssPrvrgHldFlpldHdr1,massprovorghldfileupldheader,massProvOrgHldFileUpldHeaderID
massprovorghldfileupldstage,massProvOrgHldFileUpldHeaderID,mssPrvrgHldFlpldStg_mssPrvrgHldFlpldHdr1,massprovorghldfileupldheader,massProvOrgHldFileUpldHeaderID
medicarecpt4fileuploaddetail,medicareCpt4FileUploadHeaderID,mdcrCpt4FlpldDtl_mdcrCpt4FlpldHdr1,medicarecpt4fileuploadheader,medicareCpt4FileUploadHeaderID
medicareestproffileuplddtl,medicareEstProfFileUpldHdrID,mdcrstPrfFlpldDtl_mdcrstPrfFlpldHdr1,medicareestproffileupldhdr,medicareEstProfFileUpldHdrID
medicarehcpcsfileuploaddetail,medicareHcpcsFileUploadHeaderID,mdcrHcpcsFlpldDtl_mdcrHcpcsFlpldHdr1,medicarehcpcsfileuploadheader,medicareHcpcsFileUploadHeaderID
medpolicyengineresponse,medPolicyRuleVersionID,mdPlcyngnRspns_mdPlcyRl1,medpolicyrule,medPolicyRuleVersionID
medpolicyengineresponse,medPolicySchedID,mdPlcyngnRspns_mdPlcySchd1,medpolicysched,medPolicySchedID
medpolicyenginetierresponse,medPolicyEngineResponseID,mdPlcyngnTrRspns_mdPlcyngnRspns1,medpolicyengineresponse,medPolicyEngineResponseID
medpolicyenginetierresponse,medPolicyRuleTierID,mdPlcyngnTrRspns_mdPlcyRlTr1,medpolicyruletier,medPolicyRuleTierID
medpolicyruleappliedhistory,medPolicyRuleTierID,mdPlcyRlppldHstry_mdPlcyRlTr1,medpolicyruletier,medPolicyRuleTierID
medpolicyruleappliedhistory,medPolicyRuleVersionID,mdPlcyRlppldHstry_mdPlcyRl1,medpolicyrule,medPolicyRuleVersionID
medpolicyrulebenefit,medPolicyRuleVersionID,mdPlcyRlBnft_mdPlcyRl1,medpolicyrule,medPolicyRuleVersionID
medpolicyrulediag,medPolicyRuleVersionID,mdPlcyRlDg_mdPlcyRl1,medpolicyrule,medPolicyRuleVersionID
medpolicyrulemodifier,medPolicyRuleVersionID,mdPlcyRlMdfr_mdPlcyRl1,medpolicyrule,medPolicyRuleVersionID
medpolicyrulenote,medPolicyRuleVersionID,mdPlcyRlNt_mdPlcyRl1,medpolicyrule,medPolicyRuleVersionID
medpolicyruleproc,medPolicyRuleVersionID,mdPlcyRlPrc_mdPlcyRl1,medpolicyrule,medPolicyRuleVersionID
medpolicyrulerev,medPolicyRuleVersionID,mdPlcyRlRv_mdPlcyRl1,medpolicyrule,medPolicyRuleVersionID
medpolicyrulerse,medPolicyRuleVersionID,mdPlcyRlRs_mdPlcyRl1,medpolicyrule,medPolicyRuleVersionID
medpolicyruletaxonomy,medPolicyRuleVersionID,mdPlcyRlTxnmy_mdPlcyRl1,medpolicyrule,medPolicyRuleVersionID
medpolicyruletier,medPolicyRuleVersionID,mdPlcyRlTr_mdPlcyRl1,medpolicyrule,medPolicyRuleVersionID
medpolicyruletierattachassign,medPolicyRuleTierID,mdPlcyRlTrttchssgn_mdPlcyRlTr1,medpolicyruletier,medPolicyRuleTierID
medpolicyruletierattachassign,medPolicyRuleVersionID,mdPlcyRlTrttchssgn_mdPlcyRlTr1,medpolicyruletier,medPolicyRuleVersionID
medpolicyruletiercorresassign,medPolicyRuleTierID,mdPlcyRlTrCrrsssgn_mdPlcyRlTr1,medpolicyruletier,medPolicyRuleTierID
medpolicyruletiercorresassign,medPolicyRuleVersionID,mdPlcyRlTrCrrsssgn_mdPlcyRlTr1,medpolicyruletier,medPolicyRuleVersionID
medpolicyschednote,medPolicySchedID,mdPlcySchdNt_mdPlcySchd1,medpolicysched,medPolicySchedID
medpolicyschedtimeline,medPolicySchedID,mdPlcySchdTmln_mdPlcySchd1,medpolicysched,medPolicySchedID
medpolicyschedtimelinerule,medPolicySchedID,mdPlcySchdTmlnRl_mdPlcySchdTmln1,medpolicyschedtimeline,medPolicySchedID
medpolicyschedtimelinerule,medPolicySchedTimelineID,mdPlcySchdTmlnRl_mdPlcySchdTmln1,medpolicyschedtimeline,medPolicySchedTimelineID
medpolicysetnote,medPolicySetID,mdPlcyStNt_mdPlcySt1,medpolicyset,medPolicySetID
medpolicysettimeline,medPolicySetID,mdPlcyStTmln_mdPlcySt1,medpolicyset,medPolicySetID
medpolicysettimelinerule,medPolicySetTimelineID,mdPlcyStTmlnRl_mdPlcyStTmln1,medpolicysettimeline,medPolicySetTimelineID
medpolicysettimelinesched,medPolicySetID,mdPlcyStTmlnSchd_mdPlcyStTmln1,medpolicysettimeline,medPolicySetID
medpolicysettimelinesched,medPolicySetTimelineID,mdPlcyStTmlnSchd_mdPlcyStTmln1,medpolicysettimeline,medPolicySetTimelineID
memacctchangelog,memAcctRunV3ID,mmcctChngLg_mmcctRnV31,memacctrunv3,memAcctRunV3ID
memacctchangelogfp,memAcctRunFPID,mmcctChngLgFP_mmcctRnFP1,memacctrunfp,memAcctRunFPID
memacctcustomerpurchasedtlfp,memAcctRunFPID,mmcctCstmrPrchsDtlFP_mmcctRnFP1,memacctrunfp,memAcctRunFPID
memacctcustomerpurchasedtlv3,memAcctRunV3ID,mmcctCstmrPrchsDtlV3_mmcctRnV31,memacctrunv3,memAcctRunV3ID
memacctcustomerpurchaseitemfp,memAcctCustomerPurchaseDtlFPID,mmcctCstmrPrchstmFP_mmcctCstmrPrchsDtlFP1,memacctcustomerpurchasedtlfp,memAcctCustomerPurchaseDtlFPID
memacctcustomerpurchaseitemfp,memAcctRunFPID,mmcctCstmrPrchstmFP_mmcctRnFP1,memacctrunfp,memAcctRunFPID
memacctcustomerpurchaseitemv3,memAcctCustomerPurchaseDtlV3ID,mmcctCstmrPrchstmV3_mmcctCstmrPrchsDtlV31,memacctcustomerpurchasedtlv3,memAcctCustomerPurchaseDtlV3ID
memacctcustomerpurchaseitemv3,memAcctRunV3ID,mmcctCstmrPrchstmV3_mmcctRnV31,memacctrunv3,memAcctRunV3ID
memacctmembershipfp,memAcctCustomerPurchaseDtlFPID,mmcctMmbrshpFP_mmcctCstmrPrchsDtlFP1,memacctcustomerpurchasedtlfp,memAcctCustomerPurchaseDtlFPID
memacctmembershipfp,memAcctCustomerPurchaseItemFPID,mmcctMmbrshpFP_mmcctCstmrPrchstmFP1,memacctcustomerpurchaseitemfp,memAcctCustomerPurchaseItemFPID
memacctmembershipfp,memAcctRunFPID,mmcctMmbrshpFP_mmcctRnFP1,memacctrunfp,memAcctRunFPID
memacctmembershipv3,memAcctCustomerPurchaseDtlV3ID,mmcctMmbrshpV3_mmcctCstmrPrchstmV31,memacctcustomerpurchaseitemv3,memAcctCustomerPurchaseDtlV3ID
memacctmembershipv3,memAcctCustomerPurchaseItemV3ID,mmcctMmbrshpV3_mmcctCstmrPrchstmV31,memacctcustomerpurchaseitemv3,memAcctCustomerPurchaseItemV3ID
memacctmembershipv3,memAcctRunV3ID,mmcctMmbrshpV3_mmcctRnV31,memacctrunv3,memAcctRunV3ID
memacctrunfpdtl,memAcctRunFPID,mmcctRnFPDtl_mmcctRnFP1,memacctrunfp,memAcctRunFPID
memacctrunv3dtl,memAcctRunV3ID,mmcctRnV3Dtl_mmcctRnV31,memacctrunv3,memAcctRunV3ID
memgroupcontractplanoptaddr,memGroupContractID,mmGrpCntrctPlnptddr_mmGrpCntrctPlnptn1,memgroupcontractplanoption,memGroupContractID
memgroupcontractplanoptaddr,memGroupContractOptID,mmGrpCntrctPlnptddr_mmGrpCntrctPlnptn1,memgroupcontractplanoption,memGroupContractOptID
memgroupcontractplanoptaddr,memGroupContractPlanOptionID,mmGrpCntrctPlnptddr_mmGrpCntrctPlnptn1,memgroupcontractplanoption,memGroupContractPlanOptionID
memgroupcontractplanoptaddr,memGroupID,mmGrpCntrctPlnptddr_mmGrpCntrctPlnptn1,memgroupcontractplanoption,memGroupID
memgroupcontractplanoptphone,memGroupContractID,mmGrpCntrctPlnptPhn_mmGrpCntrctPlnptn1,memgroupcontractplanoption,memGroupContractID
memgroupcontractplanoptphone,memGroupContractOptID,mmGrpCntrctPlnptPhn_mmGrpCntrctPlnptn1,memgroupcontractplanoption,memGroupContractOptID
memgroupcontractplanoptphone,memGroupContractPlanOptionID,mmGrpCntrctPlnptPhn_mmGrpCntrctPlnptn1,memgroupcontractplanoption,memGroupContractPlanOptionID
memgroupcontractplanoptphone,memGroupID,mmGrpCntrctPlnptPhn_mmGrpCntrctPlnptn1,memgroupcontractplanoption,memGroupID
memgroupcontractplanoptphone,sysPhoneNumberID,mmGrpCntrctPlnptPhn_sysPhnNmbr1,sysphonenumber,sysPhoneNumberID
memgroupmarketsegmentlob,lineOfBusinessID,mmGrpMrktSgmntLB_lnfBsnss1,lineofbusiness,lineOfBusinessID
memgroupvalidrptcdtychild,memGroupValidRptCdTyParentID,mmGrpVldRptCdTyChld_mmGrpVldRptCdTyPrnt1,memgroupvalidrptcdtyparent,memGroupValidRptCdTyParentID
modifiercodebasefileuploaddeta,modifierCodeBaseFileUploadHeaderID,mdfrCdBsFlpldDt_mdfrCdBsFlpldHd1,modifiercodebasefileuploadhead,modifierCodeBaseFileUploadHeaderID
msa,productVersionID,ms_prdct1,product,productVersionID
msaexternalid,msaVersionID,msxtrnlD_ms1,msa,msaVersionID
msaincentiveserviceplan,incentiveServicePlanID,msncntvSrvcPln_ncntvSrvcPln1,incentiveserviceplan,incentiveServicePlanID
msaincentiveserviceplan,servicePlanID,msncntvSrvcPln_srvcPln1,serviceplan,servicePlanID
ndcawpfileuploaderror,ndcAwpFileUploadHeaderID,ndcwpFlpldrrr_ndcwpFlpldHdr1,ndcawpfileuploadheader,ndcAwpFileUploadHeaderID
ndcawpfileuploadstaging,ndcAwpFileUploadHeaderID,ndcwpFlpldStgng_ndcwpFlpldHdr1,ndcawpfileuploadheader,ndcAwpFileUploadHeaderID
ndcmacfileuploaderror,ndcMacFileUploadHeaderID,ndcMcFlpldrrr_ndcMcFlpldHdr1,ndcmacfileuploadheader,ndcMacFileUploadHeaderID
ndcmacfileuploadstaging,ndcMacFileUploadHeaderID,ndcMcFlpldStgng_ndcMcFlpldHdr1,ndcmacfileuploadheader,ndcMacFileUploadHeaderID
ndcpackagefileuploadstaging,ndcPrdPckBaseFileUploadHeaderID,ndcPckgFlpldStgng_ndcPrdPckBsFlpldHdr1,ndcprdpckbasefileuploadheader,ndcPrdPckBaseFileUploadHeaderID
ndcproccodeuploadstagedetail,ndcProcCodeUploadHeaderID,ndcPrcCdpldStgDtl_ndcPrcCdpldHdr1,ndcproccodeuploadheader,ndcProcCodeUploadHeaderID
ndcproductfileuploadstaging,ndcPrdPckBaseFileUploadHeaderID,ndcPrdctFlpldStgng_ndcPrdPckBsFlpldHdr1,ndcprdpckbasefileuploadheader,ndcPrdPckBaseFileUploadHeaderID
netcontract,netContractHeaderID,ntCntrct_ntCntrctHdr1,netcontractheader,netContractHeaderID
netcontractbasenetwork,netContractVersionID,ntCntrctBsNtwrk_ntCntrct1,netcontract,netContractVersionID
netcontractcapclass,netContractVersionID,ntCntrctCpClss_ntCntrct1,netcontract,netContractVersionID
netcontractcapclassmod,netContractCapClassID,ntCntrctCpClssMd_ntCntrctCpClss1,netcontractcapclass,netContractCapClassID
netcontractcapclassrategrntee,netContractCapClassID,ntCntrctCpClssRtGrnt_ntCntrctCpClss1,netcontractcapclass,netContractCapClassID
netcontractcapclassstoploss,netContractCapClassID,ntCntrctCpClssStpLss_ntCntrctCpClss1,netcontractcapclass,netContractCapClassID
netcontractcapclasssysadj,netContractCapClassID,ntCntrctCpClssSysdj_ntCntrctCpClss1,netcontractcapclass,netContractCapClassID
netcontractcapclasssysadjmg,netContractCapClassSysAdjID,ntCntrctCpClssSysdjMG_ntCntrctCpClssSysdj1,netcontractcapclasssysadj,netContractCapClassSysAdjID
netcontractcapclasssysadjplan,netContractCapClassSysAdjID,ntCntrctCpClssSysdjPln_ntCntrctCpClssSysdj1,netcontractcapclasssysadj,netContractCapClassSysAdjID
netcontractcapclasswithhold,netContractCapClassID,ntCntrctCpClssWthhld_ntCntrctCpClss1,netcontractcapclass,netContractCapClassID
netcontractcarrier,netContractHeaderID,ntCntrctCrrr_ntCntrct1,netcontract,netContractHeaderID
netcontractcarrier,netContractVersionID,ntCntrctCrrr_ntCntrct1,netcontract,netContractVersionID
netcontractcarrierfilinglimit,netContractCarrierID,ntCntrctCrrrFlngLmt_ntCntrctCrrr1,netcontractcarrier,netContractCarrierID
netcontractcarrierfilinglimit,netContractHeaderID,ntCntrctCrrrFlngLmt_ntCntrctCrrr1,netcontractcarrier,netContractHeaderID
netcontractcarrierfilinglimit,netContractVersionID,ntCntrctCrrrFlngLmt_ntCntrctCrrr1,netcontractcarrier,netContractVersionID
netcontractcarriersupportteam,netContractCarrierID,ntCntrctCrrrSpprtTm_ntCntrctCrrr1,netcontractcarrier,netContractCarrierID
netcontractcarriersupportteam,netContractHeaderID,ntCntrctCrrrSpprtTm_ntCntrctCrrr1,netcontractcarrier,netContractHeaderID
netcontractcarriersupportteam,netContractSupportTeamID,ntCntrctCrrrSpprtTm_ntCntrctSpprtTm1,netcontractsupportteam,netContractSupportTeamID
netcontractcarriersupportteam,netContractVersionID,ntCntrctCrrrSpprtTm_ntCntrctCrrr1,netcontractcarrier,netContractVersionID
netcontractcontact,contactID,ntCntrctCntct_cntct1,contact,contactID
netcontractcontact,netContractVersionID,ntCntrctCntct_ntCntrct1,netcontract,netContractVersionID
netcontractdelegation,netContractVersionID,ntCntrctDlgtn_ntCntrct1,netcontract,netContractVersionID
netcontractdelegationvendattr,netContractDelegationID,ntCntrctDlgtnVndttr_ntCntrctDlgtn1,netcontractdelegation,netContractDelegationID
netcontractdelegationvendattr,netContractVersionID,ntCntrctDlgtnVndttr_ntCntrctDlgtn1,netcontractdelegation,netContractVersionID
netcontractfilinglimit,netContractHeaderID,ntCntrctFlngLmt_ntCntrct1,netcontract,netContractHeaderID
netcontractfilinglimit,netContractVersionID,ntCntrctFlngLmt_ntCntrct1,netcontract,netContractVersionID
netcontractfinancialpen,financialPenaltyID,ntCntrctFnnclPn_fnnclPnlty1,financialpenalty,financialPenaltyID
netcontractfinancialpen,netContractHeaderID,ntCntrctFnnclPn_ntCntrct1,netcontract,netContractHeaderID
netcontractfinancialpen,netContractVersionID,ntCntrctFnnclPn_ntCntrct1,netcontract,netContractVersionID
netcontracthdrcappayeesysadj,netContractHeaderCapPayeeID,ntCntrctHdrCpPySysdj_ntCntrctHdrCpPy1,netcontractheadercappayee,netContractHeaderCapPayeeID
netcontracthdrcappayeesysadjmg,netContractHdrCapPayeeSysAdjID,ntCntrctHdrCpPySysdjMG_ntCntrctHdrCpPySysdj1,netcontracthdrcappayeesysadj,netContractHdrCapPayeeSysAdjID
netcontracthdrcappayeesysadjpn,netContractHdrCapPayeeSysAdjID,ntCntrctHdrCpPySysdjPn_ntCntrctHdrCpPySysdj1,netcontracthdrcappayeesysadj,netContractHdrCapPayeeSysAdjID
netcontracthdrcaprunvariance,netContractHeaderCapRunID,ntCntrctHdrCpRnVrnc_ntCntrctHdrCpRn1,netcontractheadercaprun,netContractHeaderCapRunID
netcontracthdrwithholdaccum,netContractHeaderID,ntCntrctHdrWthhldccm_ntCntrctHdr1,netcontractheader,netContractHeaderID
netcontractheader,networkID,ntCntrctHdr_ntwrk1,network,networkID
netcontractheadercap,netContractHeaderID,ntCntrctHdrCp_ntCntrctHdr1,netcontractheader,netContractHeaderID
netcontractheadercappayee,netContractHeaderCapID,ntCntrctHdrCpPy_ntCntrctHdrCp1,netcontractheadercap,netContractHeaderCapID
netcontractheadercappayeealt,netContractHeaderCapPayeeID,ntCntrctHdrCpPylt_ntCntrctHdrCpPy1,netcontractheadercappayee,netContractHeaderCapPayeeID
netcontractheadercappayeecontr,netContractHeaderCapPayeeID,ntCntrctHdrCpPyCntr_ntCntrctHdrCpPy1,netcontractheadercappayee,netContractHeaderCapPayeeID
netcontractheadercappayeedtl,netContractHeaderCapPayeeID,ntCntrctHdrCpPyDtl_ntCntrctHdrCpPy1,netcontractheadercappayee,netContractHeaderCapPayeeID
netcontractheadercappayer,netContractHeaderCapID,ntCntrctHdrCpPyr_ntCntrctHdrCp1,netcontractheadercap,netContractHeaderCapID
netcontractheadercaprun,netContractHeaderCapID,ntCntrctHdrCpRn_ntCntrctHdrCp1,netcontractheadercap,netContractHeaderCapID
netcontractheadercapwithhold,netContractHeaderCapID,ntCntrctHdrCpWthhld_ntCntrctHdrCp1,netcontractheadercap,netContractHeaderCapID
netcontractheadernote,netContractHeaderID,ntCntrctHdrNt_ntCntrctHdr1,netcontractheader,netContractHeaderID
netcontracthold,netContractHeaderID,ntCntrctHld_ntCntrct1,netcontract,netContractHeaderID
netcontracthold,netContractVersionID,ntCntrctHld_ntCntrct1,netcontract,netContractVersionID
netcontractid,netContractHeaderID,ntCntrctD_ntCntrct1,netcontract,netContractHeaderID
netcontractid,netContractVersionID,ntCntrctD_ntCntrct1,netcontract,netContractVersionID
netcontractincentive,netContractHeaderID,ntCntrctncntv_ntCntrctHdr1,netcontractheader,netContractHeaderID
netcontractincentive,netContractIncentiveSetID,ntCntrctncntv_ntCntrctncntvSt1,netcontractincentiveset,netContractIncentiveSetID
netcontractincentiveset,netContractHeaderID,ntCntrctncntvSt_ntCntrctHdr1,netcontractheader,netContractHeaderID
netcontractlob,netContractHeaderID,ntCntrctLB_ntCntrct1,netcontract,netContractHeaderID
netcontractlob,netContractVersionID,ntCntrctLB_ntCntrct1,netcontract,netContractVersionID
netcontractlobclausecode,netContractHeaderID,ntCntrctLBClsCd_ntCntrctLB1,netcontractlob,netContractHeaderID
netcontractlobclausecode,netContractLOBID,ntCntrctLBClsCd_ntCntrctLB1,netcontractlob,netContractLOBID
netcontractlobclausecode,netContractVersionID,ntCntrctLBClsCd_ntCntrctLB1,netcontractlob,netContractVersionID
netcontractlobfilinglimit,netContractHeaderID,ntCntrctLBFlngLmt_ntCntrctLB1,netcontractlob,netContractHeaderID
netcontractlobfilinglimit,netContractLOBID,ntCntrctLBFlngLmt_ntCntrctLB1,netcontractlob,netContractLOBID
netcontractlobfilinglimit,netContractVersionID,ntCntrctLBFlngLmt_ntCntrctLB1,netcontractlob,netContractVersionID
netcontractmemarea,netContractHeaderID,ntCntrctMmr_ntCntrct1,netcontract,netContractHeaderID
netcontractmemarea,netContractVersionID,ntCntrctMmr_ntCntrct1,netcontract,netContractVersionID
netcontractmembergroup,netContractHeaderID,ntCntrctMmbrGrp_ntCntrct1,netcontract,netContractHeaderID
netcontractmembergroup,netContractVersionID,ntCntrctMmbrGrp_ntCntrct1,netcontract,netContractVersionID
netcontractnetwork,netContractHeaderID,ntCntrctNtwrk_ntCntrct1,netcontract,netContractHeaderID
netcontractnetwork,netContractVersionID,ntCntrctNtwrk_ntCntrct1,netcontract,netContractVersionID
netcontractnetwork,networkID,ntCntrctNtwrk_ntwrk1,network,networkID
netcontractnotes,netContractVersionID,ntCntrctNts_ntCntrct1,netcontract,netContractVersionID
netcontractowner,netContractHeaderID,ntCntrctwnr_ntCntrct1,netcontract,netContractHeaderID
netcontractowner,netContractVersionID,ntCntrctwnr_ntCntrct1,netcontract,netContractVersionID
netcontractplan,netContractHeaderID,ntCntrctPln_ntCntrct1,netcontract,netContractHeaderID
netcontractplan,netContractVersionID,ntCntrctPln_ntCntrct1,netcontract,netContractVersionID
netcontractproduct,netContractHeaderID,ntCntrctPrdct_ntCntrct1,netcontract,netContractHeaderID
netcontractproduct,netContractVersionID,ntCntrctPrdct_ntCntrct1,netcontract,netContractVersionID
netcontractprovaffiliation,netContractHeaderID,ntCntrctPrvffltn_ntCntrct1,netcontract,netContractHeaderID
netcontractprovaffiliation,netContractVersionID,ntCntrctPrvffltn_ntCntrct1,netcontract,netContractVersionID
netcontractproviderfinpen,netContractFinancialPenID,ntCntrctPrvdrFnPn_ntCntrctFnnclPn1,netcontractfinancialpen,netContractFinancialPenID
netcontractproviderfinpen,netContractHeaderID,ntCntrctPrvdrFnPn_ntCntrctFnnclPn1,netcontractfinancialpen,netContractHeaderID
netcontractproviderfinpen,netContractVersionID,ntCntrctPrvdrFnPn_ntCntrctFnnclPn1,netcontractfinancialpen,netContractVersionID
netcontractprovlocation,netContractHeaderID,ntCntrctPrvLctn_ntCntrctPrvffltn1,netcontractprovaffiliation,netContractHeaderID
netcontractprovlocation,netContractProvAffiliationID,ntCntrctPrvLctn_ntCntrctPrvffltn1,netcontractprovaffiliation,netContractProvAffiliationID
netcontractprovlocation,netContractVersionID,ntCntrctPrvLctn_ntCntrctPrvffltn1,netcontractprovaffiliation,netContractVersionID
netcontractprovnetworkpanel,netContractNetworkID,ntCntrctPrvNtwrkPnl_ntCntrctNtwrk1,netcontractnetwork,netContractNetworkID
netcontractprovnetworkpanel,netContractProvAffiliationID,ntCntrctPrvNtwrkPnl_ntCntrctPrvffltn1,netcontractprovaffiliation,netContractProvAffiliationID
netcontractprovtin,netContractHeaderID,ntCntrctPrvTn_ntCntrctPrvffltn1,netcontractprovaffiliation,netContractHeaderID
netcontractprovtin,netContractProvAffiliationID,ntCntrctPrvTn_ntCntrctPrvffltn1,netcontractprovaffiliation,netContractProvAffiliationID
netcontractprovtin,netContractVersionID,ntCntrctPrvTn_ntCntrctPrvffltn1,netcontractprovaffiliation,netContractVersionID
netcontractservicearea,netContractHeaderID,ntCntrctSrvcr_ntCntrct1,netcontract,netContractHeaderID
netcontractservicearea,netContractVersionID,ntCntrctSrvcr_ntCntrct1,netcontract,netContractVersionID
netcontractsupportteam,netContractHeaderID,ntCntrctSpprtTm_ntCntrct1,netcontract,netContractHeaderID
netcontractsupportteam,netContractVersionID,ntCntrctSpprtTm_ntCntrct1,netcontract,netContractVersionID
netcontractsupportteam,supportTeamID,ntCntrctSpprtTm_spprtTm1,supportteam,supportTeamID
netcontracttaxonomy,netContractHeaderID,ntCntrctTxnmy_ntCntrct1,netcontract,netContractHeaderID
netcontracttaxonomy,netContractVersionID,ntCntrctTxnmy_ntCntrct1,netcontract,netContractVersionID
netdirsuppressregion,netDirSuppressID,ntDrSpprssRgn_ntDrSpprss1,netdirsuppress,netDirSuppressID
netscheduledetail,networkID,ntSchdlDtl_ntwrk1,network,networkID
netscheduledetail,networkScheduleID,ntSchdlDtl_ntSchdlTr1,netscheduletier,networkScheduleID
netscheduledetail,networkTierNum,ntSchdlDtl_ntSchdlTr1,netscheduletier,networkTierNum
netscheduledetailnetlevel,netScheduleDetailID,ntSchdlDtlNtLvl_ntSchdlDtl1,netscheduledetail,netScheduleDetailID
netscheduledetailnetlevel,networkScheduleID,ntSchdlDtlNtLvl_ntSchdlDtl1,netscheduledetail,networkScheduleID
netscheduledetailnetlevel,networkTierNum,ntSchdlDtlNtLvl_ntSchdlDtl1,netscheduledetail,networkTierNum
netscheduleextid,networkScheduleID,ntSchdlxtD_ntSchdlHdr1,netscheduleheader,networkScheduleID
netschedulelogo,networkScheduleID,ntSchdlLg_ntSchdlHdr1,netscheduleheader,networkScheduleID
netscheduletier,networkScheduleID,ntSchdlTr_ntSchdlHdr1,netscheduleheader,networkScheduleID
networkaffiliation,networkID,ntwrkffltn_ntwrk1,network,networkID
networkaffiliationconfig,networkAffiliationID,ntwrkffltnCnfg_ntwrkffltn1,networkaffiliation,networkAffiliationID
networkaffiliationconfig,networkID,ntwrkffltnCnfg_ntwrk1,network,networkID
networkcontactaddress,networkContactID,ntwrkCntctddrss_ntwrkCntct1,networkcontact,networkContactID
networkcontactaddressphone,networkContactAddressID,ntwrkCntctddrssPhn_ntwrkCntctddrss1,networkcontactaddress,networkContactAddressID
networkcontactaddressphone,networkContactPhoneID,ntwrkCntctddrssPhn_ntwrkCntctPhn1,networkcontactphone,networkContactPhoneID
networkcontactassignment,networkContactID,ntwrkCntctssgnmnt_ntwrkCntct1,networkcontact,networkContactID
networkcontactassignment,networkID,ntwrkCntctssgnmnt_ntwrk1,network,networkID
networkcontactelectroniccom,networkContactID,ntwrkCntctlctrncCm_ntwrkCntct1,networkcontact,networkContactID
networkcontactphone,networkContactID,ntwrkCntctPhn_ntwrkCntct1,networkcontact,networkContactID
networkid,networkID,ntwrkD_ntwrk1,network,networkID
networkmedpolicy,networkID,ntwrkMdPlcy_ntwrk1,network,networkID
networknotes,networkID,ntwrkNts_ntwrk1,network,networkID
networkservicearea,networkID,ntwrkSrvcr_ntwrk1,network,networkID
networksettings,networkID,ntwrkSttngs_ntwrk1,network,networkID
networksupportteam,networkID,ntwrkSpprtTm_ntwrk1,network,networkID
networksupportteam,supportTeamID,ntwrkSpprtTm_spprtTm1,supportteam,supportTeamID
networktype,networkID,ntwrkTyp_ntwrk1,network,networkID
oiclaimsettingsbilltypeassign,oiClaimSettingsID,ClmSttngsBllTypssgn_ClmSttngs1,oiclaimsettings,oiClaimSettingsID
oiclaimsettingsrevcodeassign,oiClaimSettingsID,ClmSttngsRvCdssgn_ClmSttngs1,oiclaimsettings,oiClaimSettingsID
onsuccesstradingpartnerprofile,tradingPartnerID,nSccssTrdngPrtnrPrfl_trdngPrtnr1,tradingpartner,tradingPartnerID
onsuccesstradingpartnerprofile,tradingPartnerProfileID,nSccssTrdngPrtnrPrfl_trdngPrtnrPrfl1,tradingpartnerprofile,tradingPartnerProfileID
oonpricingptmcomphold,oonPricingPtmCompID,nPrcngPtmCmpHld_nPrcngPtmCmp1,oonpricingptmcomp,oonPricingPtmCompID
oonpricingptmcompnote,oonPricingPtmCompID,nPrcngPtmCmpNt_nPrcngPtmCmp1,oonpricingptmcomp,oonPricingPtmCompID
oonpricingptmdetail,oonPricingPtmCompID,nPrcngPtmDtl_nPrcngPtmCmp1,oonpricingptmcomp,oonPricingPtmCompID
oonpricingptmprov,oonPricingPtmCompID,nPrcngPtmPrv_nPrcngPtmDtl1,oonpricingptmdetail,oonPricingPtmCompID
oonpricingptmprov,oonPricingPtmDetailID,nPrcngPtmPrv_nPrcngPtmDtl1,oonpricingptmdetail,oonPricingPtmDetailID
oonpricingptmregion,oonPricingPtmCompID,nPrcngPtmRgn_nPrcngPtmDtl1,oonpricingptmdetail,oonPricingPtmCompID
oonpricingptmregion,oonPricingPtmDetailID,nPrcngPtmRgn_nPrcngPtmDtl1,oonpricingptmdetail,oonPricingPtmDetailID
optionmassupdate,optionMassUpdateRequestID,ptnMsspdt_ptnMsspdtRqst1,optionmassupdaterequest,optionMassUpdateRequestID
optionmassupdaterequestplan,optionMassUpdateRequestID,ptnMsspdtRqstPln_ptnMsspdtRqst1,optionmassupdaterequest,optionMassUpdateRequestID
optionmassupdateresult,optionMassUpdateRequestID,ptnMsspdtRslt_ptnMsspdtRqst1,optionmassupdaterequest,optionMassUpdateRequestID
placeofservicesetcat,placeOfServiceCategoryID,plcfSrvcStCt_plcfSrvcCtgry1,placeofservicecategory,placeOfServiceCategoryID
placeofservicesetcat,placeOfServiceSetID,plcfSrvcStCt_plcfSrvcSt1,placeofserviceset,placeOfServiceSetID
placeofservicesetcatdetail,placeOfServiceSetCatID,plcfSrvcStCtDtl_plcfSrvcStCt1,placeofservicesetcat,placeOfServiceSetCatID
placeofservicesetcatdetail,placeOfServiceSetID,plcfSrvcStCtDtl_plcfSrvcStCt1,placeofservicesetcat,placeOfServiceSetID
placeofservicesetcatdetaildef,placeOfServiceSetCatDetailID,plcfSrvcStCtDtlDf_plcfSrvcStCtDtl1,placeofservicesetcatdetail,placeOfServiceSetCatDetailID
placeofservicesetcatdetaildef,placeOfServiceSetCatID,plcfSrvcStCtDtlDf_plcfSrvcStCtDtl1,placeofservicesetcatdetail,placeOfServiceSetCatID
placeofservicesetcatdetaildef,placeOfServiceSetID,plcfSrvcStCtDtlDf_plcfSrvcStCtDtl1,placeofservicesetcatdetail,placeOfServiceSetID
postadjudlettertemplate,queueGroupID,pstdjdLttrTmplt_qGrp1,queuegroup,queueGroupID
postadjudlettertemplateconfig,postAdjudLetterTemplateID,pstdjdLttrTmpltCnfg_pstdjdLttrTmplt1,postadjudlettertemplate,postAdjudLetterTemplateID
postadjudltrtempconfigbob,postAdjudLetterTemplateConfigID,pstdjdLtrTmpCnfgBb_pstdjdLttrTmpltCnfg1,postadjudlettertemplateconfig,postAdjudLetterTemplateConfigID
postadjudltrtempconfigbob,postAdjudLetterTemplateID,pstdjdLtrTmpCnfgBb_pstdjdLttrTmplt1,postadjudlettertemplate,postAdjudLetterTemplateID
postadjudltrtempconfigstate,postAdjudLetterTemplateConfigID,pstdjdLtrTmpCnfgStt_pstdjdLttrTmpltCnfg1,postadjudlettertemplateconfig,postAdjudLetterTemplateConfigID
postadjudltrtempconfigstate,postAdjudLetterTemplateID,pstdjdLtrTmpCnfgStt_pstdjdLttrTmplt1,postadjudlettertemplate,postAdjudLetterTemplateID
postadjudltrtempconfigvc,postAdjudLetterTemplateConfigID,pstdjdLtrTmpCnfgVC_pstdjdLttrTmpltCnfg1,postadjudlettertemplateconfig,postAdjudLetterTemplateConfigID
postadjudltrtempconfigvc,postAdjudLetterTemplateID,pstdjdLtrTmpCnfgVC_pstdjdLttrTmplt1,postadjudlettertemplate,postAdjudLetterTemplateID
proceduresetcat,procedureSetID,prcdrStCt_prcdrSt1,procedureset,procedureSetID
proceduresetcatdetail,procedureSetCatID,prcdrStCtDtl_prcdrStCt1,proceduresetcat,procedureSetCatID
proceduresetcatdetail,procedureSetID,prcdrStCtDtl_prcdrStCt1,proceduresetcat,procedureSetID
proceduresetcatdetaildef,procedureSetCatDetailID,prcdrStCtDtlDf_prcdrStCtDtl1,proceduresetcatdetail,procedureSetCatDetailID
proceduresetcatdetaildef,procedureSetCatID,prcdrStCtDtlDf_prcdrStCtDtl1,proceduresetcatdetail,procedureSetCatID
proceduresetcatdetaildef,procedureSetID,prcdrStCtDtlDf_prcdrStCtDtl1,proceduresetcatdetail,procedureSetID
prodbenefittype,productVersionID,prdBnftTyp_prdct1,product,productVersionID
prodbengroup,productVersionID,prdBnGrp_prdct1,product,productVersionID
prodbennetworksched,productVersionID,prdBnNtwrkSchd_prdct1,product,productVersionID
prodgovbentype,productVersionID,prdGvBnTyp_prdct1,product,productVersionID
produceraddress,producerID,prdcrddrss_prdcr1,producer,producerID
producerelectroniccomm,producerID,prdcrlctrncCmm_prdcr1,producer,producerID
producerexternalid,producerID,prdcrxtrnlD_prdcr1,producer,producerID
producernote,producerID,prdcrNt_prdcr1,producer,producerID
producerphone,producerID,prdcrPhn_prdcr1,producer,producerID
productbenefit,productVersionID,prdctBnft_prdct1,product,productVersionID
productgensettings,productVersionID,prdctGnSttngs_prdct1,product,productVersionID
productnote,productVersionID,prdctNt_prdct1,product,productVersionID
productstoploss,productVersionID,prdctStplss_prdct1,product,productVersionID
productstoplossexclopertxtype,productStoplossSettingsID,prdctStplssxclprTxTyp_prdctStplssSttngs1,productstoplosssettings,productStoplossSettingsID
productstoplossexclopertxtype,productVersionID,prdctStplssxclprTxTyp_prdctStplss1,productstoploss,productVersionID
productstoplosssettings,productVersionID,prdctStplssSttngs_prdctStplss1,productstoploss,productVersionID
productvalidation,productVersionID,prdctVldtn_prdct1,product,productVersionID
promptpayscheddetail,promptPaySchedID,prmptPySchdDtl_prmptPySchd1,promptpaysched,promptPaySchedID
promptpayschednote,promptPaySchedID,prmptPySchdNt_prmptPySchd1,promptpaysched,promptPaySchedID
provcertschedaccreditation,provCertSchedID,prvCrtSchdccrdttn_prvCrtSchd1,provcertsched,provCertSchedID
provcertschedclia,provCertSchedID,prvCrtSchdCl_prvCrtSchd1,provcertsched,provCertSchedID
provcertscheddegree,provCertSchedID,prvCrtSchdDgr_prvCrtSchd1,provcertsched,provCertSchedID
provcertschedexcludeprovider,provCertSchedID,prvCrtSchdxcldPrvdr_prvCrtSchd1,provcertsched,provCertSchedID
provcertschedexcludeprovidersv,provCertSchedExcludeProviderID,prvCrtSchdxcldPrvdrSv_prvCrtSchdxcldPrvdr1,provcertschedexcludeprovider,provCertSchedExcludeProviderID
provcertschedhold,provCertSchedID,prvCrtSchdHld_prvCrtSchd1,provcertsched,provCertSchedID
provcertschedlicense,provCertSchedID,prvCrtSchdLcns_prvCrtSchd1,provcertsched,provCertSchedID
provcertschednote,provCertSchedID,prvCrtSchdNt_prvCrtSchd1,provcertsched,provCertSchedID
provcertschedserv,provCertSchedID,prvCrtSchdSrv_prvCrtSchd1,provcertsched,provCertSchedID
provcertschedstate,provCertSchedID,prvCrtSchdStt_prvCrtSchd1,provcertsched,provCertSchedID
provcertschedtaxonomy,provCertSchedID,prvCrtSchdTxnmy_prvCrtSchd1,provcertsched,provCertSchedID
provcertsethold,provCertSetID,prvCrtStHld_prvCrtSt1,provcertset,provCertSetID
provcertsetnote,provCertSetID,prvCrtStNt_prvCrtSt1,provcertset,provCertSetID
provcertsetschedassign,provCertSchedID,prvCrtStSchdssgn_prvCrtSchd1,provcertsched,provCertSchedID
provcertsetschedassign,provCertSetID,prvCrtStSchdssgn_prvCrtSt1,provcertset,provCertSetID
provcontract,provContractHeaderID,prvCntrct_prvCntrctHdr1,provcontractheader,provContractHeaderID
provcontractaddress,provContractHeaderID,prvCntrctddrss_prvCntrct1,provcontract,provContractHeaderID
provcontractaddress,provContractVersionID,prvCntrctddrss_prvCntrct1,provcontract,provContractVersionID
provcontractaffilfilinglimit,provContractAffiliationID,prvCntrctfflFlngLmt_prvCntrctffltn1,provcontractaffiliation,provContractAffiliationID
provcontractaffilfinancialpen,financialPenaltyID,prvCntrctfflFnnclPn_fnnclPnlty1,financialpenalty,financialPenaltyID
provcontractaffilfinancialpen,provContractAffiliationID,prvCntrctfflFnnclPn_prvCntrctffltn1,provcontractaffiliation,provContractAffiliationID
provcontractaffilfinancialpen,provContractHeaderID,prvCntrctfflFnnclPn_prvCntrct1,provcontract,provContractHeaderID
provcontractaffilfinancialpen,provContractVersionID,prvCntrctfflFnnclPn_prvCntrct1,provcontract,provContractVersionID
provcontractaffiliation,provContractHeaderID,prvCntrctffltn_prvCntrct1,provcontract,provContractHeaderID
provcontractaffiliation,provContractVersionID,prvCntrctffltn_prvCntrct1,provcontract,provContractVersionID
provcontractaffiliation,providerOrgAffiliationID,prvCntrctffltn_prvdrrgffltn1,providerorgaffiliation,providerOrgAffiliationID
provcontractaffilnetpanel,provContractAffiliationID,prvCntrctfflNtPnl_prvCntrctffltn1,provcontractaffiliation,provContractAffiliationID
provcontractaffilnetpanel,provContractNetworkID,prvCntrctfflNtPnl_prvCntrctNtwrk1,provcontractnetwork,provContractNetworkID
provcontractcarrier,carrierID,prvCntrctCrrr_crrr1,carrier,carrierID
provcontractcarrier,provContractHeaderID,prvCntrctCrrr_prvCntrct1,provcontract,provContractHeaderID
provcontractcarrier,provContractVersionID,prvCntrctCrrr_prvCntrct1,provcontract,provContractVersionID
provcontractcarrierfilinglimit,provContractCarrierID,prvCntrctCrrrFlngLmt_prvCntrctCrrr1,provcontractcarrier,provContractCarrierID
provcontractcarrierfilinglimit,provContractHeaderID,prvCntrctCrrrFlngLmt_prvCntrctCrrr1,provcontractcarrier,provContractHeaderID
provcontractcarrierfilinglimit,provContractVersionID,prvCntrctCrrrFlngLmt_prvCntrctCrrr1,provcontractcarrier,provContractVersionID
provcontractcarriersupportteam,provContractCarrierID,prvCntrctCrrrSpprtTm_prvCntrctCrrr1,provcontractcarrier,provContractCarrierID
provcontractcarriersupportteam,provContractHeaderID,prvCntrctCrrrSpprtTm_prvCntrctCrrr1,provcontractcarrier,provContractHeaderID
provcontractcarriersupportteam,provContractSupportTeamID,prvCntrctCrrrSpprtTm_prvCntrctSpprtTm1,provcontractsupportteam,provContractSupportTeamID
provcontractcarriersupportteam,provContractVersionID,prvCntrctCrrrSpprtTm_prvCntrctCrrr1,provcontractcarrier,provContractVersionID
provcontractcontact,contactID,prvCntrctCntct_cntct1,contact,contactID
provcontractcontact,provContractHeaderID,prvCntrctCntct_prvCntrct1,provcontract,provContractHeaderID
provcontractcontact,provContractVersionID,prvCntrctCntct_prvCntrct1,provcontract,provContractVersionID
provcontractfilinglimit,provContractHeaderID,prvCntrctFlngLmt_prvCntrct1,provcontract,provContractHeaderID
provcontractfilinglimit,provContractVersionID,prvCntrctFlngLmt_prvCntrct1,provcontract,provContractVersionID
provcontractheader,providerOrgID,prvCntrctHdr_prvdrrg1,providerorg,providerOrgID
provcontractheadernote,provContractHeaderID,prvCntrctHdrNt_prvCntrctHdr1,provcontractheader,provContractHeaderID
provcontracthldfileuplderror,provContractHldFileUpldHdrID,prvCntrctHldFlpldrrr_prvCntrctHldFlpldHdr1,provcontracthldfileupldhdr,provContractHldFileUpldHdrID
provcontracthldfileupldstage,provContractHldFileUpldHdrID,prvCntrctHldFlpldStg_prvCntrctHldFlpldHdr1,provcontracthldfileupldhdr,provContractHldFileUpldHdrID
provcontracthold,provContractHeaderID,prvCntrctHld_prvCntrct1,provcontract,provContractHeaderID
provcontracthold,provContractVersionID,prvCntrctHld_prvCntrct1,provcontract,provContractVersionID
provcontractid,provContractHeaderID,prvCntrctD_prvCntrct1,provcontract,provContractHeaderID
provcontractid,provContractVersionID,prvCntrctD_prvCntrct1,provcontract,provContractVersionID
provcontractinactupldstage,provContractInactUpldHdrID,prvCntrctnctpldStg_prvCntrctnctpldHdr1,provcontractinactupldhdr,provContractInactUpldHdrID
provcontractlob,provContractHeaderID,prvCntrctLB_prvCntrct1,provcontract,provContractHeaderID
provcontractlob,provContractVersionID,prvCntrctLB_prvCntrct1,provcontract,provContractVersionID
provcontractlobclausecode,provContractHeaderID,prvCntrctLBClsCd_prvCntrctLB1,provcontractlob,provContractHeaderID
provcontractlobclausecode,provContractLOBID,prvCntrctLBClsCd_prvCntrctLB1,provcontractlob,provContractLOBID
provcontractlobclausecode,provContractVersionID,prvCntrctLBClsCd_prvCntrctLB1,provcontractlob,provContractVersionID
provcontractlobfilinglimit,provContractHeaderID,prvCntrctLBFlngLmt_prvCntrctLB1,provcontractlob,provContractHeaderID
provcontractlobfilinglimit,provContractLOBID,prvCntrctLBFlngLmt_prvCntrctLB1,provcontractlob,provContractLOBID
provcontractlobfilinglimit,provContractVersionID,prvCntrctLBFlngLmt_prvCntrctLB1,provcontractlob,provContractVersionID
provcontractmedpolicy,provContractHeaderID,prvCntrctMdPlcy_prvCntrct1,provcontract,provContractHeaderID
provcontractmedpolicy,provContractVersionID,prvCntrctMdPlcy_prvCntrct1,provcontract,provContractVersionID
provcontractmembergroup,contractMGSchedID,prvCntrctMmbrGrp_cntrctMGSchd1,contractmgsched,contractMGSchedID
provcontractmembergroup,provContractHeaderID,prvCntrctMmbrGrp_prvCntrct1,provcontract,provContractHeaderID
provcontractmembergroup,provContractVersionID,prvCntrctMmbrGrp_prvCntrct1,provcontract,provContractVersionID
provcontractnetwork,networkID,prvCntrctNtwrk_ntwrk1,network,networkID
provcontractnetwork,provContractHeaderID,prvCntrctNtwrk_prvCntrct1,provcontract,provContractHeaderID
provcontractnetwork,provContractVersionID,prvCntrctNtwrk_prvCntrct1,provcontract,provContractVersionID
provcontractnotes,provContractVersionID,prvCntrctNts_prvCntrct1,provcontract,provContractVersionID
provcontractowner,provContractHeaderID,prvCntrctwnr_prvCntrct1,provcontract,provContractHeaderID
provcontractowner,provContractVersionID,prvCntrctwnr_prvCntrct1,provcontract,provContractVersionID
provcontractplan,provContractHeaderID,prvCntrctPln_prvCntrct1,provcontract,provContractHeaderID
provcontractplan,provContractVersionID,prvCntrctPln_prvCntrct1,provcontract,provContractVersionID
provcontractproduct,provContractHeaderID,prvCntrctPrdct_prvCntrct1,provcontract,provContractHeaderID
provcontractproduct,provContractVersionID,prvCntrctPrdct_prvCntrct1,provcontract,provContractVersionID
provcontractsupportteam,provContractHeaderID,prvCntrctSpprtTm_prvCntrct1,provcontract,provContractHeaderID
provcontractsupportteam,provContractVersionID,prvCntrctSpprtTm_prvCntrct1,provcontract,provContractVersionID
provcontractsupportteam,supportTeamID,prvCntrctSpprtTm_spprtTm1,supportteam,supportTeamID
provcontracttaxonomy,provContractHeaderID,prvCntrctTxnmy_prvCntrct1,provcontract,provContractHeaderID
provcontracttaxonomy,provContractVersionID,prvCntrctTxnmy_prvCntrct1,provcontract,provContractVersionID
provcontracttin,provContractHeaderID,prvCntrctTN_prvCntrct1,provcontract,provContractHeaderID
provcontracttin,provContractVersionID,prvCntrctTN_prvCntrct1,provcontract,provContractVersionID
provdirsuppressregion,provDirSuppressID,prvDrSpprssRgn_prvDrSpprss1,provdirsuppress,provDirSuppressID
provexceptiondiagcode,provExceptionFlagID,prvxcptnDgCd_prvxcptnFlg1,provexceptionflag,provExceptionFlagID
provexceptiondiagcode,providerID,prvxcptnDgCd_prvxcptnFlg1,provexceptionflag,providerID
provexceptionflag,providerID,prvxcptnFlg_prvdr1,provider,providerID
provexceptionfundingsource,provExceptionFlagID,prvxcptnFndngSrc_prvxcptnFlg1,provexceptionflag,provExceptionFlagID
provexceptionlob,provExceptionFlagID,prvxcptnLb_prvxcptnFlg1,provexceptionflag,provExceptionFlagID
provexceptionmodcodes,provExceptionFlagID,prvxcptnMdCds_prvxcptnFlg1,provexceptionflag,provExceptionFlagID
provexceptionplaceofservice,provExceptionFlagID,prvxcptnPlcfSrvc_prvxcptnFlg1,provexceptionflag,provExceptionFlagID
provexceptionproccode,provExceptionFlagID,prvxcptnPrcCd_prvxcptnFlg1,provexceptionflag,provExceptionFlagID
provexceptionproccode,providerID,prvxcptnPrcCd_prvxcptnFlg1,provexceptionflag,providerID
provexceptionrevcodes,provExceptionFlagID,prvxcptnRvCds_prvxcptnFlg1,provexceptionflag,provExceptionFlagID
provexceptionstate,provExceptionFlagID,prvxcptnStt_prvxcptnFlg1,provexceptionflag,provExceptionFlagID
provideraccreditation,providerID,prvdrccrdttn_prvdr1,provider,providerID
provideradverseaction,providerID,prvdrdvrsctn_prvdr1,provider,providerID
provideradverseactioncode,providerAdverseActionID,prvdrdvrsctnCd_prvdrdvrsctn1,provideradverseaction,providerAdverseActionID
provideradverseactioncode,providerID,prvdrdvrsctnCd_prvdrdvrsctn1,provideradverseaction,providerID
provideradversebasis,providerAdverseActionID,prvdrdvrsBss_prvdrdvrsctn1,provideradverseaction,providerAdverseActionID
provideradversebasis,providerID,prvdrdvrsBss_prvdrdvrsctn1,provideradverseaction,providerID
provideralias,providerID,prvdrls_prvdr1,provider,providerID
providerapplication,providerID,prvdrpplctn_prvdr1,provider,providerID
providerassigntypetaxonomycode,providerAssignmentType,prvdrssgnTypTxnmyCd_prvdrssgnmntTyp1,providerassignmenttype,providerAssignmentType
providercertification,providerTaxonomyID,prvdrCrtfctn_prvdrTxnmy1,providertaxonomy,providerTaxonomyID
providerchiroclinicaleff,providerID,prvdrChrClnclff_prvdr1,provider,providerID
providercontactaddress,providerContactID,prvdrCntctddrss_prvdrCntct1,providercontact,providerContactID
providercontactaddressphone,providerContactAddressID,prvdrCntctddrssPhn_prvdrCntctddrss1,providercontactaddress,providerContactAddressID
providercontactaddressphone,providerContactPhoneID,prvdrCntctddrssPhn_prvdrCntctPhn1,providercontactphone,providerContactPhoneID
providercontactelectroniccom,providerContactID,prvdrCntctlctrncCm_prvdrCntct1,providercontact,providerContactID
providercontactphone,providerContactID,prvdrCntctPhn_prvdrCntct1,providercontact,providerContactID
providercover,providerID,prvdrCvr_prvdr1,provider,providerID
providercredential,providerID,prvdrCrdntl_prvdr1,provider,providerID
providereducation,providerID,prvdrdctn_prvdr1,provider,providerID
providerelectroniccomm,providerID,prvdrlctrncCmm_prvdr1,provider,providerID
providerencumbrance,providerID,prvdrncmbrnc_prvdr1,provider,providerID
providerencumbrancepayment,providerEncumbranceID,prvdrncmbrncPymnt_prvdrncmbrnc1,providerencumbrance,providerEncumbranceID
providerencumbrancepayment,providerID,prvdrncmbrncPymnt_prvdrncmbrnc1,providerencumbrance,providerID
providerfedexcl,providerID,prvdrFdxcl_prvdr1,provider,providerID
providerhold,holdCode,prvdrHld_hldCd1,holdcode,holdCode
providerhold,providerID,prvdrHld_prvdr1,provider,providerID
providerhospitalaffil,facilityID,prvdrHsptlffl_prvdr2,provider,providerID
providerhospitalaffil,providerID,prvdrHsptlffl_prvdr1,provider,providerID
providerhours,providerID,prvdrHrs_prvdr1,provider,providerID
providerhours,providerLocationAffiliationID,prvdrHrs_prvdrLctnffltn1,providerlocationaffiliation,providerLocationAffiliationID
providerid,providerID,prvdrD_prvdr1,provider,providerID
provideridlocation,providerID,prvdrDLctn_prvdrD1,providerid,providerID
provideridlocation,providerIDID,prvdrDLctn_prvdrD1,providerid,providerIDID
provideridlocation,providerLocationAffiliationID,prvdrDLctn_prvdrLctnffltn1,providerlocationaffiliation,providerLocationAffiliationID
providerjudgement,providerID,prvdrJdgmnt_prvdr1,provider,providerID
providerlanguage,providerID,prvdrLngg_prvdr1,provider,providerID
providerliabilityins,liabCarrierID,prvdrLbltyns_lbltyCrrr1,liabilitycarrier,liabCarrierID
providerliabilityins,providerID,prvdrLbltyns_prvdr1,provider,providerID
providerlicense,providerID,prvdrLcns_prvdr1,provider,providerID
providerlocaffilclinicaleff,providerLocationAffiliationID,prvdrLcfflClnclff_prvdrLctnffltn1,providerlocationaffiliation,providerLocationAffiliationID
providerlocationaccred,providerAccreditationID,prvdrLctnccrd_prvdrccrdttn1,provideraccreditation,providerAccreditationID
providerlocationaccred,providerLocationAffiliationID,prvdrLctnccrd_prvdrLctnffltn1,providerlocationaffiliation,providerLocationAffiliationID
providerlocationaffiliation,providerID,prvdrLctnffltn_prvdr1,provider,providerID
providerlocationaffiliation,providerOrgLocationID,prvdrLctnffltn_prvdrrgLctn1,providerorglocation,providerOrgLocationID
providerlocationcontact,providerContactID,prvdrLctnCntct_prvdrCntct1,providercontact,providerContactID
providerlocationcontact,providerLocationAffiliationID,prvdrLctnCntct_prvdrLctnffltn1,providerlocationaffiliation,providerLocationAffiliationID
providerlocationhospaffil,providerHospitalAffilID,prvdrLctnHspffl_prvdrHsptlffl1,providerhospitalaffil,providerHospitalAffilID
providerlocationhospaffil,providerLocationAffiliationID,prvdrLctnHspffl_prvdrLctnffltn1,providerlocationaffiliation,providerLocationAffiliationID
providerlocationlanguage,providerLocationAffiliationID,prvdrLctnLngg_prvdrLctnffltn1,providerlocationaffiliation,providerLocationAffiliationID
providerlocationphone,providerID,prvdrLctnPhn_prvdrLctnffltn1,providerlocationaffiliation,providerID
providerlocationphone,providerLocationAffiliationID,prvdrLctnPhn_prvdrLctnffltn1,providerlocationaffiliation,providerLocationAffiliationID
providerlocationtaxonomy,providerLocationAffiliationID,prvdrLctnTxnmy_prvdrLctnffltn1,providerlocationaffiliation,providerLocationAffiliationID
providerlocationtaxonomy,providerTaxonomyID,prvdrLctnTxnmy_prvdrTxnmy1,providertaxonomy,providerTaxonomyID
providermalpractice,providerID,prvdrMlprctc_prvdr1,provider,providerID
providermedicareoptoutstaging,providerMedicareOptOutHeaderID,prvdrMdcrpttStgng_prvdrMdcrpttHdr1,providermedicareoptoutheader,providerMedicareOptOutHeaderID
providernotes,providerID,prvdrNts_prvdr1,provider,providerID
providerorgaffiliation,providerID,prvdrrgffltn_prvdr1,provider,providerID
providerorgaffiliation,providerOrgID,prvdrrgffltn_prvdrrg1,providerorg,providerOrgID
providerorgalias,providerOrgID,prvdrrgls_prvdrrg1,providerorg,providerOrgID
providerorgelectroniccomm,providerOrgID,prvdrrglctrncCmm_prvdrrg1,providerorg,providerOrgID
providerorgfacility,providerOrgID,prvdrrgFclty_prvdrrg1,providerorg,providerOrgID
providerorgfacility,providerOrgLocationID,prvdrrgFclty_prvdrrgLctn1,providerorglocation,providerOrgLocationID
providerorghold,holdCode,prvdrrgHld_hldCd1,holdcode,holdCode
providerorghold,providerOrgID,prvdrrgHld_prvdrrg1,providerorg,providerOrgID
providerorgid,providerOrgID,prvdrrgD_prvdrrg1,providerorg,providerOrgID
providerorgidlocation,providerOrgIDID,prvdrrgDLctn_prvdrrgD1,providerorgid,providerOrgIDID
providerorgidlocation,providerOrgLocationID,prvdrrgDLctn_prvdrrgLctn1,providerorglocation,providerOrgLocationID
providerorglocation,providerOrgID,prvdrrgLctn_prvdrrg1,providerorg,providerOrgID
providerorglocationclaimalias,providerOrgLocationID,prvdrrgLctnClmls_prvdrrgLctn1,providerorglocation,providerOrgLocationID
providerorglocationclia,providerOrgLocationID,prvdrrgLctnCl_prvdrrgLctn1,providerorglocation,providerOrgLocationID
providerorglocationid,providerOrgLocationID,prvdrrgLctnD_prvdrrgLctn1,providerorglocation,providerOrgLocationID
providerorglocationphone,providerOrgLocationID,prvdrrgLctnPhn_prvdrrgLctn1,providerorglocation,providerOrgLocationID
providerorgnote,providerOrgID,prvdrrgNt_prvdrrg1,providerorg,providerOrgID
providerorgtin,providerOrgID,prvdrrgTN_prvdrrg1,providerorg,providerOrgID
providerorgtin,provTINID,prvdrrgTN_prvTN1,provtin,provTINID
providerorgtingroupmodeltype,providerOrgTINID,prvdrrgTNGrpMdlTyp_prvdrrgTN1,providerorgtin,providerOrgTINID
providerpeerreview,providerID,prvdrPrRvw_prvdr1,provider,providerID
providerpickclaim,providerPickCountID,prvdrPckClm_prvdrPckCnt1,providerpickcount,providerPickCountID
providerpremiumdesignation,providerID,prvdrPrmmDsgntn_prvdr1,provider,providerID
providerprocessexception,providerID,prvdrPrcssxcptn_prvdr1,provider,providerID
providerrefaddress,providerID,prvdrRfddrss_prvdrRfrncs1,providerreferences,providerID
providerrefaddress,providerReferencesID,prvdrRfddrss_prvdrRfrncs1,providerreferences,providerReferencesID
providerreferences,providerID,prvdrRfrncs_prvdr1,provider,providerID
providersanction,providerID,prvdrSnctn_prvdr1,provider,providerID
providersanctionlicense,providerID,prvdrSnctnLcns_prvdrSnctn1,providersanction,providerID
providersanctionlicense,providerLicenseID,prvdrSnctnLcns_prvdrLcns1,providerlicense,providerLicenseID
providersanctionlicense,providerSanctionID,prvdrSnctnLcns_prvdrSnctn1,providersanction,providerSanctionID
providersetassignedprov,providerSetID,prvdrStssgndPrv_prvdrSt1,providerset,providerSetID
providersetassignedtaxonomy,providerSetID,prvdrStssgndTxnmy_prvdrSt1,providerset,providerSetID
providertaxonomy,providerID,prvdrTxnmy_prvdr1,provider,providerID
providertinaddreleccomm,provTINAddressesID,prvdrTNddrlcCmm_prvTNddrsss1,provtinaddresses,provTINAddressesID
providertinaddreleccomm,provTINID,prvdrTNddrlcCmm_prvTNddrsss1,provtinaddresses,provTINID
providertinaddrphone,provTINAddressesID,prvdrTNddrPhn_prvTNddrsss1,provtinaddresses,provTINAddressesID
providertinaddrphone,provTINID,prvdrTNddrPhn_prvTNddrsss1,provtinaddresses,provTINID
providerworkhistory,providerID,prvdrWrkHstry_prvdr1,provider,providerID
provjudgeinvestigation,providerID,prvJdgnvstgtn_prvdrJdgmnt1,providerjudgement,providerID
provjudgeinvestigation,providerJudgementID,prvJdgnvstgtn_prvdrJdgmnt1,providerjudgement,providerJudgementID
provjudgeoffenses,providerID,prvJdgffnss_prvdrJdgmnt1,providerjudgement,providerID
provjudgeoffenses,providerJudgementID,prvJdgffnss_prvdrJdgmnt1,providerjudgement,providerJudgementID
provmemassignsetting,networkScheduleID,prvMmssgnSttng_ntSchdlHdr1,netscheduleheader,networkScheduleID
provrosteraffillocassign,provRosterOrgAffilID,prvRstrfflLcssgn_prvRstrrgffl1,provrosterorgaffil,provRosterOrgAffilID
provrosternote,provRosterID,prvRstrNt_prvRstr1,provroster,provRosterID
provrosterorg,provRosterID,prvRstrrg_prvRstr1,provroster,provRosterID
provrosterorgaffil,provRosterOrgID,prvRstrrgffl_prvRstrrg1,provrosterorg,provRosterOrgID
provrosterorgaffiltin,provRosterOrgAffilID,prvRstrrgfflTn_prvRstrrgffl1,provrosterorgaffil,provRosterOrgAffilID
provrosterorgprovloc,provRosterOrgID,prvRstrrgPrvLc_prvRstrrg1,provrosterorg,provRosterOrgID
provrosteross,provRosterID,prvRstrSS_prvRstr1,provroster,provRosterID
provrosterprovassign,provRosterID,prvRstrPrvssgn_prvRstr1,provroster,provRosterID
provrostertaxonomy,provRosterID,prvRstrTxnmy_prvRstr1,provroster,provRosterID
provspecialtysetcat,provSpecialtySetID,prvSpcltyStCt_prvSpcltySt1,provspecialtyset,provSpecialtySetID
provspecialtysetcatdetail,provSpecialtySetCatID,prvSpcltyStCtDtl_prvSpcltyStCt1,provspecialtysetcat,provSpecialtySetCatID
provspecialtysetcatdetail,provSpecialtySetID,prvSpcltyStCtDtl_prvSpcltyStCt1,provspecialtysetcat,provSpecialtySetID
provspecialtysetcatdetaildef,provSpecialtySetCatDetailID,prvSpcltyStCtDtlDf_prvSpcltyStCtDtl1,provspecialtysetcatdetail,provSpecialtySetCatDetailID
provspecialtysetcatdetaildef,provSpecialtySetCatID,prvSpcltyStCtDtlDf_prvSpcltyStCtDtl1,provspecialtysetcatdetail,provSpecialtySetCatID
provspecialtysetcatdetaildef,provSpecialtySetID,prvSpcltyStCtDtlDf_prvSpcltyStCtDtl1,provspecialtysetcatdetail,provSpecialtySetID
provtinaddresses,provTINID,prvTNddrsss_prvTN1,provtin,provTINID
provtinaddressesclaimalias,provTINAddressesID,prvTNddrsssClmls_prvTNddrsss1,provtinaddresses,provTINAddressesID
provtinaddressesclaimalias,provTINID,prvTNddrsssClmls_prvTN1,provtin,provTINID
provtinaddressesid,provTINAddressesID,prvTNddrsssD_prvTNddrsss1,provtinaddresses,provTINAddressesID
provtinnotes,provTINID,prvTNNts_prvTN1,provtin,provTINID
provtinstate,provTINID,prvTNStt_prvTN1,provtin,provTINID
provtintherapyclinicaleff,provTINID,prvTNThrpyClnclff_prvTN1,provtin,provTINID
qualitytier,qualityTierSchedID,qltyTr_qltyTrSchd1,qualitytiersched,qualityTierSchedID
qualitytiernote,qualityTierSchedID,qltyTrNt_qltyTrSchd1,qualitytiersched,qualityTierSchedID
qualitytierruleset,qualityTierID,qltyTrRlSt_qltyTr1,qualitytier,qualityTierID
qualitytierruleset,qualityTierSchedID,qltyTrRlSt_qltyTr1,qualitytier,qualityTierSchedID
queueauditroutingcode,queueRoleID,qdtRtngCd_qRl1,queuerole,queueRoleID
queuebookofbusinesstype,queueRoleID,qBkfBsnssTyp_qRl1,queuerole,queueRoleID
queuecarrier,queueRoleID,qCrrr_qRl1,queuerole,queueRoleID
queueclaimdofr,queueRoleID,qClmDfr_qRl1,queuerole,queueRoleID
queueclaimtype,queueRoleID,qClmTyp_qRl1,queuerole,queueRoleID
queuecontractclaimtype,queueRoleID,qCntrctClmTyp_qRl1,queuerole,queueRoleID
queueeditcategory,queueRoleID,qdtCtgry_qRl1,queuerole,queueRoleID
queueeditcode,queueRoleID,qdtCd_qRl1,queuerole,queueRoleID
queueenrollcategory,queueRoleID,qnrllCtgry_qRl1,queuerole,queueRoleID
queueenrollsourcesystemtype,queueRoleID,qnrllSrcSystmTyp_qRl1,queuerole,queueRoleID
queuefinerror,queueRoleID,qFnrrr_qRl1,queuerole,queueRoleID
queuegrouprole,queueGroupID,qGrpRl_qGrp1,queuegroup,queueGroupID
queuegrouprole,queueRoleID,qGrpRl_qRl1,queuerole,queueRoleID
queuegroupuser,queueGroupID,qGrpsr_qGrp1,queuegroup,queueGroupID
queuegroupuser,userID,qGrpsr_srTbl1,usertable,userID
queuegroupuserskillassignref,queueGroupUserSkillAssignID,qGrpsrSkllssgnRf_qGrpsrSkllssgn1,queuegroupuserskillassign,queueGroupUserSkillAssignID
queuememgroup,queueRoleID,qMmGrp_qRl1,queuerole,queueRoleID
queuename,queueRoleID,qNm_qRl1,queuerole,queueRoleID
queuepayerorganizationid,queueRoleID,qPyrrgnztnD_qRl1,queuerole,queueRoleID
queueprovtinid,queueRoleID,qPrvTND_qRl1,queuerole,queueRoleID
queuerevenuearrangement,queueRoleID,qRvnrrngmnt_qRl1,queuerole,queueRoleID
queueroutingcode,queueRoleID,qRtngCd_qRl1,queuerole,queueRoleID
queuesourcetype,queueRoleID,qSrcTyp_qRl1,queuerole,queueRoleID
queueutilizationplan,queueRoleID,qtlztnPln_qRl1,queuerole,queueRoleID
regentgensettings,regEntID,rgntGnSttngs_rgnt1,regent,regEntID
regentguardrail,regEntID,rgntGrdrl_rgnt1,regent,regEntID
regentguardrailclaimdetail,regEntGuardrailID,rgntGrdrlClmDtl_rgntGrdrl1,regentguardrail,regEntGuardrailID
regentguardrailclaimdetail,regEntID,rgntGrdrlClmDtl_rgnt1,regent,regEntID
regentguardrailmemgrpdetail,regEntGuardrailID,rgntGrdrlMmGrpDtl_rgntGrdrl1,regentguardrail,regEntGuardrailID
regentitycontact,regEntityID,rgnttyCntct_rgntty1,regentity,regEntityID
regentitycontactaddress,regEntityContactID,rgnttyCntctddrss_rgnttyCntct1,regentitycontact,regEntityContactID
regentitycontactaddress,regEntityID,rgnttyCntctddrss_rgnttyCntct1,regentitycontact,regEntityID
regentitycontacteleccom,regEntityContactID,rgnttyCntctlcCm_rgnttyCntct1,regentitycontact,regEntityContactID
regentitycontacteleccom,regEntityID,rgnttyCntctlcCm_rgnttyCntct1,regentitycontact,regEntityID
regentitycontacthours,regEntityContactID,rgnttyCntctHrs_rgnttyCntct1,regentitycontact,regEntityContactID
regentitycontacthours,regEntityID,rgnttyCntctHrs_rgnttyCntct1,regentitycontact,regEntityID
regentitycontactphone,regEntityContactID,rgnttyCntctPhn_rgnttyCntct1,regentitycontact,regEntityContactID
regentitycontactphone,regEntityID,rgnttyCntctPhn_rgnttyCntct1,regentitycontact,regEntityID
regentitydept,regEntityID,rgnttyDpt_rgntty1,regentity,regEntityID
regentitydeptaddress,regEntityDeptID,rgnttyDptddrss_rgnttyDpt1,regentitydept,regEntityDeptID
regentitydeptaddress,regEntityID,rgnttyDptddrss_rgnttyDpt1,regentitydept,regEntityID
regentitydeptcontact,regEntityContactID,rgnttyDptCntct_rgnttyCntct1,regentitycontact,regEntityContactID
regentitydeptcontact,regEntityDeptID,rgnttyDptCntct_rgnttyDpt1,regentitydept,regEntityDeptID
regentitydeptcontact,regEntityID,rgnttyDptCntct_rgntty1,regentity,regEntityID
regentitydepteleccom,regEntityDeptID,rgnttyDptlcCm_rgnttyDpt1,regentitydept,regEntityDeptID
regentitydepteleccom,regEntityID,rgnttyDptlcCm_rgnttyDpt1,regentitydept,regEntityID
regentitydepthours,regEntityDeptID,rgnttyDptHrs_rgnttyDpt1,regentitydept,regEntityDeptID
regentitydepthours,regEntityID,rgnttyDptHrs_rgnttyDpt1,regentitydept,regEntityID
regentitydeptphone,regEntityDeptID,rgnttyDptPhn_rgnttyDpt1,regentitydept,regEntityDeptID
regentitydeptphone,regEntityID,rgnttyDptPhn_rgnttyDpt1,regentitydept,regEntityID
regentityguardrail,cobSchedID,rgnttyGrdrl_cbSchdl1,cobschedule,cobSchedID
regentityguardrail,familyUnitScheduleID,rgnttyGrdrl_fmlyntSchdl1,familyunitschedule,familyUnitScheduleID
regentityguardrail,regEntityID,rgnttyGrdrl_rgntty1,regentity,regEntityID
regentityguardrail,serviceAreaID,rgnttyGrdrl_srvcr1,servicearea,serviceAreaID
regentityguardrailbenefit,regEntityGuardrailID,rgnttyGrdrlBnft_rgnttyGrdrl1,regentityguardrail,regEntityGuardrailID
regentityguardrailbenefit,regEntityID,rgnttyGrdrlBnft_rgntty1,regentity,regEntityID
regentityguardrailcoolingoff,regEntityGuardrailID,rgnttyGrdrlClngff_rgnttyGrdrl1,regentityguardrail,regEntityGuardrailID
regentityguardrailcoolingoff,regEntityID,rgnttyGrdrlClngff_rgntty1,regentity,regEntityID
regentityguardrailerisa,regEntityGuardrailID,rgnttyGrdrlrs_rgnttyGrdrl1,regentityguardrail,regEntityGuardrailID
regentityguardrailerisa,regEntityID,rgnttyGrdrlrs_rgnttyGrdrl1,regentityguardrail,regEntityID
regentityguardrailgovt,regEntityGuardrailID,rgnttyGrdrlGvt_rgnttyGrdrl1,regentityguardrail,regEntityGuardrailID
regentityguardrailgovt,regEntityID,rgnttyGrdrlGvt_rgntty1,regentity,regEntityID
regentityguardrailmetallic,regEntityGuardrailID,rgnttyGrdrlMtllc_rgnttyGrdrl1,regentityguardrail,regEntityGuardrailID
regentityguardrailmetallic,regEntityID,rgnttyGrdrlMtllc_rgntty1,regentity,regEntityID
regentityguardrailplan,regEntityGuardrailID,rgnttyGrdrlPln_rgnttyGrdrl1,regentityguardrail,regEntityGuardrailID
regentityguardrailplan,regEntityID,rgnttyGrdrlPln_rgntty1,regentity,regEntityID
regentityguardrailtaxonomyred,regEntityGuardrailID,rgnttyGrdrlTxnmyRd_rgnttyGrdrl1,regentityguardrail,regEntityGuardrailID
regentityguardrailtaxonomyred,regEntityID,rgnttyGrdrlTxnmyRd_rgntty1,regentity,regEntityID
regentitynote,regEntityID,rgnttyNt_rgntty1,regentity,regEntityID
regentnote,regEntID,rgntNt_rgnt1,regent,regEntID
relationshiplevelcode,relationshipScheduleID,rltnshpLvlCd_rltnshpSchdlLvl1,relationshipschedulelevel,relationshipScheduleID
relationshiplevelcode,relLevel,rltnshpLvlCd_rltnshpSchdlLvl1,relationshipschedulelevel,relLevel
relationshiplimitscheddetail,relationshipLimitSchedID,rltnshpLmtSchdDtl_rltnshpLmtSchd1,relationshiplimitsched,relationshipLimitSchedID
relationshiplimitschednote,relationshipLimitSchedID,rltnshpLmtSchdNt_rltnshpLmtSchd1,relationshiplimitsched,relationshipLimitSchedID
relationshipnote,relationshipScheduleID,rltnshpNt_rltnshpSchdl1,relationshipschedule,relationshipScheduleID
relationshipschedulelevel,relationshipScheduleID,rltnshpSchdlLvl_rltnshpSchdl1,relationshipschedule,relationshipScheduleID
remarkcodeaccounttype,remarkCodeScheduleID,rmrkCdccntTyp_rmrkCdTrggr1,remarkcodetrigger,remarkCodeScheduleID
remarkcodeaccounttype,remarkCodeTriggerID,rmrkCdccntTyp_rmrkCdTrggr1,remarkcodetrigger,remarkCodeTriggerID
remarkcodeadjudicationtype,remarkCodeScheduleID,rmrkCddjdctnTyp_rmrkCdTrggr1,remarkcodetrigger,remarkCodeScheduleID
remarkcodeadjudicationtype,remarkCodeTriggerID,rmrkCddjdctnTyp_rmrkCdTrggr1,remarkcodetrigger,remarkCodeTriggerID
remarkcodeauthdecisioncode,remarkCodeScheduleID,rmrkCdthDcsnCd_rmrkCdTrggr1,remarkcodetrigger,remarkCodeScheduleID
remarkcodeauthdecisioncode,remarkCodeTriggerID,rmrkCdthDcsnCd_rmrkCdTrggr1,remarkcodetrigger,remarkCodeTriggerID
remarkcodeauthprogramtype,remarkCodeScheduleID,rmrkCdthPrgrmTyp_rmrkCdTrggr1,remarkcodetrigger,remarkCodeScheduleID
remarkcodeauthprogramtype,remarkCodeTriggerID,rmrkCdthPrgrmTyp_rmrkCdTrggr1,remarkcodetrigger,remarkCodeTriggerID
remarkcodebenefit,remarkCodeScheduleID,rmrkCdBnft_rmrkCdTrggr1,remarkcodetrigger,remarkCodeScheduleID
remarkcodebenefit,remarkCodeTriggerID,rmrkCdBnft_rmrkCdTrggr1,remarkcodetrigger,remarkCodeTriggerID
remarkcodebenefittype,remarkCodeScheduleID,rmrkCdBnftTyp_rmrkCdTrggr1,remarkcodetrigger,remarkCodeScheduleID
remarkcodebenefittype,remarkCodeTriggerID,rmrkCdBnftTyp_rmrkCdTrggr1,remarkcodetrigger,remarkCodeTriggerID
remarkcodebilltype,billTypeSetCatID,rmrkCdBllTyp_bllTypStCt1,billtypesetcat,billTypeSetCatID
remarkcodebilltype,remarkCodeScheduleID,rmrkCdBllTyp_rmrkCdTrggr1,remarkcodetrigger,remarkCodeScheduleID
remarkcodebilltype,remarkCodeTriggerID,rmrkCdBllTyp_rmrkCdTrggr1,remarkcodetrigger,remarkCodeTriggerID
remarkcodeclaimeditcode,remarkCodeScheduleID,rmrkCdClmdtCd_rmrkCdTrggr1,remarkcodetrigger,remarkCodeScheduleID
remarkcodeclaimeditcode,remarkCodeTriggerID,rmrkCdClmdtCd_rmrkCdTrggr1,remarkcodetrigger,remarkCodeTriggerID
remarkcodeclinicaleditresponse,remarkCodeScheduleID,rmrkCdClncldtRspns_rmrkCdTrggr1,remarkcodetrigger,remarkCodeScheduleID
remarkcodeclinicaleditresponse,remarkCodeTriggerID,rmrkCdClncldtRspns_rmrkCdTrggr1,remarkcodetrigger,remarkCodeTriggerID
remarkcodedeleg,remarkCodeScheduleID,rmrkCdDlg_rmrkCdTrggr1,remarkcodetrigger,remarkCodeScheduleID
remarkcodedeleg,remarkCodeTriggerID,rmrkCdDlg_rmrkCdTrggr1,remarkcodetrigger,remarkCodeTriggerID
remarkcodediag,diagnosisSetCatID,rmrkCdDg_dgnssStCt1,diagnosissetcat,diagnosisSetCatID
remarkcodediag,remarkCodeScheduleID,rmrkCdDg_rmrkCdTrggr1,remarkcodetrigger,remarkCodeScheduleID
remarkcodediag,remarkCodeTriggerID,rmrkCdDg_rmrkCdTrggr1,remarkcodetrigger,remarkCodeTriggerID
remarkcodedrc,remarkCodeScheduleID,rmrkCdDRC_rmrkCdTrggr1,remarkcodetrigger,remarkCodeScheduleID
remarkcodedrc,remarkCodeTriggerID,rmrkCdDRC_rmrkCdTrggr1,remarkcodetrigger,remarkCodeTriggerID
remarkcodeexpense,remarkCodeScheduleID,rmrkCdxpns_rmrkCdTrggr1,remarkcodetrigger,remarkCodeScheduleID
remarkcodeexpense,remarkCodeTriggerID,rmrkCdxpns_rmrkCdTrggr1,remarkcodetrigger,remarkCodeTriggerID
remarkcodeextprimarycarrier,remarkCodeScheduleID,rmrkCdxtPrmryCrrr_rmrkCdTrggr1,remarkcodetrigger,remarkCodeScheduleID
remarkcodeextprimarycarrier,remarkCodeTriggerID,rmrkCdxtPrmryCrrr_rmrkCdTrggr1,remarkcodetrigger,remarkCodeTriggerID
remarkcodegovtbenefittype,remarkCodeScheduleID,rmrkCdGvtBnftTyp_rmrkCdTrggr1,remarkcodetrigger,remarkCodeScheduleID
remarkcodegovtbenefittype,remarkCodeTriggerID,rmrkCdGvtBnftTyp_rmrkCdTrggr1,remarkcodetrigger,remarkCodeTriggerID
remarkcodeinternaladjustrsncd,remarkCodeScheduleID,rmrkCdntrnldjstRsnCd_rmrkCdTrggr1,remarkcodetrigger,remarkCodeScheduleID
remarkcodeinternaladjustrsncd,remarkCodeTriggerID,rmrkCdntrnldjstRsnCd_rmrkCdTrggr1,remarkcodetrigger,remarkCodeTriggerID
remarkcodelineofbusiness,lineOfBusinessID,rmrkCdLnfBsnss_lnfBsnss1,lineofbusiness,lineOfBusinessID
remarkcodelineofbusiness,remarkCodeScheduleID,rmrkCdLnfBsnss_rmrkCdTrggr1,remarkcodetrigger,remarkCodeScheduleID
remarkcodelineofbusiness,remarkCodeTriggerID,rmrkCdLnfBsnss_rmrkCdTrggr1,remarkcodetrigger,remarkCodeTriggerID
remarkcodemedpolicyrule,remarkCodeScheduleID,rmrkCdMdPlcyRl_rmrkCdTrggr1,remarkcodetrigger,remarkCodeScheduleID
remarkcodemedpolicyrule,remarkCodeTriggerID,rmrkCdMdPlcyRl_rmrkCdTrggr1,remarkcodetrigger,remarkCodeTriggerID
remarkcodemodifiercode,remarkCodeScheduleID,rmrkCdMdfrCd_rmrkCdTrggr1,remarkcodetrigger,remarkCodeScheduleID
remarkcodemodifiercode,remarkCodeTriggerID,rmrkCdMdfrCd_rmrkCdTrggr1,remarkcodetrigger,remarkCodeTriggerID
remarkcodemppr,remarkCodeScheduleID,rmrkCdMppr_rmrkCdTrggr1,remarkcodetrigger,remarkCodeScheduleID
remarkcodemppr,remarkCodeTriggerID,rmrkCdMppr_rmrkCdTrggr1,remarkcodetrigger,remarkCodeTriggerID
remarkcodempprrank,remarkCodeScheduleID,rmrkCdMpprRnk_rmrkCdTrggr1,remarkcodetrigger,remarkCodeScheduleID
remarkcodempprrank,remarkCodeTriggerID,rmrkCdMpprRnk_rmrkCdTrggr1,remarkcodetrigger,remarkCodeTriggerID
remarkcodenetwork,networkID,rmrkCdNtwrk_ntwrk1,network,networkID
remarkcodenetwork,remarkCodeScheduleID,rmrkCdNtwrk_rmrkCdTrggr1,remarkcodetrigger,remarkCodeScheduleID
remarkcodenetwork,remarkCodeTriggerID,rmrkCdNtwrk_rmrkCdTrggr1,remarkcodetrigger,remarkCodeTriggerID
remarkcodeorc,remarkCodeScheduleID,rmrkCdRC_rmrkCdTrggr1,remarkcodetrigger,remarkCodeScheduleID
remarkcodeorc,remarkCodeTriggerID,rmrkCdRC_rmrkCdTrggr1,remarkcodetrigger,remarkCodeTriggerID
remarkcodepos,placeOfServiceSetCatID,rmrkCdPs_plcfSrvcStCt1,placeofservicesetcat,placeOfServiceSetCatID
remarkcodepos,remarkCodeScheduleID,rmrkCdPs_rmrkCdTrggr1,remarkcodetrigger,remarkCodeScheduleID
remarkcodepos,remarkCodeTriggerID,rmrkCdPs_rmrkCdTrggr1,remarkcodetrigger,remarkCodeTriggerID
remarkcodepricingcomp,remarkCodeScheduleID,rmrkCdPrcngCmp_rmrkCdTrggr1,remarkcodetrigger,remarkCodeScheduleID
remarkcodepricingcomp,remarkCodeTriggerID,rmrkCdPrcngCmp_rmrkCdTrggr1,remarkcodetrigger,remarkCodeTriggerID
remarkcodepricingmethodtype,remarkCodeScheduleID,rmrkCdPrcngMthdTyp_rmrkCdTrggr1,remarkcodetrigger,remarkCodeScheduleID
remarkcodepricingmethodtype,remarkCodeTriggerID,rmrkCdPrcngMthdTyp_rmrkCdTrggr1,remarkcodetrigger,remarkCodeTriggerID
remarkcodeproc,procedureSetCatID,rmrkCdPrc_prcdrStCt1,proceduresetcat,procedureSetCatID
remarkcodeproc,remarkCodeScheduleID,rmrkCdPrc_rmrkCdTrggr1,remarkcodetrigger,remarkCodeScheduleID
remarkcodeproc,remarkCodeTriggerID,rmrkCdPrc_rmrkCdTrggr1,remarkcodetrigger,remarkCodeTriggerID
remarkcodeproceduresetcat,remarkCodeScheduleID,rmrkCdPrcdrStCt_rmrkCdTrggr1,remarkcodetrigger,remarkCodeScheduleID
remarkcodeproceduresetcat,remarkCodeTriggerID,rmrkCdPrcdrStCt_rmrkCdTrggr1,remarkcodetrigger,remarkCodeTriggerID
remarkcodeprovdesignation,remarkCodeScheduleID,rmrkCdPrvDsgntn_rmrkCdTrggr1,remarkcodetrigger,remarkCodeScheduleID
remarkcodeprovdesignation,remarkCodeTriggerID,rmrkCdPrvDsgntn_rmrkCdTrggr1,remarkcodetrigger,remarkCodeTriggerID
remarkcoderevenue,remarkCodeScheduleID,rmrkCdRvn_rmrkCdTrggr1,remarkcodetrigger,remarkCodeScheduleID
remarkcoderevenue,remarkCodeTriggerID,rmrkCdRvn_rmrkCdTrggr1,remarkcodetrigger,remarkCodeTriggerID
remarkcoderevenue,revenueSetCatID,rmrkCdRvn_rvnStCt1,revenuesetcat,revenueSetCatID
remarkcoderevenuearrangement,remarkCodeScheduleID,rmrkCdRvnrrngmnt_rmrkCdTrggr1,remarkcodetrigger,remarkCodeScheduleID
remarkcoderevenuearrangement,remarkCodeTriggerID,rmrkCdRvnrrngmnt_rmrkCdTrggr1,remarkcodetrigger,remarkCodeTriggerID
remarkcoderevenuesetcode,remarkCodeScheduleID,rmrkCdRvnStCd_rmrkCdTrggr1,remarkcodetrigger,remarkCodeScheduleID
remarkcoderevenuesetcode,remarkCodeTriggerID,rmrkCdRvnStCd_rmrkCdTrggr1,remarkcodetrigger,remarkCodeTriggerID
remarkcodeschedbrand,remarkCodeScheduleID,rmrkCdSchdBrnd_rmrkCdTrggr1,remarkcodetrigger,remarkCodeScheduleID
remarkcodeschedbrand,remarkCodeTriggerID,rmrkCdSchdBrnd_rmrkCdTrggr1,remarkcodetrigger,remarkCodeTriggerID
remarkcodeschedulenote,remarkCodeScheduleID,rmrkCdSchdlNt_rmrkCdSchdl1,remarkcodeschedule,remarkCodeScheduleID
remarkcodescheduleprov,provSpecialtySetCatID,rmrkCdSchdlPrv_prvSpcltyStCt1,provspecialtysetcat,provSpecialtySetCatID
remarkcodescheduleprov,remarkCodeScheduleID,rmrkCdSchdlPrv_rmrkCdTrggr1,remarkcodetrigger,remarkCodeScheduleID
remarkcodescheduleprov,remarkCodeTriggerID,rmrkCdSchdlPrv_rmrkCdTrggr1,remarkcodetrigger,remarkCodeTriggerID
remarkcodesitusstate,remarkCodeScheduleID,rmrkCdStsStt_rmrkCdTrggr1,remarkcodetrigger,remarkCodeScheduleID
remarkcodesitusstate,remarkCodeTriggerID,rmrkCdStsStt_rmrkCdTrggr1,remarkcodetrigger,remarkCodeTriggerID
remarkcodesurcharge,remarkCodeScheduleID,rmrkCdSrchrg_rmrkCdTrggr1,remarkcodetrigger,remarkCodeScheduleID
remarkcodesurcharge,remarkCodeTriggerID,rmrkCdSrchrg_rmrkCdTrggr1,remarkcodetrigger,remarkCodeTriggerID
remarkcodetierreason,remarkCodeScheduleID,rmrkCdTrRsn_rmrkCdTrggr1,remarkcodetrigger,remarkCodeScheduleID
remarkcodetierreason,remarkCodeTriggerID,rmrkCdTrRsn_rmrkCdTrggr1,remarkcodetrigger,remarkCodeTriggerID
remarkcodetimelyfiling,remarkCodeScheduleID,rmrkCdTmlyFlng_rmrkCdTrggr1,remarkcodetrigger,remarkCodeScheduleID
remarkcodetimelyfiling,remarkCodeTriggerID,rmrkCdTmlyFlng_rmrkCdTrggr1,remarkcodetrigger,remarkCodeTriggerID
remarkcodetrigger,remarkCode,rmrkCdTrggr_rmrkCd1,remarkcode,remarkCode
remarkcodetrigger,remarkCodeScheduleID,rmrkCdTrggr_rmrkCdSchdl1,remarkcodeschedule,remarkCodeScheduleID
remarkcodetriggerltrtemplate,postAdjudLetterTemplateID,rmrkCdTrggrLtrTmplt_pstdjdLttrTmplt1,postadjudlettertemplate,postAdjudLetterTemplateID
remarkcodetriggerltrtemplate,remarkCodeScheduleID,rmrkCdTrggrLtrTmplt_rmrkCdTrggr1,remarkcodetrigger,remarkCodeScheduleID
remarkcodetriggerltrtemplate,remarkCodeTriggerID,rmrkCdTrggrLtrTmplt_rmrkCdTrggr1,remarkcodetrigger,remarkCodeTriggerID
remarkcodevendorrecommcode,remarkCodeTriggerID,rmrkCdVndrRcmmCd_rmrkCdTrggr1,remarkcodetrigger,remarkCodeTriggerID
remarkcodevendorremarkcode,remarkCodeScheduleID,rmrkCdVndrRmrkCd_rmrkCdTrggr1,remarkcodetrigger,remarkCodeScheduleID
remarkcodevendorremarkcode,remarkCodeTriggerID,rmrkCdVndrRmrkCd_rmrkCdTrggr1,remarkcodetrigger,remarkCodeTriggerID
remarkcodevendorremarkcode,vendorRemarkCode,rmrkCdVndrRmrkCd_vndrRmrkCd1,vendorremarkcode,vendorRemarkCode
restrictionlockrsncodeauditdtl,restrictionLockReasonCode,rstrctnLckRsnCddtDtl_rstrctnLckRsnCd1,restrictionlockreasoncode,restrictionLockReasonCode
revenuebasefileuploaddetail,revenueBaseFileUploadHeaderID,rvnBsFlpldDtl_rvnBsFlpldHdr1,revenuebasefileuploadheader,revenueBaseFileUploadHeaderID
revenuecatrange,revenueCategory,rvnCtRng_rvnCtgry1,revenuecategory,revenueCategory
revenuesetcat,revenueSetID,rvnStCt_rvnSt1,revenueset,revenueSetID
revenuesetcatdetail,revenueSetCatID,rvnStCtDtl_rvnStCt1,revenuesetcat,revenueSetCatID
revenuesetcatdetail,revenueSetID,rvnStCtDtl_rvnStCt1,revenuesetcat,revenueSetID
revenuesetcatdetaildef,revenueSetCatDetailID,rvnStCtDtlDf_rvnStCtDtl1,revenuesetcatdetail,revenueSetCatDetailID
revenuesetcatdetaildef,revenueSetCatID,rvnStCtDtlDf_rvnStCtDtl1,revenuesetcatdetail,revenueSetCatID
revenuesetcatdetaildef,revenueSetID,rvnStCtDtlDf_rvnStCtDtl1,revenuesetcatdetail,revenueSetID
rhceditcodeassign,settingID,rhcdtCdssgn_gnrlClmSttngs1,generalclaimsettings,settingID
rhcroutingcodeassign,settingID,rhcRtngCdssgn_gnrlClmSttngs1,generalclaimsettings,settingID
riskconfigurationnote,riskConfigurationVersionID,rskCnfgrtnNt_rskCnfgrtn1,riskconfiguration,riskConfigurationVersionID
riskconfigurationpayee,riskConfigurationVersionID,rskCnfgrtnPy_rskCnfgrtn1,riskconfiguration,riskConfigurationVersionID
riskconfigurationpayeedtl,riskConfigurationPayeeID,rskCnfgrtnPyDtl_rskCnfgrtnPy1,riskconfigurationpayee,riskConfigurationPayeeID
riskconfigurationpayeeprov,riskConfigurationPayeeID,rskCnfgrtnPyPrv_rskCnfgrtnPy1,riskconfigurationpayee,riskConfigurationPayeeID
riskconfigurationpayeeprovcont,riskConfigurationPayeeProvID,rskCnfgrtnPyPrvCnt_rskCnfgrtnPyPrv1,riskconfigurationpayeeprov,riskConfigurationPayeeProvID
riskconfigurationpayeesysadj,riskConfigurationPayeeID,rskCnfgrtnPySysdj_rskCnfgrtnPy1,riskconfigurationpayee,riskConfigurationPayeeID
riskconfigurationpayeesysadjmg,riskConfigurationPayeeSysAdjID,rskCnfgrtnPySysdjMG_rskCnfgrtnPySysdj1,riskconfigurationpayeesysadj,riskConfigurationPayeeSysAdjID
riskconfigurationpayeesysadjpn,riskConfigurationPayeeSysAdjID,rskCnfgrtnPySysdjPn_rskCnfgrtnPySysdj1,riskconfigurationpayeesysadj,riskConfigurationPayeeSysAdjID
riskprofileriskpool,riskProfile,rskPrflRskPl_rskPrfl1,riskprofile,riskProfile
riskvalidationclaimlinescen,riskValidationClaimScenID,rskVldtnClmLnScn_rskVldtnClmScn1,riskvalidationclaimscen,riskValidationClaimScenID
riskvalidationscenoutcome,riskValidationAreaScenID,rskVldtnScntcm_rskVldtnrScn1,riskvalidationareascen,riskValidationAreaScenID
riskvalidationscenoutcome,riskValidationClaimLineScenID,rskVldtnScntcm_rskVldtnClmLnScn1,riskvalidationclaimlinescen,riskValidationClaimLineScenID
riskvalidationscenoutcomeassgn,riskValidationClaimLineScenID,rskVldtnScntcmssgn_rskVldtnClmLnScn1,riskvalidationclaimlinescen,riskValidationClaimLineScenID
riskvalidationscenoutcomeassgn,riskValidationScenOutcomeID,rskVldtnScntcmssgn_rskVldtnScntcm1,riskvalidationscenoutcome,riskValidationScenOutcomeID
riskvalidationutildetlineerror,riskValidationUtilityDetailID,rskVldtntlDtLnrrr_rskVldtntltyDtl1,riskvalidationutilitydetail,riskValidationUtilityDetailID
riskvalidationutildetlineerror,riskValidationUtilityDetailLineID,rskVldtntlDtLnrrr_rskVldtntltyDtLn1,riskvalidationutilitydetline,riskValidationUtilityDetailLineID
riskvalidationutildetlineerror,riskValidationUtilityHeaderID,rskVldtntlDtLnrrr_rskVldtntltyHdr1,riskvalidationutilityheader,riskValidationUtilityHeaderID
riskvalidationutilitydetail,riskValidationAreaScenID,rskVldtntltyDtl_rskVldtnrScn1,riskvalidationareascen,riskValidationAreaScenID
riskvalidationutilitydetail,riskValidationClaimScenID,rskVldtntltyDtl_rskVldtnClmScn1,riskvalidationclaimscen,riskValidationClaimScenID
riskvalidationutilitydetail,riskValidationUtilityHeaderID,rskVldtntltyDtl_rskVldtntltyHdr1,riskvalidationutilityheader,riskValidationUtilityHeaderID
riskvalidationutilitydetline,riskValidationScenOutcomeID,rskVldtntltyDtLn_rskVldtnScntcm1,riskvalidationscenoutcome,riskValidationScenOutcomeID
riskvalidationutilitydetline,riskValidationUtilityDetailID,rskVldtntltyDtLn_rskVldtntltyDtl1,riskvalidationutilitydetail,riskValidationUtilityDetailID
rsncodecatsubcatassign,reasonCodeCategoryID,rsnCdCtSbctssgn_ntrnldjRsnCdCtgry1,internaladjrsncodecategory,reasonCodeCategoryID
rsncodecatsubcatassign,reasonCodeSubcategoryID,rsnCdCtSbctssgn_ntrnldjRsnCdSbctgry1,internaladjrsncodesubcategory,reasonCodeSubcategoryID
rule,ruleServiceName,rl_rlSrvc1,ruleservice,ruleServiceName
ruleassign,ruleID,rlssgn_rl1,rule,ruleID
ruleassign,ruleServiceName,rlssgn_rlSrvc1,ruleservice,ruleServiceName
ruleassign,ruleSetID,rlssgn_rlSt1,ruleset,ruleSetID
rulelog,ruleLogHeaderID,rlLg_rlLgHdr1,rulelogheader,ruleLogHeaderID
rulelog,ruleServiceName,rlLg_rlSrvc1,ruleservice,ruleServiceName
rulelogheader,ruleServiceName,rlLgHdr_rlSrvc1,ruleservice,ruleServiceName
rulelogheader,ruleSetID,rlLgHdr_rlSt1,ruleset,ruleSetID
rulereturn,ruleID,rlRtrn_rl1,rule,ruleID
ruleserviceproperty,ruleServiceName,rlSrvcPrprty_rlSrvc1,ruleservice,ruleServiceName
ruleservicesetting,ruleServiceName,rlSrvcSttng_rlSrvc1,ruleservice,ruleServiceName
ruleset,ruleServiceName,rlSt_rlSrvc1,ruleservice,ruleServiceName
rulesubservice,ruleServiceName,rlSbSrvc_rlSrvc1,ruleservice,ruleServiceName
rvufileuploadstaging,rvuFileUploadHeaderID,rvFlpldStgng_rvFlpldHdr1,rvufileuploadheader,rvuFileUploadHeaderID
rxplanxrefaccum,rxPlanXrefID,rxPlnXrfccm_rxPlnXrf1,rxplanxref,rxPlanXrefID
rxplanxrefcarrierlob,carrierLineOfBusinessID,rxPlnXrfCrrrLb_crrrLnfBsnss1,carrierlineofbusiness,carrierLineOfBusinessID
rxplanxrefcarrierlob,rxPlanXrefID,rxPlnXrfCrrrLb_rxPlnXrf1,rxplanxref,rxPlanXrefID
rxplanxrefriderplan,rxPlanXrefID,rxPlnXrfRdrPln_rxPlnXrf1,rxplanxref,rxPlanXrefID
rxplanxrefstate,rxPlanXrefID,rxPlnXrfStt_rxPlnXrf1,rxplanxref,rxPlanXrefID
rxpricingschedarrangement,rxPricingSchedVersionID,rxPrcngSchdrrngmnt_rxPrcngSchd1,rxpricingsched,rxPricingSchedVersionID
rxpricingschedarrangementmail,rxPricingSchedArrangementID,rxPrcngSchdrrngmntMl_rxPrcngSchdrrngmnt1,rxpricingschedarrangement,rxPricingSchedArrangementID
rxpricingschedarrangementmail,rxPricingSchedVersionID,rxPrcngSchdrrngmntMl_rxPrcngSchd1,rxpricingsched,rxPricingSchedVersionID
rxpricingschedarrangementrtl,rxPricingSchedArrangementID,rxPrcngSchdrrngmntRtl_rxPrcngSchdrrngmnt1,rxpricingschedarrangement,rxPricingSchedArrangementID
rxpricingschedarrangementrtl,rxPricingSchedVersionID,rxPrcngSchdrrngmntRtl_rxPrcngSchd1,rxpricingsched,rxPricingSchedVersionID
rxpricingschedassign,rxPricingSetID,rxPrcngSchdssgn_rxPrcngSt1,rxpricingset,rxPricingSetID
rxpricingschednote,rxPricingSchedVersionID,rxPrcngSchdNt_rxPrcngSchd1,rxpricingsched,rxPricingSchedVersionID
rxpricingschedrxnetwork,rxPricingSchedVersionID,rxPrcngSchdRxNtwrk_rxPrcngSchd1,rxpricingsched,rxPricingSchedVersionID
rxpricingschedspecialty,rxPricingSchedVersionID,rxPrcngSchdSpclty_rxPrcngSchd1,rxpricingsched,rxPricingSchedVersionID
rxpricingsetnote,rxPricingSetID,rxPrcngStNt_rxPrcngSt1,rxpricingset,rxPricingSetID
salesofficeexternalid,salesOfficeID,slsffcxtrnlD_slsffc1,salesoffice,salesOfficeID
salesofficenote,salesOfficeID,slsffcNt_slsffc1,salesoffice,salesOfficeID
servattribsched,servicePlanID,srvttrbSchd_srvcPln1,serviceplan,servicePlanID
servcompnote,servCompVersionID,srvCmpNt_srvCmp1,servcomp,servCompVersionID
servcompserv,servCompVersionID,srvCmpSrv_srvCmp1,servcomp,servCompVersionID
servcompservdetail,servCompServID,srvCmpSrvDtl_srvCmpSrv1,servcompserv,servCompServID
servcompservdetail,servCompVersionID,srvCmpSrvDtl_srvCmpSrv1,servcompserv,servCompVersionID
servcompservdetailage,servCompServDetailID,srvCmpSrvDtlg_srvCmpSrvDtl1,servcompservdetail,servCompServDetailID
servcompservdetailage,servCompServID,srvCmpSrvDtlg_srvCmpSrvDtl1,servcompservdetail,servCompServID
servcompservdetailage,servCompVersionID,srvCmpSrvDtlg_srvCmpSrvDtl1,servcompservdetail,servCompVersionID
servcompservdetailbilltype,billTypeSetCatID,srvCmpSrvDtlBllTyp_bllTypStCt1,billtypesetcat,billTypeSetCatID
servcompservdetailbilltype,servCompServDetailID,srvCmpSrvDtlBllTyp_srvCmpSrvDtl1,servcompservdetail,servCompServDetailID
servcompservdetailbilltype,servCompServID,srvCmpSrvDtlBllTyp_srvCmpSrvDtl1,servcompservdetail,servCompServID
servcompservdetailbilltype,servCompVersionID,srvCmpSrvDtlBllTyp_srvCmpSrvDtl1,servcompservdetail,servCompVersionID
servcompservdetailbilltypecode,servCompServDetailID,srvCmpSrvDtlBllTypCd_srvCmpSrvDtl1,servcompservdetail,servCompServDetailID
servcompservdetailbilltypecode,servCompServID,srvCmpSrvDtlBllTypCd_srvCmpSrvDtl1,servcompservdetail,servCompServID
servcompservdetailbilltypecode,servCompVersionID,srvCmpSrvDtlBllTypCd_srvCmpSrvDtl1,servcompservdetail,servCompVersionID
servcompservdetaildiag,diagnosisSetCatID,srvCmpSrvDtlDg_dgnssStCt1,diagnosissetcat,diagnosisSetCatID
servcompservdetaildiag,servCompServDetailID,srvCmpSrvDtlDg_srvCmpSrvDtl1,servcompservdetail,servCompServDetailID
servcompservdetaildiag,servCompServID,srvCmpSrvDtlDg_srvCmpSrvDtl1,servcompservdetail,servCompServID
servcompservdetaildiag,servCompVersionID,srvCmpSrvDtlDg_srvCmpSrvDtl1,servcompservdetail,servCompVersionID
servcompservdetaildiagcode,servCompServDetailID,srvCmpSrvDtlDgCd_srvCmpSrvDtl1,servcompservdetail,servCompServDetailID
servcompservdetaildiagcode,servCompServID,srvCmpSrvDtlDgCd_srvCmpSrvDtl1,servcompservdetail,servCompServID
servcompservdetaildiagcode,servCompVersionID,srvCmpSrvDtlDgCd_srvCmpSrvDtl1,servcompservdetail,servCompVersionID
servcompservdetailmodifier,servCompServDetailID,srvCmpSrvDtlMdfr_srvCmpSrvDtl1,servcompservdetail,servCompServDetailID
servcompservdetailmodifier,servCompServID,srvCmpSrvDtlMdfr_srvCmpSrvDtl1,servcompservdetail,servCompServID
servcompservdetailmodifier,servCompVersionID,srvCmpSrvDtlMdfr_srvCmpSrvDtl1,servcompservdetail,servCompVersionID
servcompservdetailpos,placeOfServiceSetCatID,srvCmpSrvDtlPs_plcfSrvcStCt1,placeofservicesetcat,placeOfServiceSetCatID
servcompservdetailpos,servCompServDetailID,srvCmpSrvDtlPs_srvCmpSrvDtl1,servcompservdetail,servCompServDetailID
servcompservdetailpos,servCompServID,srvCmpSrvDtlPs_srvCmpSrvDtl1,servcompservdetail,servCompServID
servcompservdetailpos,servCompVersionID,srvCmpSrvDtlPs_srvCmpSrvDtl1,servcompservdetail,servCompVersionID
servcompservdetailposcode,servCompServDetailID,srvCmpSrvDtlPsCd_srvCmpSrvDtl1,servcompservdetail,servCompServDetailID
servcompservdetailposcode,servCompServID,srvCmpSrvDtlPsCd_srvCmpSrvDtl1,servcompservdetail,servCompServID
servcompservdetailposcode,servCompVersionID,srvCmpSrvDtlPsCd_srvCmpSrvDtl1,servcompservdetail,servCompVersionID
servcompservdetailproc,procedureSetCatID,srvCmpSrvDtlPrc_prcdrStCt1,proceduresetcat,procedureSetCatID
servcompservdetailproc,servCompServDetailID,srvCmpSrvDtlPrc_srvCmpSrvDtl1,servcompservdetail,servCompServDetailID
servcompservdetailproc,servCompServID,srvCmpSrvDtlPrc_srvCmpSrvDtl1,servcompservdetail,servCompServID
servcompservdetailproc,servCompVersionID,srvCmpSrvDtlPrc_srvCmpSrvDtl1,servcompservdetail,servCompVersionID
servcompservdetailproccode,servCompServDetailID,srvCmpSrvDtlPrcCd_srvCmpSrvDtl1,servcompservdetail,servCompServDetailID
servcompservdetailproccode,servCompServID,srvCmpSrvDtlPrcCd_srvCmpSrvDtl1,servcompservdetail,servCompServID
servcompservdetailproccode,servCompVersionID,srvCmpSrvDtlPrcCd_srvCmpSrvDtl1,servcompservdetail,servCompVersionID
servcompservdetailprovcode,servCompServDetailID,srvCmpSrvDtlPrvCd_srvCmpSrvDtl1,servcompservdetail,servCompServDetailID
servcompservdetailprovcode,servCompServID,srvCmpSrvDtlPrvCd_srvCmpSrvDtl1,servcompservdetail,servCompServID
servcompservdetailprovcode,servCompVersionID,srvCmpSrvDtlPrvCd_srvCmpSrvDtl1,servcompservdetail,servCompVersionID
servcompservdetailprovsplty,provSpecialtySetCatID,srvCmpSrvDtlPrvSplty_prvSpcltyStCt1,provspecialtysetcat,provSpecialtySetCatID
servcompservdetailprovsplty,servCompServDetailID,srvCmpSrvDtlPrvSplty_srvCmpSrvDtl1,servcompservdetail,servCompServDetailID
servcompservdetailprovsplty,servCompServID,srvCmpSrvDtlPrvSplty_srvCmpSrvDtl1,servcompservdetail,servCompServID
servcompservdetailprovsplty,servCompVersionID,srvCmpSrvDtlPrvSplty_srvCmpSrvDtl1,servcompservdetail,servCompVersionID
servcompservdetailrevcode,servCompServDetailID,srvCmpSrvDtlRvCd_srvCmpSrvDtl1,servcompservdetail,servCompServDetailID
servcompservdetailrevcode,servCompServID,srvCmpSrvDtlRvCd_srvCmpSrvDtl1,servcompservdetail,servCompServID
servcompservdetailrevcode,servCompVersionID,srvCmpSrvDtlRvCd_srvCmpSrvDtl1,servcompservdetail,servCompVersionID
servcompservdetailrevenue,revenueSetCatID,srvCmpSrvDtlRvn_rvnStCt1,revenuesetcat,revenueSetCatID
servcompservdetailrevenue,servCompServDetailID,srvCmpSrvDtlRvn_srvCmpSrvDtl1,servcompservdetail,servCompServDetailID
servcompservdetailrevenue,servCompServID,srvCmpSrvDtlRvn_srvCmpSrvDtl1,servcompservdetail,servCompServID
servcompservdetailrevenue,servCompVersionID,srvCmpSrvDtlRvn_srvCmpSrvDtl1,servcompservdetail,servCompVersionID
servcompsetdetail,servCompSetID,srvCmpStDtl_srvCmpSt1,servcompset,servCompSetID
servcompsetdetailassign,servCompSetDetailID,srvCmpStDtlssgn_srvCmpStDtl1,servcompsetdetail,servCompSetDetailID
servcompsetdetailassign,servCompSetID,srvCmpStDtlssgn_srvCmpStDtl1,servcompsetdetail,servCompSetID
servcompsetnote,servCompSetID,srvCmpStNt_srvCmpSt1,servcompset,servCompSetID
servcompvalidation,servCompVersionID,srvCmpVldtn_srvCmp1,servcomp,servCompVersionID
serviceareaaffiliation,serviceAreaID,srvcrffltn_srvcr1,servicearea,serviceAreaID
serviceareaaffiliationnetpt,serviceAreaAffiliationID,srvcrffltnNtPT_srvcrffltn1,serviceareaaffiliation,serviceAreaAffiliationID
serviceareacounty,serviceAreaID,srvcrCnty_srvcrRgn1,servicearearegion,serviceAreaID
serviceareacounty,serviceAreaRegionID,srvcrCnty_srvcrRgn1,servicearearegion,serviceAreaRegionID
serviceareanote,serviceAreaID,srvcrNt_srvcr1,servicearea,serviceAreaID
serviceareapostal,serviceAreaID,srvcrPstl_srvcrRgn1,servicearearegion,serviceAreaID
serviceareapostal,serviceAreaRegionID,srvcrPstl_srvcrRgn1,servicearearegion,serviceAreaRegionID
servicearearegion,serviceAreaID,srvcrRgn_srvcr1,servicearea,serviceAreaID
servicearearegionmodifier,serviceAreaRegionID,srvcrRgnMdfr_srvcrRgn1,servicearearegion,serviceAreaRegionID
serviceplanexternalid,servicePlanID,srvcPlnxtrnlD_srvcPln1,serviceplan,servicePlanID
serviceplanfunction,servicePlanFunctionCode,srvcPlnFnctn_srvcPlnFnctnCd1,serviceplanfunctioncode,servicePlanFunctionCode
serviceplanfunction,servicePlanID,srvcPlnFnctn_srvcPln1,serviceplan,servicePlanID
settingsnote,settingID,sttngsNt_systmGnrlSttngs1,systemgeneralsettings,settingID
settingsnotedetail,noteID,sttngsNtDtl_sttngsNt1,settingsnote,noteID
settingsnotedetail,settingID,sttngsNtDtl_sttngsNt1,settingsnote,settingID
statcorrection,statCorrectionRunID,sttCrrctn_sttCrrctnRn1,statcorrectionrun,statCorrectionRunID
stoplosspolicyaggexclopertx,stoplossPolicyPeriodAggID,stplssPlcyggxclprTx_stplssPlcyPrdgg1,stoplosspolicyperiodagg,stoplossPolicyPeriodAggID
stoplosspolicyaggexclopertx,stoplossPolicyPeriodID,stplssPlcyggxclprTx_stplssPlcyPrdgg1,stoplosspolicyperiodagg,stoplossPolicyPeriodID
stoplosspolicyaggexclopertx,stoplossPolicyVersionID,stplssPlcyggxclprTx_stplssPlcyPrdgg1,stoplosspolicyperiodagg,stoplossPolicyVersionID
stoplosspolicyindivexclopertx,stoplossPolicyPeriodID,stplssPlcyndvxclprTx_stplssPlcyPrdndv1,stoplosspolicyperiodindiv,stoplossPolicyPeriodID
stoplosspolicyindivexclopertx,stoplossPolicyPeriodIndivID,stplssPlcyndvxclprTx_stplssPlcyPrdndv1,stoplosspolicyperiodindiv,stoplossPolicyPeriodIndivID
stoplosspolicyindivexclopertx,stoplossPolicyVersionID,stplssPlcyndvxclprTx_stplssPlcyPrdndv1,stoplosspolicyperiodindiv,stoplossPolicyVersionID
stoplosspolicynote,stoplossPolicyVersionID,stplssPlcyNt_stplssPlcy1,stoplosspolicy,stoplossPolicyVersionID
stoplosspolicyperiod,stoplossPolicyVersionID,stplssPlcyPrd_stplssPlcy1,stoplosspolicy,stoplossPolicyVersionID
stoplosspolicyperiodagg,stoplossPolicyPeriodID,stplssPlcyPrdgg_stplssPlcyPrd1,stoplosspolicyperiod,stoplossPolicyPeriodID
stoplosspolicyperiodagg,stoplossPolicyVersionID,stplssPlcyPrdgg_stplssPlcyPrd1,stoplosspolicyperiod,stoplossPolicyVersionID
stoplosspolicyperiodaggend,stoplossPolicyPeriodAggID,stplssPlcyPrdggnd_stplssPlcyPrdgg1,stoplosspolicyperiodagg,stoplossPolicyPeriodAggID
stoplosspolicyperiodaggend,stoplossPolicyPeriodID,stplssPlcyPrdggnd_stplssPlcyPrdgg1,stoplosspolicyperiodagg,stoplossPolicyPeriodID
stoplosspolicyperiodaggend,stoplossPolicyVersionID,stplssPlcyPrdggnd_stplssPlcyPrdgg1,stoplosspolicyperiodagg,stoplossPolicyVersionID
stoplosspolicyperiodexclpop,stoplossPolicyPeriodID,stplssPlcyPrdxclPp_stplssPlcyPrd1,stoplosspolicyperiod,stoplossPolicyPeriodID
stoplosspolicyperiodextid,stoplossPolicyPeriodID,stplssPlcyPrdxtD_stplssPlcyPrd1,stoplosspolicyperiod,stoplossPolicyPeriodID
stoplosspolicyperiodextid,stoplossPolicyVersionID,stplssPlcyPrdxtD_stplssPlcyPrd1,stoplosspolicyperiod,stoplossPolicyVersionID
stoplosspolicyperiodindiv,stoplossPolicyPeriodID,stplssPlcyPrdndv_stplssPlcyPrd1,stoplosspolicyperiod,stoplossPolicyPeriodID
stoplosspolicyperiodindiv,stoplossPolicyVersionID,stplssPlcyPrdndv_stplssPlcyPrd1,stoplosspolicyperiod,stoplossPolicyVersionID
stoplosspolicyperiodindivend,stoplossPolicyPeriodID,stplssPlcyPrdndvnd_stplssPlcyPrdndv1,stoplosspolicyperiodindiv,stoplossPolicyPeriodID
stoplosspolicyperiodindivend,stoplossPolicyPeriodIndivID,stplssPlcyPrdndvnd_stplssPlcyPrdndv1,stoplosspolicyperiodindiv,stoplossPolicyPeriodIndivID
stoplosspolicyperiodindivend,stoplossPolicyVersionID,stplssPlcyPrdndvnd_stplssPlcyPrdndv1,stoplosspolicyperiodindiv,stoplossPolicyVersionID
stoplosspolicyvalidation,stoplossPolicyVersionID,stplssPlcyVldtn_stplssPlcy1,stoplosspolicy,stoplossPolicyVersionID
supportteamaddress,supportTeamID,spprtTmddrss_spprtTm1,supportteam,supportTeamID
supportteamaddressphone,supportTeamAddressID,spprtTmddrssPhn_spprtTmddrss1,supportteamaddress,supportTeamAddressID
supportteamaddressphone,supportTeamPhoneID,spprtTmddrssPhn_spprtTmPhn1,supportteamphone,supportTeamPhoneID
supportteameleccomm,supportTeamID,spprtTmlcCmm_spprtTm1,supportteam,supportTeamID
supportteamphone,supportTeamID,spprtTmPhn_spprtTm1,supportteam,supportTeamID
surchargeschedexcludebilltype,surchargeSchedID,srchrgSchdxcldBllTyp_srchrgSchd1,surchargesched,surchargeSchedID
surchargeschedexcludeclaimtype,surchargeSchedID,srchrgSchdxcldClmTyp_srchrgSchd1,surchargesched,surchargeSchedID
surchargeschedexcludepos,surchargeSchedID,srchrgSchdxcldPs_srchrgSchd1,surchargesched,surchargeSchedID
surchargeschednote,surchargeSchedID,srchrgSchdNt_srchrgSchd1,surchargesched,surchargeSchedID
surchargeschedprovtin,surchargeSchedID,srchrgSchdPrvTN_srchrgSchd1,surchargesched,surchargeSchedID
surchargeschedrate,surchargeSchedID,srchrgSchdRt_srchrgSchd1,surchargesched,surchargeSchedID
surchargeschedratebenefit,surchargeSchedID,srchrgSchdRtBnft_srchrgSchdRt1,surchargeschedrate,surchargeSchedID
surchargeschedratebenefit,surchargeSchedRateID,srchrgSchdRtBnft_srchrgSchdRt1,surchargeschedrate,surchargeSchedRateID
surchargeschedrateexcludegovt,surchargeSchedID,srchrgSchdRtxcldGvt_srchrgSchdRt1,surchargeschedrate,surchargeSchedID
surchargeschedrateexcludegovt,surchargeSchedRateID,srchrgSchdRtxcldGvt_srchrgSchdRt1,surchargeschedrate,surchargeSchedRateID
surchargeschedrateplan,surchargeSchedID,srchrgSchdRtPln_srchrgSchdRt1,surchargeschedrate,surchargeSchedID
surchargeschedrateplan,surchargeSchedRateID,srchrgSchdRtPln_srchrgSchdRt1,surchargeschedrate,surchargeSchedRateID
syncdatafileuploaddetail,syncDataFileUploadHeaderID,syncDtFlpldDtl_syncDtFlpldHdr1,syncdatafileuploadheader,syncDataFileUploadHeaderID
sysaddressnote,sysAddressID,sysddrssNt_sysddrss1,sysaddress,sysAddressID
sysaddresstypeassign,sysAddressID,sysddrssTypssgn_sysddrss1,sysaddress,sysAddressID
sysbillingdefaultcontropttype,sysBillingDefaultValueID,sysBllngDfltCntrptTyp_sysBllngDfltVl1,sysbillingdefaultvalue,sysBillingDefaultValueID
sysfinsettingbenefittype,finActivityCode,sysFnSttngBnftTyp_fnctvtyCd1,finactivitycode,finActivityCode
sysfinsettingbenefittype,settingID,sysFnSttngBnftTyp_sysFnSttng1,sysfinsetting,settingID
sysfinsettingbillitemtype,finActivityCode,sysFnSttngBlltmTyp_fnctvtyCd1,finactivitycode,finActivityCode
sysfinsettingbillitemtype,settingID,sysFnSttngBlltmTyp_sysFnSttng1,sysfinsetting,settingID
sysfinsettingchecksummarymsg,settingID,sysFnSttngChckSmmryMsg_sysFnSttng1,sysfinsetting,settingID
sysfinsettingfinattribsched,finAttribSchedID,sysFnSttngFnttrbSchd_fnttrbSchd1,finattribsched,finAttribSchedID
sysfinsettingfinattribsched,settingID,sysFnSttngFnttrbSchd_sysFnSttng1,sysfinsetting,settingID
sysfinsettingfinattribschedap,sysFinSettingFinAttribSchedID,sysFnSttngFnttrbSchdP_sysFnSttngFnttrbSchd1,sysfinsettingfinattribsched,sysFinSettingFinAttribSchedID
sysfinsettingfpplantype,finActivityCode,sysFnSttngFPPlnTyp_fnctvtyCd1,finactivitycode,finActivityCode
sysfinsettingfpplantype,settingID,sysFnSttngFPPlnTyp_sysFnSttng1,sysfinsetting,settingID
sysfinsettinginterest,finActivityCode,sysFnSttngntrst_fnctvtyCd1,finactivitycode,finActivityCode
sysfinsettinginterest,settingID,sysFnSttngntrst_sysFnSttng1,sysfinsetting,settingID
sysfinsettingledgerentrytxtype,settingID,sysFnSttngLdgrntryTxTyp_sysFnSttng1,sysfinsetting,settingID
sysfinsettingnote,settingID,sysFnSttngNt_sysFnSttng1,sysfinsetting,settingID
sysfinsettingrecon,settingID,sysFnSttngRcn_sysFnSttng1,sysfinsetting,settingID
sysfinsettingreconibnr,settingID,sysFnSttngRcnbnr_sysFnSttng1,sysfinsetting,settingID
sysfinsettingreconibnr,sysFinSettingReconID,sysFnSttngRcnbnr_sysFnSttngRcn1,sysfinsettingrecon,sysFinSettingReconID
sysfinsettingreportutil,settingID,sysFnSttngRprttl_sysFnSttng1,sysfinsetting,settingID
sysfinsettingruleserv,settingID,sysFnSttngRlSrv_sysFnSttng1,sysfinsetting,settingID
sysfinsettingsurcharge,finActivityCode,sysFnSttngSrchrg_fnctvtyCd1,finactivitycode,finActivityCode
sysfinsettingsurcharge,settingID,sysFnSttngSrchrg_sysFnSttng1,sysfinsetting,settingID
sysmemgroupsettingsclaimfund,settingID,sysMmGrpSttngsClmFnd_sysMmGrpSttngs1,sysmemgroupsettings,settingID
sysmgdefeventtrigsetcontopttyp,sysMemGroupDefEventTriggerSetID,sysMGDfvntTrgStCntptTyp_sysMmGrpDfvntTrggrSt1,sysmemgroupdefeventtriggerset,sysMemGroupDefEventTriggerSetID
sysmgdefeventtrigsetfundsrc,sysMemGroupDefEventTriggerSetID,sysMGDfvntTrgStFndSrc_sysMmGrpDfvntTrggrSt1,sysmemgroupdefeventtriggerset,sysMemGroupDefEventTriggerSetID
sysmgdefeventtrigsetorgtype,sysMemGroupDefEventTriggerSetID,sysMGDfvntTrgStrgTyp_sysMmGrpDfvntTrggrSt1,sysmemgroupdefeventtriggerset,sysMemGroupDefEventTriggerSetID
sysmgdefeventtrigsetparentmg,sysMemGroupDefEventTriggerSetID,sysMGDfvntTrgStPrntMG_sysMmGrpDfvntTrggrSt1,sysmemgroupdefeventtriggerset,sysMemGroupDefEventTriggerSetID
sysmgdefeventtrigsetrevarr,sysMemGroupDefEventTriggerSetID,sysMGDfvntTrgStRvrr_sysMmGrpDfvntTrggrSt1,sysmemgroupdefeventtriggerset,sysMemGroupDefEventTriggerSetID
sysmgdefeventtrigsetsizedeftyp,sysMemGroupDefEventTriggerSetID,sysMGDfvntTrgStSzDfTyp_sysMmGrpDfvntTrggrSt1,sysmemgroupdefeventtriggerset,sysMemGroupDefEventTriggerSetID
sysmgdefeventtrigsetstate,sysMemGroupDefEventTriggerSetID,sysMGDfvntTrgStStt_sysMmGrpDfvntTrggrSt1,sysmemgroupdefeventtriggerset,sysMemGroupDefEventTriggerSetID
sysphonenumberlanguage,sysPhoneNumberID,sysPhnNmbrLngg_sysPhnNmbr1,sysphonenumber,sysPhoneNumberID
sysphonenumbernote,sysPhoneNumberID,sysPhnNmbrNt_sysPhnNmbr1,sysphonenumber,sysPhoneNumberID
systemcontactaddress,contactNum,systmCntctddrss_systmCntctNm1,systemcontactname,contactNum
systemcontactaddress,departmentCode,systmCntctddrss_systmCntctNm1,systemcontactname,departmentCode
systemcontactaddress,systemID,systmCntctddrss_systmCntctNm1,systemcontactname,systemID
systemcontactdepartment,systemID,systmCntctDprtmnt_systm_tbl1,system_tbl,systemID
systemcontactname,departmentCode,systmCntctNm_systmCntctDprtmnt1,systemcontactdepartment,departmentCode
systemcontactname,systemID,systmCntctNm_systmCntctDprtmnt1,systemcontactdepartment,systemID
systemcontactphone,contactNum,systmCntctPhn_systmCntctNm1,systemcontactname,contactNum
systemcontactphone,departmentCode,systmCntctPhn_systmCntctNm1,systemcontactname,departmentCode
systemcontactphone,systemID,systmCntctPhn_systmCntctNm1,systemcontactname,systemID
systemdepartmentaddress,departmentCode,systmDprtmntddrss_systmCntctDprtmnt1,systemcontactdepartment,departmentCode
systemdepartmentaddress,systemID,systmDprtmntddrss_systmCntctDprtmnt1,systemcontactdepartment,systemID
systemdepartmenthours,departmentCode,systmDprtmntHrs_systmCntctDprtmnt1,systemcontactdepartment,departmentCode
systemdepartmenthours,systemID,systmDprtmntHrs_systmCntctDprtmnt1,systemcontactdepartment,systemID
systemdepartmentphone,departmentCode,systmDprtmntPhn_systmCntctDprtmnt1,systemcontactdepartment,departmentCode
systemdepartmentphone,systemID,systmDprtmntPhn_systmCntctDprtmnt1,systemcontactdepartment,systemID
systemediresponseloop,systemEDIResponseID,systmDRspnsLp_systmDRspns1,systemediresponse,systemEDIResponseID
systemediresponsestatus,systemEDIResponseLoopID,systmDRspnsStts_systmDRspnsLp1,systemediresponseloop,systemEDIResponseLoopID
systemfederal,systemID,systmFdrl_systm_tbl1,system_tbl,systemID
systemgeneralsettings,serviceAreaID,systmGnrlSttngs_srvcr1,servicearea,serviceAreaID
systempermit,systemID,systmPrmt_systm_tbl1,system_tbl,systemID
systemstate,systemID,systmStt_systm_tbl1,system_tbl,systemID
systemworkhours,contactNum,systmWrkHrs_systmCntctNm1,systemcontactname,contactNum
systemworkhours,departmentCode,systmWrkHrs_systmCntctNm1,systemcontactname,departmentCode
systemworkhours,systemID,systmWrkHrs_systmCntctNm1,systemcontactname,systemID
taxonomybasefileuploaddetail,taxonomyBaseFileUploadHeaderID,txnmyBsFlpldDtl_txnmyBsFlpldHdr1,taxonomybasefileuploadheader,taxonomyBaseFileUploadHeaderID
taxtypecode,finActivityCode,txTypCd_fnctvtyCd1,finactivitycode,finActivityCode
thresholdparameterdetail,thresholdParameterID,thrshldPrmtrDtl_thrshldPrmtr1,thresholdparameter,thresholdParameterID
timelyfilingscheddetail,timelyFilingSchedID,tmlyFlngSchdDtl_tmlyFlngSchd1,timelyfilingsched,timelyFilingSchedID
timelyfilingscheddetailbencode,timelyFilingSchedDetailID,tmlyFlngSchdDtlBnCd_tmlyFlngSchdDtl1,timelyfilingscheddetail,timelyFilingSchedDetailID
timelyfilingscheddetailbencode,timelyFilingSchedID,tmlyFlngSchdDtlBnCd_tmlyFlngSchd1,timelyfilingsched,timelyFilingSchedID
timelyfilingschednote,timelyFilingSchedID,tmlyFlngSchdNt_tmlyFlngSchd1,timelyfilingsched,timelyFilingSchedID
timelyfilingschedvalidation,timelyFilingSchedID,tmlyFlngSchdVldtn_tmlyFlngSchd1,timelyfilingsched,timelyFilingSchedID
tradingpartnerconfigexclusion,tradingPartnerConfigID,trdngPrtnrCnfgxclsn_trdngPrtnrCnfg1,tradingpartnerconfig,tradingPartnerConfigID
tradingpartnerconfigpayermap,tradingPartnerConfigID,trdngPrtnrCnfgPyrMp_trdngPrtnrCnfg1,tradingpartnerconfig,tradingPartnerConfigID
tradingpartnerprofile,tradingPartnerID,trdngPrtnrPrfl_trdngPrtnr1,tradingpartner,tradingPartnerID
tradingpartnerprofileextid,tradingPartnerID,trdngPrtnrPrflxtD_trdngPrtnr1,tradingpartner,tradingPartnerID
tradingpartnerprofileextid,tradingPartnerProfileExtIDSetID,trdngPrtnrPrflxtD_trdngPrtnrPrflxtDSt1,tradingpartnerprofileextidset,tradingPartnerProfileExtIDSetID
tradingpartnerprofileextid,tradingPartnerProfileID,trdngPrtnrPrflxtD_trdngPrtnrPrfl1,tradingpartnerprofile,tradingPartnerProfileID
tradingpartnerprofileextidset,tradingPartnerID,trdngPrtnrPrflxtDSt_trdngPrtnr1,tradingpartner,tradingPartnerID
tradingpartnerprofileextidset,tradingPartnerProfileID,trdngPrtnrPrflxtDSt_trdngPrtnrPrfl1,tradingpartnerprofile,tradingPartnerProfileID
useraddress,userID,srddrss_srTbl1,usertable,userID
usercredential,userID,srCrdntl_srTbl1,usertable,userID
userdatasecuritygroup,dataSecurityGroupID,srDtScrtyGrp_dtScrtyGrp1,datasecuritygroup,dataSecurityGroupID
userdatasecuritygroup,userID,srDtScrtyGrp_srTbl1,usertable,userID
usergroupuser,userID,srGrpsr_srTbl1,usertable,userID
userpymntapprvlthresholddtl,userPymntApprvlThresholdID,srPymntpprvlThrshldDtl_srPymntpprvlThrshld1,userpymntapprvlthreshold,userPymntApprvlThresholdID
userpymntapprvlthrsddtlusergrp,userPymntApprvlThresholdDtlID,srPymntpprvlThrsdDtlsrGrp_srPymntpprvlThrshldDtl1,userpymntapprvlthresholddtl,userPymntApprvlThresholdDtlID
userqualitysettings,userID,srQltySttngs_srTbl1,usertable,userID
usersecurityfileuploaddetail,userSecurityFileUploadHeaderID,srScrtyFlpldDtl_srScrtyFlpldHdr1,usersecurityfileuploadheader,userSecurityFileUploadHeaderID
userskillassignfilequeuegrpref,userSkillAssignFileUploadHdrID,srSkllssgnFlQGrpRf_srSkllssgnFlpldHdr1,userskillassignfileuploadhdr,userSkillAssignFileUploadHdrID
userskillassignfileuploaddtl,userSkillAssignFileUploadHdrID,srSkllssgnFlpldDtl_srSkllssgnFlpldHdr1,userskillassignfileuploadhdr,userSkillAssignFileUploadHdrID
userskillassignref,queueGroupUserSkillAssignID,srSkllssgnRf_qGrpsrSkllssgn1,queuegroupuserskillassign,queueGroupUserSkillAssignID
usertelephone,userID,srTlphn_srTbl1,usertable,userID
utilattribsched,utilizationPlanID,tlttrbSchd_tlztnPln1,utilizationplan,utilizationPlanID
utilizationplanexternalid,utilizationPlanID,tlztnPlnxtrnlD_tlztnPln1,utilizationplan,utilizationPlanID
utilizationplansettings,utilizationPlanID,tlztnPlnSttngs_tlztnPln1,utilizationplan,utilizationPlanID
vendoraccounts,vendorID,vndrccnts_vndr1,vendor,vendorID
vendoraddress,vendorID,vndrddrss_vndr1,vendor,vendorID
vendorcontactaddress,contactNum,vndrCntctddrss_vndrCntctNm1,vendorcontactname,contactNum
vendorcontactaddress,departmentCode,vndrCntctddrss_vndrCntctNm1,vendorcontactname,departmentCode
vendorcontactaddress,vendorID,vndrCntctddrss_vndrCntctNm1,vendorcontactname,vendorID
vendorcontactdepartment,vendorID,vndrCntctDprtmnt_vndr1,vendor,vendorID
vendorcontactname,departmentCode,vndrCntctNm_vndrCntctDprtmnt1,vendorcontactdepartment,departmentCode
vendorcontactname,vendorID,vndrCntctNm_vndrCntctDprtmnt1,vendorcontactdepartment,vendorID
vendorcontactphone,contactNum,vndrCntctPhn_vndrCntctNm1,vendorcontactname,contactNum
vendorcontactphone,departmentCode,vndrCntctPhn_vndrCntctNm1,vendorcontactname,departmentCode
vendorcontactphone,vendorID,vndrCntctPhn_vndrCntctNm1,vendorcontactname,vendorID
vendordba,vendorID,vndrDB_vndr1,vendor,vendorID
vendordbaaddress,vendorAddressID,vndrDBddrss_vndrddrss1,vendoraddress,vendorAddressID
vendordbaaddress,vendorDBAID,vndrDBddrss_vndrDB1,vendordba,vendorDBAID
vendordbasettings,vendorDBAID,vndrDBSttngs_vndrDB1,vendordba,vendorDBAID
vendordbasettings,vendorSettingsID,vndrDBSttngs_vndrSttngs1,vendorsettings,vendorSettingsID
vendordbatin,entityTINAssignmentID,vndrDBTn_nttyTNssgnmnt1,entitytinassignment,entityTINAssignmentID
vendordbatin,vendorDBAID,vndrDBTn_vndrDB1,vendordba,vendorDBAID
vendordepartmentaddress,departmentCode,vndrDprtmntddrss_vndrCntctDprtmnt1,vendorcontactdepartment,departmentCode
vendordepartmentaddress,vendorID,vndrDprtmntddrss_vndrCntctDprtmnt1,vendorcontactdepartment,vendorID
vendordepartmenthours,departmentCode,vndrDprtmntHrs_vndrCntctDprtmnt1,vendorcontactdepartment,departmentCode
vendordepartmenthours,vendorID,vndrDprtmntHrs_vndrCntctDprtmnt1,vendorcontactdepartment,vendorID
vendordepartmentphone,departmentCode,vndrDprtmntPhn_vndrCntctDprtmnt1,vendorcontactdepartment,departmentCode
vendordepartmentphone,vendorID,vndrDprtmntPhn_vndrCntctDprtmnt1,vendorcontactdepartment,vendorID
vendornoresponsereceivedaction,vendorID,vndrNRspnsRcvdctn_vndr1,vendor,vendorID
vendornoresponsereceivedaction,vendorRecommendationCodeExtID,vndrNRspnsRcvdctn_vndrRcmmndtnCdxt1,vendorrecommendationcodeext,vendorRecommendationCodeExtID
vendornoresponsereceivedaction,vendorRecommendationCodeID,vndrNRspnsRcvdctn_vndrRcmmndtnCd1,vendorrecommendationcode,vendorRecommendationCodeID
vendornote,vendorID,vndrNt_vndr1,vendor,vendorID
vendorpermit,vendorID,vndrPrmt_vndr1,vendor,vendorID
vendorrecommendationcode,vendorID,vndrRcmmndtnCd_vndr1,vendor,vendorID
vendorrecommendationcodeext,vendorID,vndrRcmmndtnCdxt_vndr1,vendor,vendorID
vendorrecommendationcodeext,vendorRecommendationCodeID,vndrRcmmndtnCdxt_vndrRcmmndtnCd1,vendorrecommendationcode,vendorRecommendationCodeID
vendorrecommendationcodeextltr,vendorRecommendationCodeExtID,vndrRcmmndtnCdxtLtr_vndrRcmmndtnCdxt1,vendorrecommendationcodeext,vendorRecommendationCodeExtID
vendorresponsereceivedaction,vendorID,vndrRspnsRcvdctn_vndr1,vendor,vendorID
vendorresponsereceivedaction,vendorRecommendationCodeExtID,vndrRspnsRcvdctn_vndrRcmmndtnCdxt1,vendorrecommendationcodeext,vendorRecommendationCodeExtID
vendorresponsereceivedaction,vendorRecommendationCodeID,vndrRspnsRcvdctn_vndrRcmmndtnCd1,vendorrecommendationcode,vendorRecommendationCodeID
vendorsettings,vendorID,vndrSttngs_vndr1,vendor,vendorID
vendorworkhours,contactNum,vndrWrkHrs_vndrCntctNm1,vendorcontactname,contactNum
vendorworkhours,departmentCode,vndrWrkHrs_vndrCntctNm1,vendorcontactname,departmentCode
vendorworkhours,vendorID,vndrWrkHrs_vndrCntctNm1,vendorcontactname,vendorID
visionencounterfiledetailreq,visionEncounterFileHeaderReqID,vsnncntrFlDtlRq_vsnncntrFlHdrRq1,visionencounterfileheaderreq,visionEncounterFileHeaderReqID
workgroupcriteria,workGroupID,wrkGrpCrtr_wrkGrp1,workgroup,workGroupID
workgroupuser,workGroupID,wrkGrpsr_wrkGrp1,workgroup,workGroupID
zipcodecountyfileuploaddetail,zipCodeFileUploadHeaderID,zpCdCntyFlpldDtl_zpCdFlpldHdr1,zipcodefileuploadheader,zipCodeFileUploadHeaderID
zipcodefileuploaddetail,zipCodeFileUploadHeaderID,zpCdFlpldDtl_zpCdFlpldHdr1,zipcodefileuploadheader,zipCodeFileUploadHeaderID
